Abanda	33.091627	-85.527029
Abbeville	31.564706	-85.259121
Adamsville	33.602315	-86.971527
Addison	34.202681	-87.178004
Akron	32.879066	-87.740899
Alabaster	33.214355	-86.82308
Albertville	34.26313	-86.21066
Alexander City	32.916719	-85.940589
Alexandria	33.760819	-85.872008
Aliceville	33.123706	-88.159344
Allgood	33.907623	-86.516109
Altoona	34.040014	-86.305179
Andalusia	31.309436	-86.478031
Anderson	34.915675	-87.274274
Anniston	33.673469	-85.810891
Arab	34.332387	-86.501167
Ardmore	34.987838	-86.829022
Argo	33.691018	-86.505281
Ariton	31.597772	-85.713061
Arley	34.076234	-87.217831
Ashford	31.185284	-85.236236
Ashland	33.269892	-85.833706
Ashville	33.835197	-86.270015
Athens	34.779021	-86.950799
Atmore	31.124067	-87.457798
Attalla	33.986189	-86.121037
Auburn	32.607806	-85.494746
Autaugaville	32.432563	-86.658752
Avon	31.179727	-85.279211
Axis	30.922171	-88.02262
Babbie	31.302083	-86.319437
Baileyton	34.260858	-86.608788
Bakerhill	31.776923	-85.295408
Ballplay	34.023047	-85.801478
Banks	31.813264	-85.836434
Bay Minette	30.894436	-87.791306
Bayou La Batre	30.407586	-88.263271
Bear Creek	34.255481	-87.713399
Beatrice	31.733309	-87.209046
Beaverton	33.935411	-88.021778
Belgreen	34.47454	-87.861678
Belk	33.651641	-87.92861
Bellamy	32.463658	-88.131481
Belle Fontaine	30.489492	-88.10594
Benton	32.307931	-86.817546
Berlin	34.185005	-86.748955
Berry	33.666702	-87.609311
Bessemer	33.370858	-86.971522
Billingsley	32.664711	-86.706713
Birmingham	33.527174	-86.797036
Black	31.00977	-85.74442
Blountsville	34.075838	-86.583918
Blue Ridge	32.4989	-86.182436
Blue Springs	31.663516	-85.503526
Boaz	34.19902	-86.155151
Boligee	32.768081	-88.02859
Bon Air	33.25937	-86.327148
Bon Secour	30.318246	-87.72439
Boykin	32.068375	-87.294343
Brantley	31.581992	-86.256784
Brantleyville	33.219303	-86.882522
Brent	32.944893	-87.172088
Brewton	31.109175	-87.076583
Bridgeport	34.949312	-85.723765
Brighton	33.439551	-86.945404
Brilliant	34.025671	-87.769047
Bristow Cove	34.109216	-86.240993
Brook Highland	33.438035	-86.685262
Brookside	33.634617	-86.906314
Brookwood	33.239842	-87.331488
Broomtown	34.365728	-85.532112
Brundidge	31.717639	-85.81755
Bucks	31.016881	-88.026385
Butler	32.096479	-88.210781
Calera	33.122319	-86.745644
Calvert	31.149898	-88.021549
Camden	31.998493	-87.28895
Camp Hill	32.797327	-85.655833
Carbon Hill	33.894991	-87.522078
Cardiff	33.64729	-86.930637
Carlisle-Rockledge	34.114451	-86.124073
Carlton	31.348571	-87.835666
Carolina	31.23415	-86.521001
Carrollton	33.261903	-88.095071
Castleberry	31.299678	-87.029129
Catherine	32.18617	-87.469978
Cedar Bluff	34.221422	-85.588565
Center Point	33.643903	-86.684567
Centre	34.153059	-85.671683
Centreville	32.958967	-87.132043
Chatom	31.469145	-88.246019
Chelsea	33.309007	-86.635139
Cherokee	34.7577	-87.965589
Chickasaw	30.77145	-88.079697
Childersburg	33.292549	-86.340844
Choccolocco	33.667728	-85.707191
Chunchula	30.927194	-88.2082
Citronelle	31.097269	-88.249843
Clanton	32.845572	-86.619494
Clay	33.696583	-86.608182
Clayhatchee	31.236925	-85.721478
Clayton	31.882277	-85.460454
Cleveland	34.002179	-86.561352
Clio	31.708516	-85.611039
Coaling	33.169901	-87.349887
Coats Bend	34.073273	-85.874602
Coffee Springs	31.165836	-85.910898
Coffeeville	31.766564	-88.086049
Coker	33.243752	-87.681329
Collinsville	34.267224	-85.86861
Colony	33.941393	-86.902001
Columbia	31.295351	-85.110202
Columbiana	33.191452	-86.615618
Concord	33.461988	-87.040429
Coosada	32.495394	-86.326543
Cordova	33.761788	-87.199416
Cottondale	33.193047	-87.454861
Cottonwood	31.054033	-85.29956
County Line	33.818902	-86.714706
Courtland	34.669946	-87.327892
Cowarts	31.206248	-85.309769
Creola	30.874249	-88.009536
Crossville	34.282697	-85.999737
Cuba	32.440733	-88.374798
Cullman	34.17687	-86.840656
Cullomburg	31.713061	-88.291774
Cusseta	32.787637	-85.305769
Dadeville	32.826114	-85.776201
Daleville	31.291534	-85.711711
Daphne	30.626072	-87.881783
Dauphin Island	30.250913	-88.171268
Daviston	33.056839	-85.634329
Dayton	32.350958	-87.641573
Deatsville	32.589044	-86.389059
Decatur	34.572995	-86.989901
Deer Park	31.218369	-88.328023
Delta	33.440524	-85.675905
Demopolis	32.499744	-87.826678
Detroit	34.027379	-88.167831
Dodge City	34.043275	-86.885524
Dora	33.728116	-87.081292
Dothan	31.233698	-85.406823
Double Springs	34.149648	-87.389447
Douglas	34.168258	-86.323386
Dozier	31.505407	-86.369235
Dunnavant	33.495171	-86.540245
Dutton	34.606152	-85.91185
Eagle Point	33.400912	-86.676753
East Brewton	31.09144	-87.055345
East Point	34.191206	-86.79225
Eclectic	32.640222	-86.041062
Edgewater	33.530099	-86.95279
Edwardsville	33.88374	-85.414124
Egypt	34.075938	-86.165054
Elba	31.417218	-86.077115
Elberta	30.373753	-87.595729
Eldridge	33.923053	-87.622869
Elkmont	34.932604	-86.976971
Elmore	32.556606	-86.341025
Emelle	32.728678	-88.316486
Emerald Mountain	32.447694	-86.094381
Enterprise	31.326898	-85.844021
Epes	32.695049	-88.141963
Equality	32.765659	-86.123185
Ethelsville	33.414066	-88.216093
Eufaula	31.909937	-85.152709
Eunola	31.031391	-85.833966
Eutaw	32.846247	-87.900332
Eva	34.326504	-86.765318
Evergreen	31.433216	-86.976081
Excel	31.426386	-87.343663
Fairfield	33.474802	-86.919407
Fairford	31.178002	-88.072784
Fairhope	30.52092	-87.879122
Fairview	34.250195	-86.677724
Falkville	34.377019	-86.909547
Faunsdale	32.457614	-87.593789
Fayette	33.694215	-87.831169
Fayetteville	33.168097	-86.442774
Fitzpatrick	32.210377	-85.873693
Five Points	33.017311	-85.351592
Flomaton	31.014816	-87.256016
Florala	31.022391	-86.318152
Florence	34.830323	-87.666139
Foley	30.397009	-87.664211
Forestdale	33.573701	-86.900047
Forkland	32.647435	-87.867436
Fort Deposit	31.986261	-86.566359
Fort Payne	34.457329	-85.689447
Fort Rucker	31.342576	-85.716072
Franklin	32.452693	-85.78541
Fredonia	32.983577	-85.292306
Frisco City	31.439485	-87.404182
Fruitdale	31.34979	-88.410937
Fruithurst	33.729539	-85.431249
Fulton	31.790989	-87.744212
Fultondale	33.617363	-86.801436
Fyffe	34.448957	-85.905167
Gadsden	34.006597	-86.016078
Gainesville	32.814934	-88.160791
Gallant	34.001318	-86.230171
Gantt	31.41074	-86.483524
Garden City	34.014688	-86.749054
Gardendale	33.676587	-86.809844
Gaylesville	34.267444	-85.561248
Geiger	32.868715	-88.318154
Geneva	31.044886	-85.876818
Georgiana	31.639134	-86.746762
Geraldine	34.359087	-86.002579
Gilbertown	31.866247	-88.307545
Glen Allen	33.892108	-87.732682
Glencoe	33.948339	-85.933606
Glenwood	31.671266	-86.173687
Goldville	33.084867	-85.777982
Good Hope	34.110689	-86.867104
Goodwater	33.060713	-86.052486
Gordo	33.322286	-87.903681
Gordon	31.143606	-85.092504
Gordonville	32.159179	-86.704235
Goshen	31.720015	-86.123245
Graham	33.455191	-85.323085
Grand Bay	30.472082	-88.344401
Grant	34.518173	-86.26043
Grayson Valley	33.646568	-86.641942
Graysville	33.633756	-86.941398
Greensboro	32.700968	-87.5937
Greenville	31.843072	-86.636951
Grimes	31.299869	-85.45029
Grove Hill	31.69867	-87.772868
Guin	33.98322	-87.902363
Gulfcrest	30.991106	-88.242231
Gulf Shores	30.275837	-87.701258
Guntersville	34.367947	-86.252323
Gurley	34.701364	-86.380271
Gu-Win	33.94433	-87.870376
Hackleburg	34.269355	-87.830402
Hackneyville	33.054654	-85.934423
Haleburg	31.409976	-85.138068
Haleyville	34.233832	-87.617574
Hamilton	34.138713	-87.970833
Hammondville	34.566232	-85.640348
Hanceville	34.06401	-86.764436
Hanover	33.002922	-86.200931
Harpersville	33.317725	-86.428431
Hartford	31.105348	-85.691225
Hartselle	34.440434	-86.940364
Harvest	34.85507	-86.758643
Hatton	34.560671	-87.413835
Hayden	33.894514	-86.744224
Hayneville	32.182595	-86.578588
Hazel Green	34.923656	-86.567392
Headland	31.354974	-85.357031
Heath	31.344839	-86.46905
Heflin	33.6474	-85.569339
Helena	33.283424	-86.879177
Henagar	34.630641	-85.730918
Highland Lake	33.894586	-86.422553
Highland Lakes	33.397611	-86.64792
Hillsboro	34.642586	-87.178489
Hissop	32.890568	-86.129601
Hobson	31.488725	-88.150928
Hobson City	33.618801	-85.846146
Hodges	34.334246	-87.92316
Hokes Bluff	33.989682	-85.862873
Hollins	33.121757	-86.126967
Hollis Crossroads	33.531333	-85.652862
Holly Pond	34.167686	-86.612067
Hollywood	34.717279	-85.965579
Holt	33.229745	-87.482894
Holtville	32.630299	-86.328004
Homewood	33.45855	-86.80965
Hoover	33.37903	-86.808905
Horn Hill	31.238137	-86.325163
Hueytown	33.408604	-87.016565
Huguley	32.843062	-85.239635
Huntsville	34.69772	-86.67667
Hurtsboro	32.24009	-85.41467
Hytop	34.896635	-86.089176
Ider	34.702599	-85.668958
Indian Springs Village	33.361209	-86.746856
Irondale	33.539914	-86.659082
Ivalee	34.037204	-86.147182
Jackson	31.532321	-87.891183
Jacksons' Gap	32.884019	-85.815046
Jacksonville	33.810066	-85.755217
Jasper	33.85111	-87.268348
Jemison	32.970705	-86.73307
Joppa	34.29955	-86.549946
Kansas	33.902808	-87.556598
Kellyton	32.979188	-86.034608
Kennedy	33.580722	-87.9855
Killen	34.860954	-87.529346
Kimberly	33.776989	-86.800211
Kinsey	31.296269	-85.334994
Kinston	31.219604	-86.170075
Ladonia	32.459709	-85.090423
La Fayette	32.899427	-85.400795
Lakeview	34.391675	-85.975573
Lake View	33.288266	-87.132653
Lanett	32.858649	-85.207788
Langston	34.545063	-86.09335
Leeds	33.546847	-86.571448
Leesburg	34.178627	-85.777897
Leighton	34.69368	-87.524282
Leroy	31.494971	-87.972773
Lester	34.982751	-87.155534
Level Plains	31.307125	-85.768722
Lexington	34.959351	-87.37283
Libertyville	31.24005	-86.456955
Lillian	30.418904	-87.420751
Lincoln	33.580169	-86.127876
Linden	32.30136	-87.792583
Lineville	33.312832	-85.752278
Lipscomb	33.426005	-86.926103
Lisman	32.171729	-88.284092
Littleville	34.595121	-87.670729
Livingston	32.595549	-88.186929
Loachapoka	32.607946	-85.598479
Lockhart	31.013011	-86.350273
Locust Fork	33.876794	-86.647093
Lookout Mountain	34.115916	-85.965464
Louisville	31.781047	-85.558336
Lowndesboro	32.276422	-86.610848
Loxley	30.684588	-87.739213
Luverne	31.718941	-86.269082
Lynn	34.057591	-87.548643
McCalla	33.303112	-87.02666
McDonald Chapel	33.518576	-86.938462
Macedonia	33.403139	-88.239221
McIntosh	31.264957	-88.028369
McKenzie	31.54647	-86.725954
McMullen	33.1481	-88.175749
Madison	34.710533	-86.76228
Madrid	31.035635	-85.399205
Magnolia Springs	30.40341	-87.775895
Malcolm	31.198806	-88.000624
Malvern	31.143698	-85.522973
Maplesville	32.784391	-86.879694
Marbury	32.672984	-86.463728
Margaret	33.672861	-86.463942
Marion	32.631968	-87.317333
Maytown	33.549954	-87.000043
Meadowbrook	33.395235	-86.704373
Megargel	31.378141	-87.430649
Memphis	33.137044	-88.305942
Mentone	34.563209	-85.589704
Meridianville	34.874913	-86.580559
Midfield	33.455272	-86.922414
Midland City	31.315675	-85.493674
Midway	32.076373	-85.524417
Mignon	33.18658	-86.256886
Millbrook	32.501474	-86.373914
Millerville	33.191458	-85.929828
Millport	33.555935	-88.082382
Millry	31.621199	-88.327956
Minor	33.539011	-86.940073
Mobile	30.668426	-88.100226
Monroeville	31.516223	-87.327714
Montevallo	33.126053	-86.847702
Montgomery	32.348503	-86.267307
Moody	33.603429	-86.493786
Moores Mill	34.852143	-86.52038
Mooresville	34.625883	-86.880025
Morris	33.746223	-86.800755
Morrison Crossroads	33.417996	-85.488284
Mosses	32.188758	-86.679435
Moulton	34.488302	-87.282707
Moundville	32.996542	-87.627545
Mountain Brook	33.491488	-86.73447
Mount Olive	33.078454	-86.13304
Mount Olive	33.669286	-86.87549
Mount Vernon	31.087727	-88.013166
Movico	31.062763	-88.026619
Mulga	33.556313	-86.972304
Munford	33.527644	-85.953809
Muscle Shoals	34.742657	-87.633767
Myrtlewood	32.252088	-87.949261
Nanafalia	32.111393	-87.995757
Nances Creek	33.855501	-85.669104
Napier Field	31.314925	-85.454929
Natural Bridge	34.090354	-87.601409
Nauvoo	33.984386	-87.48544
Nectar	33.979779	-86.620614
Needham	31.987	-88.336563
Newbern	32.591672	-87.535614
New Brockton	31.37671	-85.919028
New Hope	34.537972	-86.412372
New Market	34.892335	-86.425818
New Site	33.026041	-85.784536
Newton	31.341229	-85.588307
New Union	34.133682	-86.228002
Newville	31.420604	-85.33669
Nixburg	32.855488	-86.100838
North Courtland	34.680023	-87.305717
North Johns	33.367769	-87.100725
Northport	33.257565	-87.596396
Notasulga	32.555409	-85.668577
Oak Grove	33.190359	-86.303727
Oak Hill	31.92162	-87.085234
Oakman	33.714322	-87.388699
Odenville	33.700875	-86.423371
Ohatchee	33.789759	-86.029062
Oneonta	33.947038	-86.489793
Onycha	31.225693	-86.276024
Opelika	32.660739	-85.37889
Opp	31.284375	-86.257442
Orange Beach	30.293987	-87.595371
Orrville	32.306769	-87.245447
Our Town	32.842211	-85.967035
Owens Cross Roads	34.585458	-86.455027
Oxford	33.59641	-85.868219
Ozark	31.451615	-85.645035
Paint Rock	34.660934	-86.333952
Panola	32.946819	-88.262266
Parrish	33.732321	-87.280127
Pea Ridge	33.133805	-86.937949
Pelham	33.32183	-86.742197
Pell City	33.560312	-86.263634
Pennington	32.200612	-88.037572
Penton	33.009832	-85.474824
Perdido	31.005634	-87.630272
Perdido Beach	30.353879	-87.5048
Peterman	31.583669	-87.263042
Petrey	31.85216	-86.204007
Phenix City	32.453709	-85.031019
Phil Campbell	34.351547	-87.707359
Pickensville	33.235782	-88.289443
Piedmont	33.927557	-85.615267
Pike Road	32.273609	-86.118927
Pinckard	31.318989	-85.537836
Pine Apple	31.872155	-86.989059
Pine Hill	31.985884	-87.587516
Pine Level	32.579539	-86.454318
Pine Ridge	34.447915	-85.783831
Pinson	33.709262	-86.663613
Pisgah	34.684366	-85.84601
Pleasant Grove	33.493967	-86.97815
Pleasant Groves	34.737619	-86.197637
Point Clear	30.486112	-87.911132
Pollard	31.023877	-87.172978
Powell	34.532588	-85.897553
Prattville	32.449041	-86.449401
Priceville	34.529583	-86.882177
Prichard	30.773337	-88.131416
Providence	32.342386	-87.776115
Putnam	32.018084	-88.033057
Ragland	33.748325	-86.135927
Rainbow City	33.928777	-86.084228
Rainsville	34.494364	-85.836505
Ranburne	33.525853	-85.339013
Ray	32.868141	-86.045252
Red Bay	34.436097	-88.136515
Redland	32.481426	-86.143759
Red Level	31.406711	-86.606217
Redstone Arsenal	34.687763	-86.661172
Reece City	34.077241	-86.034498
Reeltown	32.574211	-85.819562
Reform	33.37826	-88.017273
Rehobeth	31.124507	-85.439607
Remlap	33.806972	-86.593941
Repton	31.409716	-87.238931
Ridgeville	34.056929	-86.102874
River Falls	31.352397	-86.544609
Riverside	33.616394	-86.204357
Riverview	31.06126	-87.077531
Roanoke	33.145305	-85.369526
Robertsdale	30.557139	-87.704723
Rock Creek	33.477227	-87.081249
Rockford	32.896866	-86.208346
Rock Mills	33.15994	-85.28107
Rockville	31.405776	-87.844212
Rogersville	34.827714	-87.284092
Rosa	33.992756	-86.500325
Russellville	34.505719	-87.728123
Rutledge	31.724072	-86.302008
St. Florian	34.874098	-87.623736
St. Stephens	31.571111	-88.052834
Saks	33.711401	-85.853698
Samson	31.112417	-86.046735
Sand Rock	34.231228	-85.770416
Sanford	31.298819	-86.398848
Saraland	30.854566	-88.109842
Sardis City	34.172413	-86.119104
Satsuma	30.857874	-88.063383
Scottsboro	34.64462	-86.048155
Section	34.581644	-85.984942
Selma	32.416983	-87.035702
Selmont-West Selmont	32.378253	-87.006888
Semmes	30.796223	-88.24759
Sheffield	34.757019	-87.697085
Shelby	33.106882	-86.585403
Shiloh	34.462666	-85.877617
Shoal Creek	33.430763	-86.610925
Shorter	32.411501	-85.972808
Silas	31.767802	-88.325923
Silverhill	30.545359	-87.750557
Sims Chapel	31.249255	-88.142971
Sipsey	33.822119	-87.082918
Skyline	34.798524	-86.12243
Slocomb	31.112126	-85.59866
Smiths Station	32.522852	-85.099425
Smoke Rise	33.879942	-86.824683
Snead	34.116228	-86.390916
Somerville	34.467053	-86.791203
Southside	33.890841	-86.01802
South Vinemont	34.235567	-86.863965
Spanish Fort	30.722968	-87.865917
Spring Garden	33.972965	-85.555756
Springville	33.74052	-86.484086
Spruce Pine	34.39287	-87.729597
Standing Rock	33.08569	-85.239849
Stapleton	30.735558	-87.797727
Steele	33.941378	-86.192107
Sterrett	33.442198	-86.461045
Stevenson	34.876797	-85.81435
Stewartville	33.075532	-86.260693
Stockton	31.001245	-87.873929
Sulligent	33.891189	-88.126633
Sumiton	33.749269	-87.046903
Summerdale	30.476741	-87.687561
Susan Moore	34.091999	-86.434156
Sweet Water	32.104614	-87.861889
Sylacauga	33.18867	-86.274799
Sylvania	34.562039	-85.804722
Sylvan Springs	33.530194	-87.031158
Talladega	33.431757	-86.099454
Talladega Springs	33.120452	-86.437761
Tallassee	32.532665	-85.891993
Tarrant	33.592897	-86.766253
Taylor	31.168811	-85.47579
Theodore	30.538686	-88.187573
Thomaston	32.268277	-87.623706
Thomasville	31.915011	-87.737204
Thorsby	32.916909	-86.720335
Tibbie	31.37049	-88.243862
Tidmore Bend	34.033184	-85.926387
Tillmans Corner	30.581533	-88.21278
Town Creek	34.671301	-87.407763
Toxey	31.910712	-88.309146
Trafford	33.818713	-86.746502
Triana	34.587779	-86.748488
Trinity	34.597445	-87.081354
Troy	31.80196	-85.96713
Trussville	33.655233	-86.563239
Tuscaloosa	33.234404	-87.5283
Tuscumbia	34.718502	-87.702586
Tuskegee	32.418723	-85.682509
Twin	33.992314	-87.852295
Underwood-Petersville	34.876112	-87.698157
Union	32.99381	-87.907179
Union Grove	34.406172	-86.451667
Union Springs	32.139506	-85.714623
Uniontown	32.44662	-87.487271
Uriah	31.307365	-87.499213
Valley	32.801427	-85.204438
Valley Grande	32.486872	-87.032773
Valley Head	34.556204	-85.623044
Vance	33.173992	-87.226627
Vandiver	33.458856	-86.529222
Vernon	33.758816	-88.114291
Vestavia Hills	33.462496	-86.739508
Vina	34.376175	-88.060572
Vincent	33.383145	-86.402544
Vinegar Bend	31.259093	-88.367264
Vredenburgh	31.823234	-87.318077
Wadley	33.1234	-85.568592
Waldo	33.387083	-86.041075
Walnut Grove	34.064595	-86.28717
Warrior	33.814858	-86.81565
Waterloo	34.917199	-88.064373
Waverly	32.730078	-85.570999
Weaver	33.75907	-85.809363
Webb	31.257237	-85.289622
Wedowee	33.308004	-85.4865
Weogufka	33.021724	-86.309146
West Blocton	33.118176	-87.125225
West End-Cobb Town	33.651481	-85.876553
West Jefferson	33.673375	-87.040582
Westover	33.36734	-86.533986
West Point	34.238735	-86.964017
Wetumpka	32.540376	-86.206999
Whatley	31.646343	-87.710836
White Hall	32.297411	-86.715776
White Plains	33.759312	-85.68847
Whitesboro	34.169004	-86.058499
Wilsonville	33.240752	-86.491105
Wilton	33.081565	-86.879655
Winfield	33.934717	-87.79131
Woodland	33.375627	-85.397439
Woodstock	33.217498	-87.148433
Woodville	34.629535	-86.283558
Yellow Bluff	31.962341	-87.477359
York	32.500586	-88.291394
Aguila	33.9374	-113.167329
Ajo	32.392279	-112.883874
Ak Chin	32.287326	-112.009078
Ak-Chin Village	33.019602	-112.080875
Alamo Lake	34.255851	-113.500313
Ali Chuk	31.816919	-112.558394
Ali Chukson	31.911528	-111.801625
Ali Molina	31.902547	-111.780387
Alpine	33.845523	-109.143696
Amado	31.697358	-111.060803
Anegam	32.374193	-112.034963
Antares	35.422991	-113.808288
Anthem	33.846766	-112.126999
Apache Junction	33.382766	-111.540509
Arivaca	31.574938	-111.292611
Arivaca Junction	31.738891	-111.073596
Arizona City	32.750852	-111.670514
Arizona Village	34.854836	-114.589339
Arlington	33.334622	-112.77475
Ash Fork	35.217187	-112.4913
Avenue B and C	32.719042	-114.660049
Avondale	33.313236	-112.328928
Avra Valley	32.419132	-111.339442
Aztec	32.807567	-113.442477
Bagdad	34.577199	-113.176818
Bear Flat	34.291313	-111.067426
Beaver Dam	36.906981	-113.936181
Beaver Valley	34.342889	-111.299928
Bellemont	35.242489	-111.813789
Benson	31.914497	-110.328552
Beyerville	31.392047	-110.874917
Bisbee	31.398036	-109.931834
Bitter Springs	36.611699	-111.647483
Black Canyon City	34.071413	-112.122411
Blackwater	33.039565	-111.579932
Blue Ridge	34.640739	-111.107383
Bluewater	34.170415	-114.262886
Bouse	33.898476	-113.996364
Bowie	32.32488	-109.484456
Brenda	33.672082	-113.937883
Bryce	32.925827	-109.823078
Buckeye	33.431573	-112.641626
Buckshot	32.740349	-114.483064
Bullhead City	35.127371	-114.55599
Burnside	35.75336	-109.624792
Bylas	33.127656	-110.114922
Cactus Flats	32.760507	-109.721273
Cactus Forest	32.957823	-111.316922
Cameron	35.853193	-111.428585
Campo Bonito	32.562885	-110.69843
Camp Verde	34.569405	-111.857014
Cane Beds	36.934154	-112.911787
Canyon Day	33.778891	-110.038193
Carefree	33.823214	-111.913271
Carrizo	33.979354	-110.331096
Casa Blanca	33.115452	-111.908087
Casa Grande	32.906922	-111.763486
Casas Adobes	32.341834	-111.011593
Catalina	32.484779	-110.899712
Catalina Foothills	32.301872	-110.884843
Cave Creek	33.836219	-111.982084
Cedar Creek	33.891395	-110.195691
Centennial Park	36.953812	-112.981282
Central	32.86916	-109.790772
Central Heights-Midland City	33.400183	-110.81519
Chandler	33.282765	-111.851819
Charco	32.247321	-112.600116
Chiawuli Tak	31.940954	-111.776473
Chilchinbito	36.492002	-110.049213
Chinle	36.151148	-109.578682
Chino Valley	34.73989	-112.40606
Chloride	35.409702	-114.197242
Christopher Creek	34.321005	-111.007245
Chuichu	32.740329	-111.78219
Cibecue	34.030367	-110.49196
Cibola	33.374084	-114.676283
Cienega Springs	34.19974	-114.212713
Circle City	33.814877	-112.580993
Citrus Park	33.533598	-112.446326
Clacks Canyon	35.220358	-114.072299
Clarkdale	34.747979	-112.058699
Claypool	33.406101	-110.841873
Clay Springs	34.359259	-110.304334
Clifton	33.02957	-109.284039
Colorado City	36.970109	-112.985312
Comobabi	32.055397	-111.798824
Concho	34.473838	-109.608266
Congress	34.153356	-112.865555
Coolidge	32.933616	-111.523585
Copper Hill	33.430941	-110.746483
Cordes Lakes	34.3103	-112.107334
Cornfields	35.651242	-109.675658
Cornville	34.739244	-111.90683
Corona de Tucson	31.948571	-110.781868
Cottonwood	36.072152	-109.890109
Cottonwood	34.750834	-111.984004
Cowlic	31.804747	-111.987629
Crozier	35.422807	-113.648641
Crystal Beach	34.571382	-114.392634
Cutter	33.35838	-110.659327
Dateland	32.820903	-113.542177
Deer Creek	34.068786	-111.35185
Del Muerto	36.187393	-109.435935
Dennehotso	36.828998	-109.875694
Desert Hills	34.546463	-114.377956
Dewey-Humboldt	34.517396	-112.24965
Dilkon	35.352905	-110.307232
Dolan Springs	35.590453	-114.285179
Doney Park	35.265638	-111.518951
Donovan Estates	32.709358	-114.678148
Douglas	31.399274	-109.541292
Dragoon	32.021545	-110.034657
Drexel Heights	32.14526	-111.048061
Dripping Springs	33.104917	-110.754943
Drysdale	32.645241	-114.706769
Dudleyville	32.860011	-110.716494
Duncan	32.749981	-109.0884
Eagar	34.10678	-109.301221
East Fork	33.810682	-109.920953
East Globe	33.351132	-110.706186
East Verde Estates	34.298272	-111.364552
Ehrenberg	33.614208	-114.483007
El Capitan	33.238318	-110.78327
Elephant Head	31.766786	-110.991286
Elfrida	31.679238	-109.686879
Elgin	31.666552	-110.532704
El Mirage	33.590224	-112.327102
Eloy	32.741255	-111.594015
El Prado Estates	32.706214	-114.521481
First Mesa	35.831663	-110.368892
Flagstaff	35.185212	-111.620698
Florence	33.069367	-111.413992
Flowing Springs	34.309304	-111.334731
Flowing Wells	32.293767	-111.011055
Forest Lakes	34.329935	-110.810653
Fort Apache	33.790071	-109.988614
Fort Defiance	35.747502	-109.068018
Fort Mohave	35.000432	-114.574864
Fort Thomas	33.030364	-109.961258
Fortuna Foothills	32.661586	-114.39737
Fort Valley	35.322667	-111.739777
Fountain Hills	33.607799	-111.738398
Franklin	32.677031	-109.072064
Fredonia	36.961626	-112.516363
Freedom Acres	34.319886	-111.305152
Gadsden	32.556359	-114.781032
Ganado	35.691875	-109.555727
Geronimo Estates	34.369106	-111.361802
Gila Bend	32.966242	-112.715465
Gila Crossing	33.273015	-112.162668
Gilbert	33.310345	-111.743121
Gisela	34.101818	-111.288021
Glendale	33.533111	-112.189901
Globe	33.393642	-110.741106
Gold Canyon	33.363903	-111.42298
Golden Shores	34.781881	-114.477749
Golden Valley	35.206066	-114.232753
Goodyear	33.254031	-112.366472
Goodyear Village	33.197313	-111.872344
Grand Canyon Village	36.059483	-112.157912
Grand Canyon West	36.004418	-113.804103
Greasewood	35.52864	-109.860867
Greenehaven	36.99597	-111.556564
Green Valley	31.840843	-111.004482
Greer	34.005751	-109.460586
Guadalupe	33.366453	-111.963156
Gu Oidak	31.920289	-112.024057
Hackberry	35.340096	-113.725629
Haigler Creek	34.219634	-110.971427
Haivana Nakya	32.005154	-111.712418
Hard Rock	36.030238	-110.504157
Hayden	32.99495	-110.779898
Heber-Overgaard	34.414141	-110.569561
Holbrook	34.904624	-110.16721
Hondah	34.094297	-109.934383
Hotevilla-Bacavi	35.920744	-110.640714
Houck	35.269308	-109.22344
Huachuca City	31.630804	-110.342193
Hunter Creek	34.306974	-111.016516
Icehouse Canyon	33.34613	-110.801154
Indian Wells	35.40925	-110.114439
Jakes Corner	34.008227	-111.320226
Jeddito	35.768199	-110.12782
Jerome	34.747088	-112.107515
Joseph City	34.963693	-110.329039
J-Six Ranchettes	31.9666	-110.466357
Kachina Village	35.092432	-111.695974
Kaibab	36.879665	-112.725597
Kaibab Estates West	35.274797	-112.498543
Kaibito	36.592003	-111.107135
Kaka	32.512294	-112.313845
Katherine	35.22077	-114.561326
Kayenta	36.717169	-110.260459
Keams Canyon	35.820837	-110.203743
Kearny	33.056392	-110.907091
Kingman	35.216992	-114.010529
Kino Springs	31.364128	-110.809745
Klagetoh	35.499997	-109.530457
Kleindale	32.268112	-110.91458
Kohatk	32.578281	-112.003013
Kohls Ranch	34.321053	-111.083889
Komatke	33.296773	-112.162475
Ko Vaya	32.081502	-111.895875
Kykotsmovi Village	35.810245	-110.656849
Lake Havasu City	34.499809	-114.310943
Lake Montezuma	34.636908	-111.800945
Lake of the Woods	34.152635	-109.994275
La Paz Valley	33.558215	-114.243451
Lazy Y U	35.136913	-113.968463
LeChee	36.860892	-111.424438
Leupp	35.296609	-111.003626
Linden	34.269579	-110.136392
Litchfield Park	33.501761	-112.35947
Littlefield	36.865925	-113.935976
Lower Santan Village	33.142838	-111.785284
Low Mountain	35.948058	-110.100455
Lukachukai	36.411233	-109.225538
Lupton	35.354743	-109.052817
McConnico	35.163594	-114.089738
McNary	34.092153	-109.851376
McNeal	31.610078	-109.658267
Maish Vaya	32.170295	-112.134196
Mammoth	32.68517	-110.729286
Many Farms	36.342893	-109.637623
Marana	32.465939	-111.135401
Maricopa	33.041942	-111.999259
Maricopa Colony	33.36259	-112.226809
Martinez Lake	32.975468	-114.468228
Mayer	34.423271	-112.240747
Mead Ranch	34.346131	-111.142799
Meadview	35.953156	-114.078871
Mesa	33.400626	-111.716487
Mesa del Caballo	34.285904	-111.295227
Mescal	31.96743	-110.436582
Mesquite Creek	34.960658	-114.571402
Miami	33.395065	-110.872382
Miracle Valley	31.382924	-110.14853
Moccasin	36.909836	-112.754507
Moenkopi	36.112484	-111.221242
Mohave Valley	34.902431	-114.571389
Mojave Ranch Estates	34.944901	-114.590643
Morenci	33.058381	-109.333177
Mormon Lake	34.91161	-111.448078
Morristown	33.855895	-112.612886
Mountainaire	35.093767	-111.645195
Mountain View Ranches	35.233569	-111.472767
Munds Park	34.937966	-111.628239
Naco	31.345999	-109.927089
Nazlini	35.911225	-109.474672
Nelson	32.429828	-111.26489
New Kingman-Butler	35.264487	-114.009073
New River	33.882591	-112.086107
Nogales	31.361928	-110.93482
Nolic	32.034183	-111.955021
North Fork	34.01057	-109.959543
Nutrioso	33.95127	-109.206202
Oak Creek Canyon	34.948928	-111.750429
Oak Springs	35.47602	-109.13182
Oatman	35.027375	-114.38386
Oljato-Monument Valley	36.987248	-110.209642
Oracle	32.608424	-110.782344
Orange Grove Mobile Manor	32.598451	-114.660588
Oro Valley	32.420713	-110.977
Oxbow Estates	34.18035	-111.343015
Padre Ranchitos	32.649591	-114.641584
Page	36.941815	-111.513283
Palominas	31.387556	-110.115065
Paradise Valley	33.552157	-111.96133
Parker	34.034006	-114.228109
Parker Strip	34.270721	-114.129689
Parks	35.285249	-111.967182
Patagonia	31.544744	-110.745463
Paulden	34.889655	-112.493724
Payson	34.243841	-111.318964
Peach Springs	35.53145	-113.43198
Peeples Valley	34.277224	-112.765341
Peoria	33.786186	-112.308042
Peridot	33.303346	-110.459033
Phoenix	33.572154	-112.090132
Picacho	32.710196	-111.494296
Picture Rocks	32.324713	-111.259861
Pima	32.891886	-109.844268
Pinal	33.380145	-110.757245
Pine	34.380348	-111.460476
Pinedale	34.320724	-110.259901
Pine Lake	35.088699	-113.873928
Pinetop Country Club	34.116435	-109.891009
Pinetop-Lakeside	34.148424	-109.965998
Pinion Pines	35.14663	-113.905814
Pinon	36.098856	-110.219116
Pirtleville	31.360894	-109.566052
Pisinemo	32.034917	-112.319228
Poston	33.99209	-114.404454
Prescott	34.592241	-112.446733
Prescott Valley	34.59793	-112.318497
Quartzsite	33.667507	-114.217041
Queen Creek	33.239425	-111.613319
Queen Valley	33.283043	-111.304973
Rainbow City	33.873031	-109.976277
Rancho Mesa Verde	32.594385	-114.655084
Red Lake	35.361487	-112.172127
Red Mesa	36.971111	-109.36982
Red Rock	36.601117	-109.064539
Red Rock	32.561182	-111.374004
Rillito	32.415531	-111.154822
Rincon Valley	32.109993	-110.688976
Rio Rico	31.498168	-110.987798
Rio Verde	33.726592	-111.675849
Rock House	33.630654	-110.941078
Rock Point	36.696848	-109.619491
Roosevelt	33.657393	-111.127051
Roosevelt Estates	33.62019	-110.999784
Rough Rock	36.409489	-109.868403
Round Rock	36.504256	-109.463156
Round Valley	34.187758	-111.301801
Rye	34.097775	-111.354263
Sacate Village	33.13986	-111.977566
Sacaton	33.077548	-111.762914
Sacaton Flats Village	33.05664	-111.661002
Saddlebrooke	32.556421	-110.874676
Safford	32.833298	-109.697418
Sahuarita	31.932238	-110.965395
St. David	31.886037	-110.221485
St. Johns	34.500368	-109.37691
St. Johns	33.308487	-112.197381
St. Michaels	35.660559	-109.096174
Salome	33.777771	-113.606047
San Carlos	33.344561	-110.477712
Sanders	35.209217	-109.319118
San Jose	32.817963	-109.5948
San Luis	32.485678	-114.721947
San Manuel	32.609095	-110.641513
San Miguel	31.629493	-111.780134
San Simon	32.268169	-109.2302
Santa Cruz	33.232701	-112.159368
San Tan Valley	33.178592	-111.562823
Santa Rosa	32.332488	-112.046255
Sawmill	35.886227	-109.158016
Scenic	36.793589	-114.012752
Scottsdale	33.684272	-111.861448
Seba Dalkai	35.478933	-110.4511
Second Mesa	35.851387	-110.49799
Sedona	34.858517	-111.793057
Sehili	36.280772	-109.185521
Seligman	35.325613	-112.857247
Sells	31.920874	-111.87087
Seven Mile	33.788181	-109.958554
Shongopovi	35.809701	-110.533441
Shonto	36.587043	-110.662477
Show Low	34.265053	-110.038321
Shumway	34.414544	-110.064907
Sierra Vista	31.56541	-110.314508
Sierra Vista Southeast	31.452512	-110.218977
Six Shooter Canyon	33.366782	-110.774601
Snowflake	34.521459	-110.091182
So-Hi	35.252725	-114.141482
Solomon	32.813811	-109.62893
Somerton	32.601816	-114.696344
Sonoita	31.66561	-110.639105
South Komelik	31.714472	-111.774415
South Tucson	32.195474	-110.969154
Springerville	34.171921	-109.306892
Spring Valley	34.345185	-112.159168
Stanfield	32.879365	-111.962771
Star Valley	34.254685	-111.220709
Steamboat	35.752636	-109.850583
Stotonic Village	33.153223	-111.817043
Strawberry	34.390929	-111.502656
Summerhaven	32.442172	-110.775031
Summit	32.062084	-110.94863
Sun City	33.6155	-112.283108
Sun City West	33.671383	-112.357187
Sunizona	31.885494	-109.63322
Sun Lakes	33.214955	-111.869973
Sunsites	31.941654	-109.840825
Sun Valley	34.982905	-110.031971
Sunwest	33.650984	-113.409131
Supai	36.229865	-112.692579
Superior	33.27162	-111.124161
Surprise	33.670801	-112.452546
Sweet Water Village	33.12	-111.837866
Swift Trail Junction	32.727193	-109.718114
Tacna	32.700435	-113.961785
Tanque Verde	32.268765	-110.743681
Tat Momoli	32.601195	-111.886129
Taylor	34.442748	-110.098534
Teec Nos Pos	36.933289	-109.064115
Tees Toh	35.486023	-110.405576
Tempe	33.388414	-111.931782
Thatcher	32.812708	-109.766516
Theba	32.918231	-112.889776
Three Points	32.05931	-111.286595
Timberline-Fernwood	35.316759	-111.550715
Tolani Lake	35.429788	-110.841172
Tolleson	33.44837	-112.256012
Tombstone	31.720772	-110.076701
Tonalea	36.321734	-110.966665
Tonopah	33.487986	-112.930811
Tonto Basin	33.843256	-111.301575
Tonto Village	34.319808	-111.139313
Topawa	31.807835	-111.830472
Topock	34.719973	-114.478786
Top-of-the-World	33.347668	-110.999724
Toyei	35.703817	-109.938174
Truxton	35.490372	-113.563011
Tsaile	36.302418	-109.218666
Tubac	31.610681	-111.057047
Tuba City	36.125076	-111.246654
Tucson	32.153036	-110.870773
Tucson Estates	32.179223	-111.126627
Tucson Mountains	32.282291	-111.077367
Tumacacori-Carmen	31.57099	-111.047652
Turkey Creek	33.801088	-109.9461
Tusayan	35.954961	-112.120195
Upper Santan Village	33.116438	-111.74415
Utting	33.854583	-113.912865
Vail	32.021706	-110.693687
Vaiva Vo	32.716654	-111.926902
Valencia West	32.135423	-111.110619
Valentine	35.38853	-113.659115
Valle	35.675239	-112.152886
Valle Vista	35.410944	-113.862688
Ventana	32.468048	-112.243447
Verde Village	34.711871	-111.994125
Vernon	34.247901	-109.689942
Vicksburg	33.729271	-113.825404
Village of Oak Creek (Big Park)	34.781269	-111.7606
Wagon Wheel	34.197524	-110.027132
Wahak Hotrontk	32.174739	-112.366291
Wall Lane	32.657309	-114.710529
Walnut Creek	35.131243	-114.126631
Washington Park	34.400354	-111.271003
Wellton	32.640144	-114.215206
Wellton Hills	32.623189	-114.145234
Wenden	33.83245	-113.543239
Wet Camp Village	33.141223	-111.901662
Wheatfields	33.470937	-110.816135
Whetstone	31.718947	-110.291996
Whispering Pines	34.372721	-111.281223
Whitecone	35.604666	-110.080022
White Hills	35.724209	-114.400368
White Mountain Lake	34.344046	-109.986811
Whiteriver	33.83976	-109.96077
Why	32.258973	-112.730634
Wickenburg	33.994799	-112.758908
Wide Ruins	35.417387	-109.499551
Wikieup	34.693034	-113.599504
Wilhoit	34.408233	-112.615635
Willcox	32.251804	-109.835698
Williams	35.24664	-112.183296
Williamson	34.708291	-112.533729
Willow Canyon	32.387689	-110.700842
Willow Valley	34.927658	-114.626599
Window Rock	35.670505	-109.063037
Winkelman	32.981677	-110.761687
Winslow	35.024236	-110.709331
Winslow West	34.992554	-110.706847
Wintersburg	33.41963	-112.86765
Wittmann	33.774957	-112.525091
Woodruff	34.791876	-110.025944
Yarnell	34.228202	-112.76292
York	32.916258	-109.195402
Young	34.124091	-110.938324
Youngtown	33.584969	-112.304916
Yucca	34.862993	-114.146145
Yuma	32.516286	-114.521782
Yuma Proving Ground	32.865186	-114.436923
Acorn	34.638786	-94.200112
Adona	35.03993	-92.899132
Alexander	34.618588	-92.451217
Alicia	35.892907	-91.08345
Alix	35.422002	-93.728784
Alleene	33.764823	-94.262198
Allport	34.539866	-91.783886
Alma	35.492375	-94.213947
Almyra	34.405689	-91.410847
Alpena	36.292748	-93.303607
Alpine	34.226886	-93.378321
Altheimer	34.327434	-91.847282
Altus	35.44676	-93.764388
Amagon	35.563173	-91.109415
Amity	34.26619	-93.463423
Anthonyville	35.039831	-90.340328
Antoine	34.034536	-93.421361
Aplin	34.967483	-92.981271
Appleton	35.410823	-92.875276
Arkadelphia	34.12738	-93.070851
Arkansas City	33.608876	-91.204896
Armorel	35.925571	-89.797959
Ashdown	33.674529	-94.126627
Ash Flat	36.236559	-91.606512
Atkins	35.240863	-92.949643
Aubrey	34.719817	-90.897981
Augusta	35.28655	-91.36086
Austin	35.005912	-91.989609
Avilla	34.694843	-92.586141
Avoca	36.394697	-94.06577
Bald Knob	35.312539	-91.571253
Banks	33.575796	-92.267101
Barling	35.331286	-94.275195
Bassett	35.535577	-90.129434
Batavia	36.247852	-93.215771
Batesville	35.768572	-91.622652
Bauxite	34.557736	-92.50209
Bay	35.746057	-90.552143
Bearden	33.727651	-92.618678
Beaver	36.473994	-93.777335
Beebe	35.072433	-91.901059
Bee Branch	35.462622	-92.401023
Beedeville	35.429169	-91.110738
Beirne	33.888208	-93.206223
Bella Vista	36.466641	-94.266317
Bellefonte	36.199864	-93.047039
Belleville	35.09153	-93.445774
Ben Lomond	33.829113	-94.123319
Benton	34.577424	-92.572583
Bentonville	36.352662	-94.231181
Bergman	36.312786	-93.011221
Berryville	36.371028	-93.570387
Bethesda	35.787096	-91.792711
Bigelow	34.997795	-92.631175
Big Flat	36.003394	-92.41022
Biggers	36.331361	-90.800701
Birdsong	35.461161	-90.259761
Bismarck	34.321836	-93.178139
Black Oak	35.836485	-90.367568
Black Rock	36.106237	-91.10748
Black Springs	34.455977	-93.713115
Blevins	33.871251	-93.578187
Blue Eye	36.496667	-93.39771
Blue Mountain	35.131796	-93.716666
Bluff City	33.735118	-93.124564
Blytheville	35.934066	-89.905133
Board Camp	34.532519	-94.079674
Bodcaw	33.56364	-93.393036
Boles	34.788119	-94.049397
Bonanza	35.231794	-94.416133
Bono	35.911102	-90.800821
Booneville	35.139329	-93.9175
Bowman	35.816835	-90.496228
Bradford	35.422004	-91.455232
Bradley	33.100106	-93.656895
Branch	35.308303	-93.95537
Briarcliff	36.271968	-92.28209
Brinkley	34.889781	-91.189819
Brookland	35.897051	-90.571657
Bryant	34.615059	-92.491338
Buckner	33.35727	-93.435556
Buffalo City	36.169075	-92.437942
Bull Shoals	36.37357	-92.591504
Burdette	35.815273	-89.946421
Cabot	34.975106	-92.028288
Caddo Gap	34.402494	-93.617881
Caddo Valley	34.180746	-93.084597
Caldwell	35.074794	-90.809455
Cale	33.627888	-93.232797
Calico Rock	36.121965	-92.125913
Calion	33.328406	-92.540187
Camden	33.567672	-92.849064
Cammack Village	34.7808	-92.344976
Campbell Station	35.667799	-91.253754
Canehill	35.913765	-94.397321
Caraway	35.760222	-90.322081
Carlisle	34.795425	-91.740494
Carthage	34.072605	-92.555312
Casa	35.024966	-93.045507
Cash	35.801157	-90.931648
Caulksville	35.301849	-93.867806
Cave City	35.948169	-91.54675
Cave Springs	36.26843	-94.219503
Cedarville	35.58397	-94.361897
Center Point	34.031828	-93.951166
Center Ridge	35.380707	-92.575626
Centerton	36.355148	-94.297692
Centerville	35.115702	-93.171461
Central City	35.336381	-94.238042
Charleston	35.294515	-94.04835
Cherokee City	36.294698	-94.576804
Cherokee Village	36.291321	-91.569368
Cherry Valley	35.402762	-90.753617
Chester	35.677772	-94.177828
Chidester	33.701947	-93.023799
Cincinnati	36.045324	-94.527314
Clarendon	34.692974	-91.306292
Clarkedale	35.297028	-90.21025
Clarksville	35.453918	-93.481558
Clinton	35.578981	-92.455735
Coal Hill	35.436892	-93.665193
College Station	34.700535	-92.228432
Collins	33.532266	-91.57244
Colt	35.132897	-90.812933
Concord	35.66633	-91.860623
Conway	35.074404	-92.467004
Corinth	35.069508	-93.420089
Corning	36.413682	-90.583609
Cotter	36.281898	-92.520821
Cotton Plant	35.005918	-91.25205
Cove	34.438983	-94.422321
Coy	34.540484	-91.871295
Crawfordsville	35.226672	-90.324168
Crossett	33.122819	-91.958081
Crystal Springs	34.524828	-93.333623
Cushman	35.865844	-91.778081
Daisy	34.235924	-93.739193
Damascus	35.367092	-92.410712
Danville	35.052457	-93.391199
Dardanelle	35.226305	-93.165909
Datto	36.392471	-90.728499
Decatur	36.348527	-94.458044
Deer	35.828023	-93.219622
Delaplaine	36.230393	-90.725646
Delight	34.02953	-93.506555
Dell	35.857166	-90.034076
Dennard	35.747919	-92.549999
Denning	35.425153	-93.756758
De Queen	34.042245	-94.342133
Dermott	33.526206	-91.432296
Des Arc	34.978433	-91.506835
Desha	35.730455	-91.685579
De Valls Bluff	34.785865	-91.461071
DeWitt	34.287369	-91.338326
Diamond City	36.457609	-92.910989
Diaz	35.648773	-91.258933
Dierks	34.119961	-94.017283
Donaldson	34.234976	-92.919517
Dora	35.462964	-94.429869
Dover	35.390981	-93.114241
Drasco	35.633775	-91.941776
Dumas	33.883372	-91.485632
Dyer	35.494367	-94.138805
Dyess	35.589338	-90.213293
Earle	35.273379	-90.464304
East Camden	33.608421	-92.744966
East End	34.554505	-92.327475
Edgemont	35.600686	-92.196371
Edmondson	35.105035	-90.305452
Egypt	35.867775	-90.945834
Elaine	34.308603	-90.853349
El Dorado	33.218982	-92.664071
Elkins	36.017217	-94.023497
Elm Springs	36.206224	-94.237904
El Paso	35.115298	-92.081189
Emerson	33.097328	-93.195976
Emmet	33.722539	-93.466156
England	34.545431	-91.967442
Enola	35.195907	-92.206581
Etowah	35.715758	-90.230682
Eudora	33.118866	-91.264033
Eureka Springs	36.410774	-93.744904
Evansville	35.790635	-94.488844
Evening Shade	36.069933	-91.621881
Everton	36.15414	-92.909538
Fairfield Bay	35.601101	-92.266208
Fair Oaks	35.247988	-91.036016
Fargo	34.953995	-91.179744
Farmington	36.036581	-94.252466
Fayetteville	36.071455	-94.166564
Felsenthal	33.060826	-92.148961
Fifty-Six	35.96351	-92.233355
Fisher	35.491424	-90.972494
Flippin	36.27732	-92.59353
Floral	35.588939	-91.758932
Floyd	35.198879	-91.96453
Fordyce	33.818236	-92.416972
Foreman	33.719494	-94.397668
Forrest City	35.013599	-90.793207
Fort Smith	35.349276	-94.370883
Fouke	33.262235	-93.88523
Fountain Hill	33.357545	-91.851141
Fountain Lake	34.609848	-92.919774
Fourche	34.993128	-92.618944
Fox	35.784398	-92.299626
Franklin	36.1727	-91.769724
Fredonia (Biscoe)	34.81937	-91.41016
Friendship	34.224344	-93.00366
Fulton	33.612565	-93.813795
Gamaliel	36.45189	-92.236928
Garfield	36.455428	-93.975782
Garland	33.360958	-93.71417
Garner	35.142496	-91.779184
Gassville	36.284949	-92.48683
Gateway	36.488902	-93.933087
Genoa	33.377487	-93.882415
Gentry	36.259553	-94.490876
Georgetown	35.126678	-91.453923
Gibson	34.902228	-92.240817
Gilbert	35.990981	-92.716181
Gillett	34.119172	-91.379133
Gillham	34.168628	-94.312977
Gilmore	35.413994	-90.29558
Glenwood	34.328314	-93.527255
Goodwin	34.940726	-91.003576
Goshen	36.102458	-94.001579
Gosnell	35.964937	-89.968577
Gould	33.987194	-91.564038
Grady	34.072492	-91.697637
Grannis	34.240165	-94.321995
Gravette	36.428296	-94.368529
Greenbrier	35.228843	-92.383568
Green Forest	36.33471	-93.430962
Greenland	35.996194	-94.19089
Greenway	36.340577	-90.222124
Greenwood	35.226857	-94.276391
Greers Ferry	35.574966	-92.165959
Gregory	35.153332	-91.334241
Griffithville	35.123053	-91.64497
Grubbs	35.653999	-91.075464
Guion	35.926834	-91.938927
Gum Springs	34.063937	-93.095709
Gurdon	33.916032	-93.15391
Guy	35.327322	-92.336661
Hackett	35.188027	-94.410341
Hagarville	35.515017	-93.332135
Halley	33.536255	-91.323651
Hamburg	33.224755	-91.797247
Hampton	33.534763	-92.466607
Hardy	36.319645	-91.481503
Harrell	33.509869	-92.400061
Harrisburg	35.563772	-90.721615
Harrison	36.242592	-93.11765
Hartford	35.023433	-94.379406
Hartman	35.43525	-93.628245
Haskell	34.509238	-92.641861
Hatfield	34.484507	-94.37991
Hattieville	35.295226	-92.775351
Havana	35.109809	-93.526022
Haynes	34.890933	-90.792662
Hazen	34.781368	-91.558058
Heber Springs	35.499554	-92.029339
Hector	35.462913	-92.97913
Helena-West Helena	34.531363	-90.620098
Henderson	36.377214	-92.218918
Hensley	34.51041	-92.209517
Hermitage	33.447372	-92.171455
Hickory Ridge	35.402812	-90.994458
Higden	35.566406	-92.20518
Higginson	35.196813	-91.715175
Highfill	36.274375	-94.323862
Highland	36.26943	-91.519824
Hindsville	36.147719	-93.86488
Holiday Island	36.484211	-93.736832
Holland	35.166012	-92.277049
Holly Grove	34.601497	-91.200255
Hope	33.668164	-93.588885
Horatio	33.942739	-94.356201
Horseshoe Bend	36.218726	-91.738324
Horseshoe Lake	34.913753	-90.307722
Hot Springs	34.489442	-93.050254
Hot Springs Village	34.658069	-92.968643
Houston	35.034879	-92.694525
Hoxie	36.036041	-90.973588
Hughes	34.948109	-90.471372
Humnoke	34.542242	-91.759656
Humphrey	34.42237	-91.702454
Hunter	35.054558	-91.122856
Huntington	35.08171	-94.266319
Huntsville	36.098656	-93.733244
Huttig	33.04032	-92.179678
Imboden	36.199696	-91.177386
Indian Bay	34.38712	-91.069561
Ivan	33.901968	-92.433196
Jacksonport	35.642177	-91.307914
Jacksonville	34.880512	-92.13059
Jasper	36.012102	-93.1875
Jennette	35.158127	-90.418765
Jericho	35.287677	-90.230466
Jerome	33.397236	-91.470514
Jerusalem	35.40757	-92.823013
Johnson	36.133854	-94.174269
Joiner	35.50739	-90.150706
Jonesboro	35.819755	-90.679033
Jones Mills	34.444947	-92.901539
Judsonia	35.276431	-91.641614
Junction City	33.022091	-92.723616
Keiser	35.674006	-90.096016
Kensett	35.2352	-91.671256
Keo	34.609287	-92.011566
Kibler	35.425237	-94.236145
Kingsland	33.857975	-92.297789
Kingston	36.056744	-93.514735
Kirby	34.254291	-93.654873
Knobel	36.319986	-90.602266
Knoxville	35.377537	-93.361839
Lacey	33.450347	-91.849554
Lafe	36.209178	-90.504292
LaGrange	34.655757	-90.734742
Lake City	35.81937	-90.453905
Lake Hamilton	34.429621	-93.076352
Lakeview	36.373907	-92.538735
Lake View	34.42116	-90.813314
Lake Village	33.32918	-91.284794
Lamar	35.444425	-93.394675
Landmark	34.610352	-92.316045
Lavaca	35.330199	-94.182885
Lawson	33.19996	-92.487896
Leachville	35.911468	-90.254955
Lead Hill	36.413611	-92.907167
Leola	34.170087	-92.591412
Lepanto	35.608528	-90.332985
Leslie	35.829508	-92.555961
Letona	35.363502	-91.829547
Lewisville	33.360132	-93.583971
Lexa	34.598248	-90.751887
Lincoln	35.948834	-94.417468
Little Flock	36.383335	-94.137265
Little Rock	34.725393	-92.358556
Lockesburg	33.972871	-94.179584
London	35.327616	-93.243466
Lonoke	34.790501	-91.907362
Lonsdale	34.544967	-92.810563
Lost Bridge Village	36.389728	-93.915536
Louann	33.391481	-92.792214
Lowell	36.255855	-94.153356
Luxora	35.757672	-89.92948
Lynn	36.004263	-91.252
McAlmont	34.792492	-92.196013
McCaskill	33.919539	-93.636831
McCrory	35.257326	-91.197276
McDougal	36.436465	-90.390727
McGehee	33.627794	-91.39501
McNab	33.660895	-93.832282
McNeil	33.347917	-93.208404
McRae	35.113627	-91.826194
Madison	35.017993	-90.73115
Magazine	35.153901	-93.807851
Magness	35.703055	-91.482237
Magnet Cove	34.449161	-92.837719
Magnolia	33.276698	-93.226247
Malvern	34.373579	-92.82125
Mammoth Spring	36.49241	-91.541067
Manila	35.884906	-90.165398
Mansfield	35.063915	-94.234269
Marianna	34.77363	-90.767501
Marie	35.612931	-90.082963
Marion	35.204246	-90.206715
Marked Tree	35.527889	-90.42661
Marmaduke	36.190028	-90.385061
Marshall	35.908461	-92.646498
Marvell	34.556304	-90.915338
Maumelle	34.852344	-92.399995
Mayflower	34.966196	-92.426728
Maynard	36.421493	-90.901804
Maysville	36.401975	-94.588951
Melbourne	36.063971	-91.88152
Mellwood	34.215475	-90.944687
Mena	34.580834	-94.237096
Menifee	35.149702	-92.55042
Midland	35.092403	-94.352955
Midway	36.39224	-92.475532
Midway	34.249893	-92.973433
Mineral Springs	33.877723	-93.921386
Minturn	35.976417	-91.027188
Mitchellville	33.905333	-91.498398
Monette	35.893208	-90.344106
Monroe	34.73404	-91.106766
Monticello	33.624778	-91.793722
Montrose	33.298925	-91.49644
Moorefield	35.767228	-91.570807
Moro	34.791976	-90.987984
Morrilton	35.155456	-92.738932
Morrison Bluff	35.381952	-93.518854
Morrow	35.856329	-94.430562
Mountainburg	35.649625	-94.162407
Mountain Home	36.335118	-92.384039
Mountain Pine	34.569642	-93.171493
Mountain View	35.861559	-92.109657
Mount Holly	33.307223	-92.950213
Mount Ida	34.549153	-93.629939
Mount Judea	35.926173	-93.056804
Mount Olive	36.003119	-92.090465
Mount Pleasant	35.981423	-91.777383
Mount Vernon	35.223605	-92.12398
Mulberry	35.5085	-94.074753
Murfreesboro	34.070312	-93.694073
Nashville	33.941924	-93.851658
Natural Steps	34.874266	-92.497772
Newark	35.70763	-91.4434
New Blaine	35.29252	-93.419083
New Edinburg	33.756223	-92.240365
Newhope	34.222258	-93.877396
Newport	35.623772	-91.231682
Nimmons	36.30625	-90.095055
Norfork	36.209469	-92.277844
Norman	34.458977	-93.676824
Norphlet	33.319889	-92.662009
North Crossett	33.174113	-91.931736
North Little Rock	34.781752	-92.235057
Oak Grove	36.463958	-93.430143
Oak Grove	35.364779	-92.964179
Oak Grove Heights	36.126432	-90.503435
Oakhaven	33.729396	-93.620783
Oakland	36.460423	-92.571771
Oark	35.694977	-93.575027
Oden	34.623149	-93.783646
Ogden	33.585869	-94.046917
Oil Trough	35.629162	-91.461229
O'Kean	36.171462	-90.818348
Okolona	34.000478	-93.337624
Ola	35.031448	-93.224035
Omaha	36.461647	-93.189964
Oneida	34.460486	-90.786721
Oppelo	35.100558	-92.773566
Osceola	35.694195	-89.993421
Oxford	36.20903	-91.918268
Ozan	33.846611	-93.720822
Ozark	35.501858	-93.848378
Ozark Acres	36.299916	-91.387076
Ozone	35.638491	-93.447317
Palestine	34.970307	-90.908225
Pangburn	35.426108	-91.839411
Paragould	36.052289	-90.510464
Paris	35.290756	-93.734228
Parkdale	33.121215	-91.546399
Parkin	35.261175	-90.553508
Patmos	33.511369	-93.566956
Patterson	35.258973	-91.234957
Payneway	35.545728	-90.512297
Peach Orchard	36.281229	-90.660774
Pearcy	34.435455	-93.288217
Pea Ridge	36.452846	-94.125942
Pencil Bluff	34.630384	-93.735033
Perla	34.364755	-92.776228
Perry	35.046221	-92.79441
Perrytown	33.697141	-93.532407
Perryville	35.012	-92.802938
Piggott	36.387191	-90.198944
Pindall	36.063663	-92.862158
Pine Bluff	34.211591	-92.017555
Pineville	36.161145	-92.106471
Piney	34.502914	-93.144427
Plainview	34.989874	-93.297948
Pleasant Grove	35.820465	-91.906976
Pleasant Plains	35.55453	-91.627246
Plumerville	35.159377	-92.643059
Pocahontas	36.263366	-90.971224
Pollard	36.429561	-90.267129
Ponca	36.029292	-93.362376
Poplar Grove	34.552169	-90.854223
Portia	36.084865	-91.071044
Portland	33.237935	-91.510945
Pottsville	35.230606	-93.060839
Powhatan	36.087312	-91.123884
Poyen	34.324169	-92.641976
Prairie Creek	36.329478	-94.058933
Prairie Grove	35.986113	-94.303383
Prattsville	34.318495	-92.543146
Prescott	33.80432	-93.391207
Princeton	33.97754	-92.624178
Pyatt	36.250744	-92.846637
Quitman	35.381723	-92.214724
Ratcliff	35.306946	-93.888636
Ravenden	36.243201	-91.251307
Ravenden Springs	36.312705	-91.223265
Reader	33.75161	-93.101184
Rector	36.264158	-90.293518
Redfield	34.439337	-92.188484
Reed	33.701672	-91.445758
Reyno	36.360899	-90.758993
Rison	33.959951	-92.193648
Rivervale	35.675877	-90.3445
Rockport	34.406892	-92.80157
Rockwell	34.464341	-93.133829
Roe	34.631101	-91.385963
Rogers	36.318085	-94.152287
Roland	34.90224	-92.517469
Rondo	34.657447	-90.820842
Rose Bud	35.321183	-92.076515
Rosston	33.588019	-93.286934
Rover	34.951824	-93.408964
Rudy	35.527455	-94.240384
Russell	35.362126	-91.509947
Russellville	35.276328	-93.138743
Rye	33.750475	-91.998485
St. Charles	34.372999	-91.137446
St. Francis	36.454872	-90.142179
St. Joe	36.026028	-92.801276
St. Paul	35.826791	-93.767285
Salado	35.695405	-91.592317
Salem	36.370416	-91.821706
Salem	34.630899	-92.561492
Salesville	36.23906	-92.277495
Saratoga	33.743741	-93.904289
Sardis	34.533041	-92.406722
Scott	34.69766	-92.093932
Scranton	35.36043	-93.539724
Searcy	35.241134	-91.735223
Sedgwick	35.974161	-90.862149
Shannon Hills	34.617586	-92.402176
Sheridan	34.321575	-92.443067
Sherrill	34.385065	-91.951808
Sherwood	34.852029	-92.204483
Shirley	35.643751	-92.313519
Sidney	36.004421	-91.658289
Siloam Springs	36.184612	-94.531517
Smackover	33.363589	-92.731425
Smithville	36.079921	-91.302675
South Lead Hill	36.395614	-92.906209
Southside	35.720183	-91.630162
Sparkman	33.917168	-92.849997
Springdale	36.191438	-94.155062
Springfield	35.272887	-92.554988
Springtown	36.260285	-94.423812
Stamps	33.354959	-93.497879
Star City	33.94078	-91.839962
Staves	34.033579	-92.280583
Stephens	33.420917	-93.06959
Strawberry	35.966523	-91.321102
Strong	33.107883	-92.355573
Stuttgart	34.495233	-91.548638
Subiaco	35.297367	-93.639439
Success	36.454501	-90.722625
Sulphur Rock	35.751613	-91.500264
Sulphur Springs	36.484076	-94.460095
Sulphur Springs	34.17145	-92.132055
Summers	35.987194	-94.482872
Summit	36.252203	-92.688287
Sunset	35.223979	-90.205642
Sweet Home	34.667397	-92.246304
Swifton	35.824376	-91.129429
Taylor	33.099802	-93.461843
Texarkana	33.436339	-93.987118
Thornton	33.774876	-92.487651
Tillar	33.711	-91.451812
Tinsman	33.629183	-92.353295
Tollette	33.818095	-93.896899
Tontitown	36.167388	-94.242128
Traskwood	34.452451	-92.666438
Trumann	35.676941	-90.526029
Tucker	34.439523	-91.951907
Tuckerman	35.725641	-91.202079
Tull	34.441214	-92.585881
Tumbling Shoals	35.547053	-91.96746
Tupelo	35.390332	-91.229904
Turrell	35.374609	-90.270384
Twin Groves	35.329207	-92.405668
Tyronza	35.486771	-90.356008
Ulm	34.576229	-91.461691
Uniontown	35.585222	-94.446997
Urbana	33.158452	-92.445361
Valley Springs	36.153768	-92.989698
Van Buren	35.451176	-94.354003
Vandervoort	34.379781	-94.364919
Vanndale	35.315292	-90.771114
Victoria	35.757424	-90.060145
Vilonia	35.078702	-92.215387
Viola	36.399237	-91.986977
Violet Hill	36.152899	-91.839723
Wabbaseka	34.359805	-91.793777
Walcott	36.046118	-90.670497
Waldenburg	35.565255	-90.934561
Waldo	33.351923	-93.295393
Waldron	34.903252	-94.094839
Walnut Ridge	36.084782	-90.946837
Ward	35.013782	-91.957727
Warm Springs	36.483148	-91.049008
Warren	33.611829	-92.067718
Washington	33.772882	-93.683293
Watson	33.89375	-91.257061
Wayton	35.919363	-93.259588
Weiner	35.619714	-90.905303
Weldon	35.447994	-91.231606
Wesley	36.032535	-93.918624
West Crossett	33.148043	-92.016978
Western Grove	36.101118	-92.954554
West Fork	35.934924	-94.18111
West Memphis	35.149554	-90.199266
West Point	35.203307	-91.609897
Wheatley	34.921186	-91.106255
Whelen Springs	33.833144	-93.126029
White Hall	34.275179	-92.100649
Wickes	34.299736	-94.327252
Widener	35.023498	-90.681934
Wiederkehr Village	35.477705	-93.764725
Wilburn	35.508788	-91.888375
Williford	36.251832	-91.360457
Willisville	33.516119	-93.293665
Wilmar	33.626384	-91.929342
Wilmot	33.056963	-91.577858
Wilson	35.565961	-90.0418
Wilton	33.738728	-94.147987
Winchester	33.774074	-91.4737
Winslow	35.801542	-94.131779
Winthrop	33.830837	-94.354222
Witts Springs	35.770268	-92.882285
Woodlawn	33.966736	-92.045239
Woodson	34.539726	-92.222549
Wooster	35.199919	-92.450204
Wrightsville	34.620714	-92.219607
Wynne	35.235224	-90.788513
Yarborough Landing	33.718829	-94.009261
Yellville	36.228846	-92.686123
Zinc	36.283959	-92.914422
Acalanes Ridge	37.904725	-122.078567
Acampo	38.173529	-121.279892
Acton	34.49607	-118.183897
Adelanto	34.580902	-117.439458
Adin	41.199312	-120.956779
Agoura Hills	34.148942	-118.76393
Agua Dulce	34.501678	-118.32068
Aguanga	33.452246	-116.85547
Ahwahnee	37.365423	-119.716561
Airport	37.633883	-120.972006
Alameda	37.741911	-122.259914
Alamo	37.854768	-122.013557
Albany	37.89065	-122.318116
Albion	39.225327	-123.757586
Alderpoint	40.161347	-123.615729
Alhambra	34.083571	-118.136444
Alhambra Valley	37.966744	-122.135998
Aliso Viejo	33.57921	-117.728898
Alleghany	39.46666	-120.841126
Allendale	38.442986	-121.98333
Allensworth	35.849878	-119.389209
Almanor	40.214494	-121.17622
Alondra Park	33.890155	-118.335678
Alpaugh	35.889037	-119.485809
Alpine	32.842487	-116.755911
Alpine Village	38.779346	-119.807785
Alta	39.215685	-120.798509
Altadena	34.192212	-118.135589
Alta Sierra	35.725776	-118.545166
Alta Sierra	39.126174	-121.049085
Alto	37.905581	-122.518718
Alturas	41.489136	-120.551286
Alum Rock	37.369408	-121.823809
Amador City	38.418995	-120.82326
Amador Pines	38.489631	-120.533305
American Canyon	38.179033	-122.259602
Amesti	36.959483	-121.781739
Anaheim	33.855502	-117.758657
Anchor Bay	38.812653	-123.570267
Anderson	40.449755	-122.29507
Angels	38.071037	-120.551729
Angwin	38.577875	-122.451224
Antelope	38.71533	-121.360962
Antioch	37.978336	-121.796064
Anza	33.56159	-116.696066
Apple Valley	34.533376	-117.210358
Aptos	36.99115	-121.893457
Aptos Hills-Larkin Valley	36.963492	-121.835214
Arbuckle	39.014185	-122.061041
Arcadia	34.132689	-118.036347
Arcata	40.862291	-124.074967
Arden-Arcade	38.600647	-121.384643
Armona	36.316607	-119.70538
Arnold	38.249049	-120.349327
Aromas	36.874755	-121.630732
Arroyo Grande	35.124149	-120.584533
Artesia	33.867591	-118.080634
Artois	39.633179	-122.189758
Arvin	35.194361	-118.830569
Ashland	37.694197	-122.115937
Aspen Springs	37.548791	-118.699663
Atascadero	35.485718	-120.687942
Atherton	37.457072	-122.201058
Atwater	37.354049	-120.597177
Auberry	37.088654	-119.450757
Auburn	38.895075	-121.076739
Auburn Lake Trails	38.886238	-120.979699
August	37.979644	-121.26251
Avalon	33.343335	-118.317615
Avenal	36.031107	-120.116174
Avery	38.206826	-120.372262
Avila Beach	35.199355	-120.720757
Avocado Heights	34.039039	-117.998167
Azusa	34.138524	-117.912253
Baker	35.276918	-116.071735
Bakersfield	35.353171	-119.037919
Bakersfield Country Club	35.389891	-118.940915
Baldwin Park	34.082824	-117.971286
Ballard	34.639948	-120.110989
Ballico	37.451917	-120.703707
Bangor	39.376087	-121.411654
Banning	33.945903	-116.899044
Barstow	34.866987	-117.043035
Bass Lake	37.327282	-119.565326
Bay Point	38.032254	-121.962236
Bayview	38.006234	-122.320165
Bayview	40.76536	-124.178624
Baywood Park	37.529163	-122.341637
Beale AFB	39.108061	-121.351215
Bear Creek	37.296601	-120.417676
Bear Valley	38.472321	-120.051847
Bear Valley	37.57474	-120.136098
Bear Valley Springs	35.178355	-118.669618
Beaumont	33.876722	-116.953009
Beckwourth	39.843931	-120.414009
Belden	40.006783	-121.248191
Bell	33.979704	-118.179249
Bella Vista	40.651205	-122.25637
Bell Canyon	34.208148	-118.687574
Bellflower	33.887821	-118.12725
Bell Gardens	33.964379	-118.154437
Belmont	37.514398	-122.294475
Belvedere	37.873567	-122.470995
Benbow	40.060267	-123.765381
Bend	40.255092	-122.210916
Benicia	38.072733	-122.155169
Ben Lomond	37.078212	-122.088102
Benton	37.822438	-118.487687
Benton Park	35.346439	-119.029815
Berkeley	37.865673	-122.298725
Bermuda Dunes	33.74349	-116.287335
Berry Creek	39.631812	-121.405621
Bertsch-Oceanview	41.751727	-124.170214
Bethel Island	38.02813	-121.629851
Beverly Hills	34.07923	-118.402437
Bieber	41.138451	-121.117006
Big Bear City	34.254118	-116.796378
Big Bear Lake	34.242888	-116.893893
Big Bend	41.011624	-121.930434
Big Creek	37.203565	-119.248489
Biggs	39.410187	-121.713322
Big Lagoon	41.159427	-124.129746
Big Pine	37.165507	-118.296262
Big River	34.139823	-114.362099
Biola	36.799938	-120.021038
Bishop	37.366381	-118.395808
Blackhawk	37.809629	-121.913241
Blacklake	35.049689	-120.538642
Black Point-Green Point	38.110651	-122.519097
Blairsden	39.775205	-120.610845
Bloomfield	38.322069	-122.834464
Bloomington	34.060071	-117.401238
Blue Lake	40.880993	-123.994912
Bluewater	34.175431	-114.264962
Blythe	33.65352	-114.621823
Bodega	38.348841	-122.971164
Bodega Bay	38.327472	-123.029926
Bodfish	35.573416	-118.486441
Bolinas	37.917725	-122.709502
Bombay Beach	33.35561	-115.726902
Bonadelle Ranchos	36.968806	-119.892779
Bonita	32.673217	-117.006101
Bonny Doon	37.043577	-122.136972
Bonsall	33.274876	-117.191863
Boonville	39.011474	-123.374043
Bootjack	37.474044	-119.8838
Boron	35.01978	-117.665938
Boronda	36.694632	-121.674512
Borrego Springs	33.240965	-116.357119
Bostonia	32.818985	-116.942264
Boulder Creek	37.134099	-122.127208
Boulevard	32.664022	-116.289601
Bowles	36.608873	-119.752564
Boyes Hot Springs	38.312633	-122.488738
Bradbury	34.153159	-117.968818
Bradley	35.86284	-120.804268
Brawley	32.978454	-115.528569
Brea	33.925178	-117.865111
Brentwood	37.935578	-121.71897
Bret Harte	37.602078	-121.00438
Bridgeport	38.25521	-119.210424
Brisbane	37.67575	-122.383302
Broadmoor	37.691495	-122.481339
Brookdale	37.105732	-122.110623
Brooks	38.73688	-122.146807
Brooktrails	39.443283	-123.3938
Buckhorn	38.454797	-120.532334
Buck Meadows	37.807046	-120.075237
Bucks Lake	39.87956	-121.199081
Buellton	34.615497	-120.194237
Buena Park	33.857353	-118.007373
Buena Vista	38.297487	-120.917402
Burbank	34.190079	-118.326405
Burbank	37.321097	-121.930608
Burlingame	37.589952	-122.363342
Burney	40.889362	-121.675465
Burnt Ranch	40.811335	-123.508261
Butte Creek Canyon	39.744502	-121.707131
Butte Meadows	40.08531	-121.542683
Butte Valley	39.668815	-121.645888
Buttonwillow	35.409229	-119.440668
Byron	37.875644	-121.64212
Bystrom	37.61939	-120.981254
Cabazon	33.912726	-116.782831
Calabasas	34.134252	-118.666455
Calexico	32.684859	-115.494738
California City	35.14659	-117.869346
California Hot Springs	35.887568	-118.655022
California Pines	41.413786	-120.66531
California Polytechnic State University	35.306981	-120.667276
Calimesa	33.987357	-117.054214
Calipatria	33.168651	-115.485641
Calistoga	38.581408	-122.582696
Callender	35.047972	-120.575908
Calpella	39.233721	-123.19376
Calpine	39.663381	-120.439277
Calwa	36.713477	-119.76086
Camanche North Shore	38.244218	-120.953915
Camanche Village	38.266481	-120.986575
Camarillo	34.221823	-119.032154
Cambria	35.552069	-121.084137
Cambrian Park	37.256059	-121.928778
Cameron Park	38.674029	-120.988338
Camino	38.742265	-120.680811
Camino Tassajara	37.790886	-121.885052
Campbell	37.280244	-121.953296
Camp Nelson	36.141978	-118.61071
Campo	32.640965	-116.474516
Campo Seco	38.220743	-120.859054
Camp Pendleton Mainside	33.307209	-117.331048
Camp Pendleton South	33.231824	-117.391998
Camptonville	39.452072	-121.048668
Canby	41.452293	-120.888319
Cantua Creek	36.500045	-120.316361
Canyondam	40.169867	-121.076986
Canyon Lake	33.688302	-117.263547
Capitola	36.976083	-121.954012
Caribou	40.073244	-121.16567
Carlsbad	33.129284	-117.284183
Carmel-by-the-Sea	36.552881	-121.921919
Carmel Valley Village	36.500627	-121.73182
Carmet	38.374452	-123.071859
Carmichael	38.630812	-121.325636
Carnelian Bay	39.235165	-120.078207
Carpinteria	34.385234	-119.500759
Carrick	41.446746	-122.363457
Carson	33.840367	-118.249574
Cartago	36.305239	-118.027166
Caruthers	36.539907	-119.845027
Casa Conejo	34.184731	-118.944517
Casa de Oro-Mount Helix	32.763961	-116.968808
Casa Loma	35.34323	-118.998711
Casmalia	34.837799	-120.531044
Caspar	39.363063	-123.804194
Cassel	40.925021	-121.548476
Castaic	34.477444	-118.632681
Castella	41.177248	-122.287241
Castle Hill	37.874718	-122.058582
Castro Valley	37.708276	-122.062769
Castroville	36.76484	-121.753376
Cathedral City	33.835487	-116.463103
Catheys Valley	37.427706	-120.096038
Cayucos	35.439581	-120.889828
Cazadero	38.527831	-123.109799
Cedar Flat	39.206907	-120.094902
Cedar Ridge	38.065736	-120.273869
Cedar Slope	36.145464	-118.578881
Cedarville	41.528683	-120.174433
Centerville	36.736117	-119.496006
Centerville	40.542902	-122.464505
Ceres	37.598786	-120.968081
Cerritos	33.867745	-118.069471
Chalfant	37.492115	-118.390408
Challenge-Brownsville	39.464617	-121.26325
Channel Islands Beach	34.16896	-119.228542
Charleston View	35.964629	-115.897235
Charter Oak	34.102492	-117.856282
Cherokee	39.650877	-121.533646
Cherokee Strip	35.469567	-119.261525
Cherryland	37.679216	-122.103777
Cherry Valley	33.979642	-116.969371
Chester	40.301675	-121.232503
Chico	39.758951	-121.81772
Chilcoot-Vinton	39.806744	-120.138861
China Lake Acres	35.640019	-117.766458
Chinese Camp	37.870215	-120.444225
Chino	33.978037	-117.657719
Chino Hills	33.942969	-117.725648
Choctaw Valley	35.448555	-118.887191
Chowchilla	37.116104	-120.241978
Chualar	36.571113	-121.510295
Chula Vista	32.62767	-117.01517
Citrus	34.113438	-117.891301
Citrus Heights	38.69481	-121.287953
Claremont	34.124925	-117.713923
Clarksburg	38.419335	-121.541617
Clay	38.314038	-121.159591
Clayton	37.940322	-121.930075
Clear Creek	40.307086	-121.0554
Clearlake	38.960045	-122.633232
Clearlake Oaks	39.020605	-122.656939
Clearlake Riviera	38.951383	-122.722243
Cleone	39.490154	-123.775692
Clio	39.754217	-120.566728
Clipper Mills	39.532424	-121.166552
Cloverdale	38.794795	-123.014703
Clovis	36.828967	-119.684922
Clyde	38.02539	-122.028016
Coachella	33.69038	-116.143128
Coalinga	36.133056	-120.339029
Coarsegold	37.239184	-119.700972
Cobb	38.835329	-122.722435
Coffee Creek	41.079673	-122.716906
Cohasset	39.902152	-121.745368
Cold Springs	38.74644	-120.873807
Cold Springs	38.161335	-120.053527
Coleville	38.580561	-119.502863
Colfax	39.093799	-120.953222
College City	39.006085	-122.005134
Collierville	38.212831	-121.264972
Colma	37.676697	-122.452821
Coloma	38.802616	-120.894635
Colton	34.054525	-117.325029
Columbia	38.031227	-120.413398
Colusa	39.200023	-122.009481
Commerce	33.994523	-118.149952
Comptche	39.265134	-123.589715
Compton	33.894047	-118.227469
Concord	37.972184	-122.001587
Concow	39.770316	-121.513493
Contra Costa Centre	37.925963	-122.053977
Copperopolis	37.939092	-120.625141
Corcoran	36.084057	-119.561268
Corning	39.9282	-122.182009
Corona	33.861969	-117.565495
Coronado	32.657625	-117.156539
Coronita	33.875877	-117.610983
Corralitos	36.98423	-121.789432
Corte Madera	37.931846	-122.507738
Costa Mesa	33.665905	-117.912336
Cotati	38.328492	-122.710049
Coto de Caza	33.597037	-117.586484
Cottonwood	35.345588	-118.985856
Cottonwood	40.390291	-122.315631
Coulterville	37.712573	-120.196062
Country Club	37.968036	-121.340482
Courtland	38.332911	-121.557026
Covelo	39.800187	-123.252601
Covina	34.090475	-117.882143
Cowan	37.560105	-120.988787
Crescent City	41.764514	-124.200779
Crescent Mills	40.100741	-120.921706
Cressey	37.42103	-120.65569
Crest	32.80002	-116.867078
Crestline	34.254077	-117.286709
Creston	35.517097	-120.518136
C-Road	39.762728	-120.577051
Crockett	38.051919	-122.220127
Cromberg	39.868383	-120.690446
Crowley Lake	37.568742	-118.746421
Crows Landing	37.394443	-121.075166
Cudahy	33.964003	-118.182561
Culver City	34.00582	-118.396781
Cupertino	37.3194	-122.044957
Cutler	36.524664	-119.288829
Cutten	40.765684	-124.144461
Cuyama	34.931057	-119.61488
Cypress	33.818477	-118.038307
Dales	40.317989	-122.053844
Daly City	37.686193	-122.468669
Dana Point	33.475452	-117.693087
Danville	37.812142	-121.969824
Daphnedale Park	41.506864	-120.548069
Darwin	36.268803	-117.589004
Davenport	37.017779	-122.187885
Davis	38.556147	-121.737793
Day Valley	37.025439	-121.855931
Deer Park	38.535176	-122.470152
Del Aire	33.916738	-118.36929
Delano	35.76643	-119.264221
Del Dios	33.075682	-117.119036
Delft Colony	36.513809	-119.446522
Delhi	37.430599	-120.775899
Delleker	39.813251	-120.489671
Del Mar	32.963945	-117.259804
Del Monte Forest	36.583834	-121.946714
Del Rey	36.656464	-119.598135
Del Rey Oaks	36.589699	-121.829527
Del Rio	37.745907	-121.009293
Denair	37.525398	-120.797433
Derby Acres	35.244025	-119.603833
Descanso	32.869565	-116.627878
Desert Center	33.737799	-115.366622
Desert Edge	33.922289	-116.440092
Desert Hot Springs	33.957591	-116.542284
Desert Palms	33.779144	-116.298219
Desert Shores	33.403803	-116.039206
Desert View Highlands	34.590263	-118.153537
Diablo	37.840774	-121.956477
Diablo Grande	37.399047	-121.263511
Diamond Bar	34.001573	-117.817601
Diamond Springs	38.692014	-120.838684
Di Giorgio	35.249118	-118.844154
Dillon Beach	38.243488	-122.955955
Dinuba	36.545121	-119.398805
Discovery Bay	37.908131	-121.597196
Dixon	38.447512	-121.824223
Dixon Lane-MeadowCreek	37.386388	-118.415273
Dobbins	39.35659	-121.210378
Dogtown	38.208667	-121.154809
Dollar Point	39.189626	-120.109426
Dorrington	38.304479	-120.266321
Dorris	41.964965	-121.920387
Dos Palos	36.985424	-120.633845
Dos Palos Y	37.04684	-120.639473
Douglas City	40.644953	-122.927426
Douglas Flat	38.114619	-120.452862
Downey	33.938237	-118.130856
Downieville	39.578643	-120.816405
Doyle	40.027223	-120.11537
Drytown	38.441489	-120.860504
Duarte	34.160967	-117.950447
Dublin	37.716137	-121.896229
Ducor	35.892701	-119.04701
Dunnigan	38.892643	-121.974184
Dunsmuir	41.231526	-122.270939
Durham	39.629358	-121.79077
Dustin Acres	35.215929	-119.374987
Dutch Flat	39.208008	-120.834476
Eagleville	41.318993	-120.114607
Earlimart	35.891354	-119.272092
East Bakersfield	35.383185	-118.974368
Eastern Goleta Valley	34.443913	-119.785477
East Foothills	37.382607	-121.813749
East Hemet	33.730114	-116.941001
East Los Angeles	34.031506	-118.168567
East Nicolaus	38.910044	-121.544319
East Niles	35.368273	-118.922462
East Oakdale	37.783867	-120.798631
Easton	36.652391	-119.790786
East Orosi	36.548069	-119.259853
East Palo Alto	37.46778	-122.13255
East Pasadena	34.136798	-118.077535
East Porterville	36.058155	-118.974892
East Quincy	39.91643	-120.91894
East Rancho Dominguez	33.894841	-118.195586
East Richmond Heights	37.945084	-122.31391
East San Gabriel	34.116189	-118.079886
East Shore	40.245269	-121.076778
East Sonora	37.974241	-120.338035
East Tulare Villa	36.203763	-119.280335
Eastvale	33.963274	-117.582369
East Whittier	33.924376	-117.988732
Edgewood	41.460773	-122.425687
Edison	35.347313	-118.869826
Edmundson Acres	35.227296	-118.823252
Edna	35.210786	-120.605968
Edwards AFB	34.902408	-117.921869
El Adobe	35.245083	-118.958842
El Cajon	32.801673	-116.960468
El Centro	32.786351	-115.560206
El Centro Naval Air Facility	32.825232	-115.668072
El Cerrito	37.919574	-122.302519
El Cerrito	33.838186	-117.522205
El Dorado Hills	38.676082	-121.0477
Eldridge	38.333887	-122.506518
Elfin Forest	33.081232	-117.177443
El Granada	37.514166	-122.464803
Elizabeth Lake	34.656488	-118.379847
Elk Creek	39.598678	-122.53232
Elk Grove	38.414621	-121.384961
Elkhorn	36.810673	-121.718699
El Macero	38.544019	-121.685168
Elmira	38.352329	-121.907719
El Monte	34.074633	-118.029136
El Monte Mobile Village	36.547075	-119.425049
El Nido	37.132376	-120.498551
El Paso de Robles (Paso Robles)	35.628513	-120.650356
El Portal	37.673241	-119.787716
El Rancho	36.220684	-119.068357
El Rio	34.245364	-119.156763
El Segundo	33.910367	-118.425079
El Sobrante	37.973624	-122.303141
El Sobrante	33.872465	-117.462517
El Verano	38.297465	-122.491544
Elverta	38.718464	-121.445475
Emerald Lake Hills	37.46566	-122.265351
Emeryville	37.838473	-122.301682
Empire	37.643057	-120.907038
Encinitas	33.050632	-117.263616
Escalon	37.791336	-120.999643
Escondido	33.133053	-117.074043
Esparto	38.69341	-122.024046
Etna	41.458199	-122.895819
Eucalyptus Hills	32.885177	-116.944983
Eureka	40.797594	-124.154191
Exeter	36.294137	-119.145953
Fairbanks Ranch	32.991596	-117.186611
Fairfax	35.346885	-118.933806
Fairfax	37.988532	-122.595208
Fairfield	38.26206	-122.032386
Fairhaven	40.788293	-124.201421
Fairmead	37.077466	-120.193659
Fair Oaks	38.650154	-121.25097
Fairview	37.677667	-122.044434
Fallbrook	33.374235	-117.220375
Fall River Mills	41.007241	-121.441134
Farmersville	36.304739	-119.208605
Farmington	37.929868	-121.004367
Fellows	35.177929	-119.547211
Felton	37.039222	-122.080764
Ferndale	40.578144	-124.261247
Fetters Hot Springs-Agua Caliente	38.327504	-122.487137
Fiddletown	38.506864	-120.760149
Fieldbrook	40.972958	-124.028586
Fields Landing	40.724236	-124.218603
Fillmore	34.398958	-118.91746
Firebaugh	36.853745	-120.453746
Fish Camp	37.4799	-119.640911
Florence-Graham	33.968159	-118.244667
Florin	38.48315	-121.404326
Floriston	39.39293	-120.015113
Flournoy	39.928339	-122.445793
Folsom	38.666597	-121.141635
Fontana	34.109686	-117.462888
Foothill Farms	38.686732	-121.347478
Forbestown	39.527584	-121.266222
Ford City	35.164735	-119.4584
Foresta	37.698779	-119.748274
Foresthill	39.005286	-120.831355
Forest Meadows	38.171801	-120.397737
Forest Ranch	39.895204	-121.670451
Forestville	38.482491	-122.889884
Fort Bidwell	41.863301	-120.159395
Fort Bragg	39.439803	-123.801757
Fort Dick	41.869526	-124.167206
Fort Hunter Liggett	35.992329	-121.23487
Fort Irwin	35.247701	-116.683411
Fort Jones	41.608452	-122.841066
Fortuna	40.587084	-124.142161
Fort Washington	36.879298	-119.761256
Foster City	37.56482	-122.250782
Fountain Valley	33.710582	-117.951129
Fowler	36.62412	-119.674699
Franklin	37.327529	-120.532089
Franklin	38.367521	-121.461629
Frazier Park	34.814193	-118.954961
Freedom	36.940254	-121.795246
Freeport	38.462935	-121.502107
Fremont	37.49446	-121.94115
French Camp	37.866024	-121.274154
French Gulch	40.718793	-122.629357
French Valley	33.599461	-117.106495
Fresno	36.782684	-119.793359
Friant	36.984012	-119.70806
Fruitdale	37.311711	-121.935765
Fruitridge Pocket	38.532613	-121.455807
Fuller Acres	35.302254	-118.914295
Fullerton	33.885716	-117.928025
Fulton	38.493709	-122.773417
Furnace Creek	36.427669	-116.87469
Galt	38.268458	-121.298952
Garberville	40.100306	-123.794315
Gardena	33.894417	-118.307522
Garden Acres	37.963697	-121.22961
Garden Farms	35.415782	-120.614034
Garden Grove	33.778782	-117.960472
Garey	34.885821	-120.31375
Garnet	33.917892	-116.479609
Gasquet	41.836075	-123.976031
Gazelle	41.51187	-122.521946
Georgetown	38.911353	-120.834624
Gerber	40.061417	-122.148201
Geyserville	38.717314	-122.903423
Gilroy	37.006407	-121.585321
Glencoe	38.353042	-120.57329
Glendale	34.181393	-118.24583
Glendora	34.144964	-117.847804
Glen Ellen	38.355323	-122.543306
Glennville	35.724194	-118.715217
Golden Hills	35.136422	-118.497592
Gold Mountain	39.761315	-120.519054
Gold River	38.626854	-121.249164
Goleta	34.435441	-119.858946
Gonzales	36.505979	-121.442918
Good Hope	33.770627	-117.277199
Goodmanville	35.428994	-118.943719
Goodyears Bar	39.552354	-120.893102
Goshen	36.349266	-119.420621
Graeagle	39.752477	-120.645449
Grand Terrace	34.031085	-117.3131
Grangeville	36.343898	-119.707467
Granite Bay	38.760441	-121.168196
Granite Hills	32.80328	-116.90561
Graniteville	39.444366	-120.73603
Grass Valley	39.220305	-121.052654
Graton	38.437517	-122.865988
Grayson	37.564577	-121.18005
Greeley Hill	37.757043	-120.130759
Greenacres	35.383159	-119.118381
Green Acres	33.734972	-117.078244
Greenfield	35.269489	-119.009491
Greenfield	36.323977	-121.243699
Greenhorn	39.902968	-120.758983
Green Valley	34.617415	-118.405023
Green Valley	38.263842	-122.162496
Greenview	41.544922	-122.920964
Greenville	40.133603	-120.945333
Grenada	41.6401	-122.526627
Gridley	39.362229	-121.69708
Grimes	39.074154	-121.898775
Grizzly Flats	38.635696	-120.535435
Groveland	37.831966	-120.241581
Grover Beach	35.120888	-120.619664
Guadalupe	34.964929	-120.573127
Guerneville	38.517165	-122.989897
Guinda	38.827374	-122.198359
Gustine	37.252549	-120.995513
Hacienda Heights	33.995853	-117.973023
Half Moon Bay	37.467319	-122.440485
Hamilton Branch	40.27725	-121.096092
Hamilton City	39.742678	-122.010946
Hanford	36.327741	-119.65462
Happy Camp	41.815893	-123.392796
Happy Valley	40.466141	-122.417969
Harbison Canyon	32.827274	-116.83807
Hardwick	36.402596	-119.72077
Harmony Grove	33.100717	-117.137992
Hartland	36.653867	-118.958812
Hartley	38.420393	-121.950842
Hasley Canyon	34.481599	-118.666689
Hat Creek	40.789806	-121.474515
Hathaway Pines	38.190063	-120.361495
Hawaiian Gardens	33.830482	-118.073451
Hawthorne	33.914775	-118.348083
Hayfork	40.575871	-123.123629
Hayward	37.626826	-122.104015
Healdsburg	38.622526	-122.865133
Heber	32.732494	-115.529398
Hemet	33.734068	-116.996808
Herald	38.288403	-121.231066
Hercules	38.021427	-122.288929
Herlong	40.141722	-120.139657
Hermosa Beach	33.869819	-118.405296
Hesperia	34.397038	-117.315198
Hickman	37.619316	-120.751219
Hidden Hills	34.163744	-118.66121
Hidden Meadows	33.223634	-117.119826
Hidden Valley Lake	38.801498	-122.551422
Highgrove	34.010577	-117.309817
Highland	34.113473	-117.165729
Highlands	37.520022	-122.3459
Hillcrest	35.37897	-118.957853
Hillsborough	37.557206	-122.358541
Hilmar-Irwin	37.404543	-120.850426
Hiouchi	41.793664	-124.066113
Hollister	36.855599	-121.398598
Holtville	32.813781	-115.378319
Home Garden	36.302832	-119.637073
Home Gardens	33.878328	-117.511535
Homeland	33.745881	-117.113241
Homestead Valley	34.273004	-116.414549
Homewood Canyon	35.89004	-117.386414
Honcut	39.332591	-121.538759
Hood	38.369291	-121.515488
Hoopa	41.079639	-123.69766
Hopland	38.96883	-123.116899
Hornbrook	41.904505	-122.558319
Hornitos	37.502525	-120.238859
Hughson	37.602135	-120.866004
Humboldt Hill	40.722316	-124.197381
Huntington Beach	33.698007	-118.003834
Huntington Park	33.979248	-118.217438
Huron	36.204234	-120.095311
Hyampom	40.626179	-123.46883
Hydesville	40.557875	-124.08225
Hypericum	36.256167	-119.216933
Idlewild	35.809588	-118.670463
Idyllwild-Pine Cove	33.744209	-116.73069
Igo	40.49774	-122.549621
Imperial	32.838801	-115.572012
Imperial Beach	32.56914	-117.114921
Independence	36.83031	-118.207855
Indian Falls	40.05875	-120.980314
Indianola	40.809964	-124.078447
Indian Wells	33.699892	-116.32955
Indio	33.731639	-116.235971
Indio Hills	33.84106	-116.248473
Industry	34.026232	-117.940327
Inglewood	33.956068	-118.344274
Interlaken	36.950603	-121.737519
Inverness	38.082796	-122.854943
Inyokern	35.654387	-117.819476
Ione	38.362862	-120.947685
Iron Horse	39.780481	-120.482291
Irvine	33.678399	-117.771254
Irwindale	34.111855	-117.963614
Isla Vista	34.412179	-119.860657
Isleton	38.161252	-121.604958
Ivanhoe	36.383439	-119.220088
Jackson	38.348488	-120.772822
Jacumba	32.636478	-116.190706
Jamestown	37.958212	-120.407062
Jamul	32.71841	-116.870862
Janesville	40.301105	-120.490318
Jenner	38.459034	-123.127467
Johannesburg	35.371876	-117.641803
Johnson Park	40.921179	-121.629531
Johnstonville	40.380198	-120.586134
Johnsville	39.76971	-120.699783
Jones Valley	40.701315	-122.242004
Joshua Tree	34.123633	-116.312862
Jovista	35.794014	-119.18957
Julian	33.073502	-116.588883
Junction City	40.736022	-123.084644
June Lake	37.761783	-119.114729
Jurupa Valley	34.002591	-117.467612
Keddie	40.005944	-120.952416
Keeler	36.486718	-117.87333
Keene	35.23178	-118.613067
Kelly Ridge	39.528803	-121.466259
Kelseyville	38.970184	-122.831384
Kennedy	37.929042	-121.245783
Kennedy Meadows	36.007639	-118.109947
Kensington	37.905144	-122.284226
Kentfield	37.935873	-122.558999
Kenwood	38.415408	-122.538753
Kep'el	41.284142	-123.819006
Kerman	36.725041	-120.062473
Kernville	35.755017	-118.430907
Keswick	40.612959	-122.460779
Kettleman City	36.008985	-119.962852
Keyes	37.557308	-120.911375
King City	36.216283	-121.131962
Kings Beach	39.247528	-120.019903
Kingsburg	36.525193	-119.566565
Kingvale	39.320997	-120.438309
Kirkwood	38.689265	-120.054979
Klamath	41.572859	-124.055606
Knightsen	37.962426	-121.64858
Knights Ferry	37.821152	-120.669089
Knights Landing	38.797972	-121.717447
La CaÃ±ada Flintridge	34.20969	-118.200139
La Crescenta-Montrose	34.233016	-118.235774
La Cresta	35.397201	-118.989312
Ladera	37.399875	-122.198971
Ladera Heights	33.996776	-118.370028
Ladera Ranch	33.549146	-117.641741
Lafayette	37.891004	-122.119529
La Grange	37.663456	-120.463147
Laguna Beach	33.54337	-117.761801
Laguna Hills	33.591216	-117.697621
Laguna Niguel	33.528654	-117.701253
Laguna Woods	33.612058	-117.730319
Lagunitas-Forest Knolls	38.018026	-122.691303
La Habra	33.927927	-117.951554
La Habra Heights	33.958959	-117.948973
La Honda	37.317705	-122.25843
Lake Almanor Country Club	40.257771	-121.146958
Lake Almanor Peninsula	40.28121	-121.134454
Lake Almanor West	40.233573	-121.202075
Lake Arrowhead	34.254027	-117.178091
Lake California	40.358355	-122.208843
Lake City	41.645317	-120.222097
Lake Davis	39.852428	-120.45841
Lake Don Pedro	37.64142	-120.36436
Lake Elsinore	33.685956	-117.335404
Lake Forest	33.654946	-117.675848
Lakehead	40.903436	-122.399658
Lake Hughes	34.682415	-118.451938
Lake Isabella	35.637098	-118.48261
Lakeland Village	33.648956	-117.366823
Lake Los Angeles	34.609839	-117.830337
Lake Mathews	33.824966	-117.368343
Lake Nacimiento	35.730962	-120.869516
Lake of the Pines	39.038746	-121.061341
Lake of the Woods	34.827138	-118.997304
Lakeport	39.038333	-122.922633
Lake Riverside	33.518735	-116.812103
Lake San Marcos	33.122362	-117.208576
Lake Shastina	41.523127	-122.376366
Lake Sherwood	34.131803	-118.884714
Lakeside	35.234667	-119.082858
Lakeside	32.856617	-116.904237
Lakeview	33.828465	-117.123334
Lake Wildwood	39.23324	-121.19773
Lakewood	33.847135	-118.121894
La Mesa	32.769495	-117.021923
La Mirada	33.902045	-118.008961
Lamont	35.265142	-118.916042
Lanare	36.437723	-119.932199
Lancaster	34.693558	-118.175305
La Palma	33.850616	-118.039565
La Porte	39.672508	-120.985244
La Presa	32.712315	-117.00371
La Puente	34.032333	-117.95352
La Quinta	33.646083	-116.275297
La Riviera	38.568538	-121.354962
Larkfield-Wikiup	38.512972	-122.753601
Larkspur	37.940544	-122.530229
La Selva Beach	36.927375	-121.844404
Las Flores	33.583836	-117.623741
Las Flores	40.072141	-122.157312
Las Lomas	36.868813	-121.731611
Lathrop	37.808666	-121.317765
Laton	36.43141	-119.697597
La Verne	34.120521	-117.769928
La Vina	36.879865	-120.114802
Lawndale	33.888435	-118.353143
Laytonville	39.662256	-123.495015
Lebec	34.844614	-118.899237
Lee Vining	37.954899	-119.122014
Leggett	39.863539	-123.725176
Le Grand	37.228815	-120.254002
Lemon Cove	36.38088	-119.02846
Lemon Grove	32.733071	-117.034413
Lemon Hill	38.517232	-121.457279
Lemoore	36.294365	-119.798253
Lemoore Station	36.263278	-119.904836
Lennox	33.938068	-118.35854
Lenwood	34.886056	-117.107773
Leona Valley	34.608144	-118.301322
Lewiston	40.696931	-122.822509
Lexington Hills	37.159016	-121.988793
Likely	41.226827	-120.501236
Lincoln	38.874464	-121.292886
Lincoln Village	38.005471	-121.333843
Linda	39.124142	-121.542173
Lindcove	36.358027	-119.064584
Linden	38.01814	-121.101562
Lindsay	36.209096	-119.093259
Linnell Camp	36.308887	-119.222583
Litchfield	40.387702	-120.380705
Little Grass Valley	39.725246	-120.959073
Little River	39.270285	-123.781749
Littlerock	34.525126	-117.981631
Little Valley	40.893049	-121.178041
Live Oak	36.986024	-121.980414
Live Oak	39.278802	-121.662439
Livermore	37.686977	-121.759781
Livingston	37.387281	-120.724943
Lockeford	38.149128	-121.154309
Lockwood	38.486691	-120.603425
Lockwood	35.940083	-121.078282
Lodi	38.12161	-121.290765
Lodoga	39.304272	-122.505944
Loleta	40.640885	-124.222556
Loma Linda	34.042932	-117.248872
Loma Mar	37.265784	-122.300692
Loma Rica	39.320318	-121.403831
Lomita	33.793306	-118.317455
Lompico	37.114619	-122.052768
Lompoc	34.662689	-120.470837
London	36.48048	-119.44494
Lone Pine	36.574447	-118.08061
Long Barn	38.093263	-120.134686
Long Beach	33.780791	-118.16818
Lookout	41.210401	-121.15296
Loomis	38.809368	-121.195467
Los Alamitos	33.796911	-118.061244
Los Alamos	34.741803	-120.274596
Los Altos	37.368431	-122.09657
Los Altos Hills	37.366808	-122.13865
Los Angeles	34.019394	-118.410825
Los Banos	37.063184	-120.840304
Los Berros	35.080907	-120.545036
Los Gatos	37.229912	-121.956814
Los Molinos	40.027074	-122.097971
Los Olivos	34.661506	-120.117436
Los Osos	35.307083	-120.824522
Los Ranchos	35.212699	-120.62803
Lost Hills	35.632721	-119.677889
Lower Lake	38.913034	-122.606987
Loyalton	39.676855	-120.244811
Loyola	37.350325	-122.097973
Lucas Valley-Marinwood	38.040509	-122.576482
Lucerne	39.05677	-122.770289
Lucerne Valley	34.442719	-116.902093
Lynwood	33.923959	-118.201655
Lytle Creek	34.249926	-117.504431
Mabie	39.77706	-120.544699
McArthur	41.041995	-121.40524
McClellan Park	38.662896	-121.401656
McClenney Tract	35.821984	-118.647839
McCloud	41.254739	-122.136221
Macdoel	41.826173	-122.005885
McFarland	35.667286	-119.230722
McGee Creek	37.572665	-118.791
McKinleyville	40.951571	-124.077357
McKittrick	35.298028	-119.624921
McSwain	37.314505	-120.586758
Madeline	41.05141	-120.475434
Madera	36.965774	-120.08616
Madera Acres	37.012656	-120.079727
Madera Ranchos	36.92791	-119.877283
Madison	38.674988	-121.970254
Mad River	40.432532	-123.492061
Magalia	39.818752	-121.607748
Malaga	36.681602	-119.731786
Malibu	34.02586	-118.759643
Mammoth Lakes	37.624435	-118.988432
Manchester	38.974384	-123.690961
Manhattan Beach	33.90087	-118.420715
Manila	40.850897	-124.163193
Manteca	37.792839	-121.226076
Manton	40.426679	-121.850421
March ARB	33.889184	-117.277729
Maricopa	35.050942	-119.406605
Marina	36.680256	-121.789368
Marina del Rey	33.976373	-118.450888
Marin City	37.871156	-122.513736
Mariposa	37.491217	-119.973216
Markleeville	38.684002	-119.822738
Martell	38.367328	-120.807187
Martinez	37.998116	-122.114419
Marysville	39.151535	-121.583374
Matheny	36.170646	-119.351608
Mather	38.548362	-121.283841
Maxwell	39.277078	-122.194676
Mayfair	36.769346	-119.761262
Mayflower Village	34.115931	-118.009581
Maywood	33.988548	-118.187707
Meadowbrook	33.725782	-117.285086
Meadow Valley	39.932312	-121.083086
Meadow Vista	39.001718	-121.037582
Mead Valley	33.833311	-117.2852
Mecca	33.576566	-116.064661
Meiners Oaks	34.455349	-119.270166
Mendocino	39.312451	-123.792402
Mendota	36.757595	-120.380474
Menifee	33.689858	-117.184383
Menlo Park	37.479731	-122.148055
Mentone	34.060639	-117.11502
Merced	37.305712	-120.477905
Meridian	39.140437	-121.9079
Mesa	37.416833	-118.539115
Mesa Verde	33.5957	-114.731604
Mesa Vista	38.810287	-119.803267
Mettler	35.063563	-118.97298
Mexican Colony	35.46893	-119.268712
Meyers	38.834787	-120.01856
Middletown	38.751877	-122.622103
Midpines	37.553411	-119.928791
Midway City	33.745119	-117.984843
Milford	40.149467	-120.370196
Millbrae	37.59897	-122.401991
Millerton	36.976926	-119.665775
Mill Valley	37.908122	-122.542325
Millville	40.559569	-122.175569
Milpitas	37.433141	-121.890924
Mineral	40.402713	-121.550844
Minkler	36.727624	-119.45885
Mira Monte	34.431119	-119.287201
Miranda	40.228687	-123.817584
Mission Canyon	34.456253	-119.717041
Mission Hills	34.688779	-120.43975
Mission Viejo	33.609335	-117.656471
Mi-Wuk Village	38.057735	-120.176698
Modesto	37.637533	-121.003049
Modjeska	33.709133	-117.629704
Mohawk Vista	39.804822	-120.588312
Mojave	35.014995	-118.190209
Mokelumne Hill	38.308484	-120.705617
Monmouth	36.565621	-119.740475
Mono City	38.032123	-119.147399
Mono Vista	38.013432	-120.270048
Monrovia	34.163984	-117.984646
Monson	36.49242	-119.33612
Montague	41.727088	-122.530511
Montalvin Manor	37.997583	-122.330093
Montara	37.548263	-122.492362
Montclair	34.071493	-117.69808
Montebello	34.015444	-118.111012
Montecito	34.418642	-119.633117
Monterey	36.601193	-121.88311
Monterey Park	34.04838	-118.133165
Monterey Park Tract	37.526814	-121.011487
Monte Rio	38.473611	-123.026178
Monte Sereno	37.24041	-121.988235
Montgomery Creek	40.842838	-121.920661
Monument Hills	38.664105	-121.875389
Moorpark	34.285942	-118.87704
Morada	38.038626	-121.245892
Moraga	37.845693	-122.123217
Moreno Valley	33.923253	-117.205685
Morgan Hill	37.132495	-121.641891
Morongo Valley	34.072377	-116.562727
Morro Bay	35.366773	-120.868289
Moskowite Corner	38.443874	-122.19199
Moss Beach	37.51333	-122.498389
Moss Landing	36.805389	-121.786577
Mountain Center	33.710749	-116.723312
Mountain Gate	40.718456	-122.326225
Mountain House	37.767301	-121.544934
Mountain Meadows	35.093565	-118.432687
Mountain Mesa	35.641137	-118.404645
Mountain Ranch	38.211721	-120.531115
Mountain View	38.009205	-122.11685
Mountain View	37.399686	-122.079269
Mountain View Acres	34.497558	-117.347173
Mt. Bullion	37.508618	-120.042081
Mount Hebron	41.785573	-122.0079
Mount Hermon	37.051032	-122.053348
Mount Laguna	32.871105	-116.424687
Mount Shasta	41.32088	-122.315481
Muir Beach	37.861565	-122.580322
Murphys	38.136093	-120.443942
Murrieta	33.572134	-117.190444
Muscoy	34.155176	-117.347721
Myers Flat	40.265478	-123.875548
Myrtletown	40.788731	-124.130658
Napa	38.297872	-122.300741
National City	32.665862	-117.097361
Needles	34.813426	-114.626639
Nevada City	39.259608	-121.033326
Newark	37.504253	-122.03191
Newcastle	38.866731	-121.131984
New Cuyama	34.943057	-119.682018
Newell	41.888731	-121.360249
Newman	37.316128	-121.021424
New Pine Creek	41.98727	-120.300964
Newport Beach	33.597332	-117.890352
Nicasio	38.060622	-122.700822
Nice	39.126181	-122.85533
Nicolaus	38.89819	-121.572837
Niland	33.238708	-115.51444
Nipinnawasee	37.403053	-119.729269
Nipomo	35.03066	-120.497757
Norco	33.925519	-117.551958
Nord	39.773787	-121.954903
Norris Canyon	37.745757	-121.988091
North Auburn	38.930693	-121.081081
North Edwards	35.047332	-117.809362
North El Monte	34.102927	-118.023862
North Fair Oaks	37.475426	-122.203459
North Fork	37.234632	-119.521038
North Gate	37.905513	-121.997879
North Highlands	38.671331	-121.372134
North Lakeport	39.086632	-122.909442
North Richmond	37.965269	-122.370649
North San Juan	39.37181	-121.106079
North Shore	33.514576	-115.910959
North Tustin	33.763544	-117.794717
Norwalk	33.9076	-118.083453
Novato	38.085087	-122.548272
Nubieber	41.096627	-121.182163
Nuevo	33.801137	-117.141382
Oakdale	37.761666	-120.846434
Oak Glen	34.041043	-116.962307
Oak Hills	34.389944	-117.403094
Oakhurst	37.341396	-119.626215
Oakland	37.769846	-122.22569
Oakley	37.996149	-121.693624
Oak Park	34.184984	-118.76694
Oak Run	40.694196	-122.025008
Oak Shores	35.760759	-120.982825
Oak View	34.403037	-119.29895
Oakville	38.438373	-122.406773
Oasis	33.527529	-116.126093
Occidental	38.400372	-122.934946
Oceano	35.101608	-120.608217
Oceanside	33.224601	-117.306291
Ocotillo	32.743126	-116.001879
Oildale	35.42926	-119.030576
Ojai	34.449199	-119.246664
Olancha	36.269787	-118.001258
Olde Stockdale	35.347599	-119.079372
Old Fig Garden	36.798845	-119.805128
Old River	35.267123	-119.105523
Old Station	40.673204	-121.413348
Old Stine	35.347751	-119.046923
Olivehurst	39.079461	-121.556659
Ono	40.478117	-122.625491
Ontario	34.037648	-117.604433
Onyx	35.67022	-118.227163
Orange	33.786971	-117.861265
Orange Blossom	37.814722	-120.687332
Orange Cove	36.621145	-119.31875
Orangevale	38.689359	-121.223077
Orcutt	34.869235	-120.421684
Orick	41.290216	-124.070302
Orinda	37.88161	-122.168595
Orland	39.746082	-122.185545
Orosi	36.543271	-119.291419
Oroville	39.495423	-121.560069
Oroville East	39.49362	-121.483755
Oxnard	34.199436	-119.207515
Pacheco	37.987852	-122.069828
Pacifica	37.606598	-122.47723
Pacific Grove	36.622577	-121.92643
Pajaro	36.901659	-121.74173
Pajaro Dunes	36.868212	-121.805697
Pala	33.363926	-117.067785
Palermo	39.430695	-121.522884
Palmdale	34.591038	-118.105403
Palm Desert	33.737635	-116.364145
Palm Springs	33.803361	-116.53828
Palo Alto	37.39652	-122.143088
Palo Cedro	40.566236	-122.242837
Paloma	38.260552	-120.764426
Palos Verdes Estates	33.774271	-118.425754
Palo Verde	33.427843	-114.727095
Panorama Heights	35.806768	-118.627053
Paradise	39.754192	-121.6064
Paradise	37.482853	-118.602213
Paradise Park	37.006297	-122.042413
Paramount	33.898883	-118.166629
Parklawn	37.607091	-120.980386
Parksdale	36.946491	-120.021168
Parkway	38.499293	-121.452011
Parkwood	36.929255	-120.048139
Parlier	36.608993	-119.54361
Pasadena	34.160602	-118.137954
Pasatiempo	37.003338	-122.026474
Paskenta	39.883275	-122.545834
Patterson	37.475876	-121.153882
Patterson Tract	36.379521	-119.295604
Patton Village	40.140724	-120.178123
Paxton	40.033606	-121.002569
Paynes Creek	40.3419	-121.924974
Pearsonville	35.822945	-117.87825
Penngrove	38.300619	-122.670641
Penn Valley	39.195297	-121.194153
Penryn	38.848218	-121.169809
Pepperdine University	34.042278	-118.709182
Perris	33.789849	-117.222171
Pescadero	37.244894	-122.378866
Petaluma	38.242251	-122.628769
Petaluma Center	38.250652	-122.788841
Peters	37.976157	-121.043809
Phelan	34.439816	-117.524829
Phillipsville	40.210704	-123.781212
Philo	39.065757	-123.445063
Phoenix Lake	38.011347	-120.309
Pico Rivera	33.989524	-118.089295
Piedmont	37.822545	-122.230024
Pierpoint	36.140468	-118.629615
Pike	39.427843	-120.999682
Pine Canyon	36.172072	-121.143013
Pine Flat	35.875355	-118.643832
Pine Grove	38.40304	-120.657087
Pine Hills	40.732892	-124.161095
Pine Mountain Club	34.840895	-119.168541
Pine Mountain Lake	37.85954	-120.181662
Pine Valley	32.841513	-116.510706
Pinole	38.001702	-122.318488
PiÃ±on Hills	34.445607	-117.623563
Pioneer	38.433759	-120.586077
Piru	34.405678	-118.805097
Pismo Beach	35.153173	-120.673874
Pittsburg	38.016771	-121.896948
Pixley	35.976823	-119.30019
Placentia	33.881158	-117.854783
Placerville	38.731116	-120.797677
Plainview	36.143028	-119.13534
Planada	37.290207	-120.321637
Platina	40.359052	-122.904244
Pleasant Hill	37.954163	-122.075772
Pleasanton	37.667185	-121.88123
Pleasure Point	36.959718	-121.970036
Plumas Eureka	39.798242	-120.664441
Plumas Lake	38.979131	-121.558056
Plymouth	38.471741	-120.857194
Point Arena	38.912306	-123.695609
Point Reyes Station	38.084647	-122.809226
Pollock Pines	38.757641	-120.590957
Pomona	34.058494	-117.761091
Ponderosa	36.104693	-118.531915
Poplar-Cotton Center	36.057716	-119.150181
Port Costa	38.044543	-122.184942
Porterville	36.063542	-119.0336
Port Hueneme	34.162143	-119.204177
Portola	39.820799	-120.474293
Portola Valley	37.365191	-122.232724
Posey	35.805263	-118.682639
Poso Park	35.811272	-118.636537
Post Mountain	40.415949	-123.231604
Potomac Park	35.363538	-118.964963
Potrero	32.613089	-116.606815
Potter Valley	39.317141	-123.10986
Poway	32.987677	-117.021814
Prattville	40.206005	-121.157456
Princeton	39.401598	-122.01936
Proberta	40.076157	-122.177609
Prunedale	36.811747	-121.65496
Pumpkin Center	35.265301	-119.03241
Quartz Hill	34.651988	-118.215945
Quincy	39.931017	-120.954886
Rackerby	39.426114	-121.35419
Rail Road Flat	38.335576	-120.550131
Rainbow	33.409873	-117.13944
Raisin City	36.603262	-119.909158
Ramona	33.045811	-116.877546
Rancho Calaveras	38.133305	-120.861766
Rancho Cordova	38.577079	-121.236187
Rancho Cucamonga	34.130306	-117.566067
Rancho Mirage	33.763838	-116.430388
Rancho Mission Viejo	33.514003	-117.561795
Rancho Murieta	38.500701	-121.074021
Rancho Palos Verdes	33.738517	-118.369685
Rancho San Diego	32.762405	-116.919691
Rancho Santa Fe	33.025814	-117.198148
Rancho Santa Margarita	33.632332	-117.599008
Rancho Tehama Reserve	40.004003	-122.42834
Randsburg	35.368658	-117.660322
Red Bluff	40.173515	-122.241525
Red Corral	38.412132	-120.607102
Redcrest	40.398775	-123.947415
Redding	40.570277	-122.366766
Redlands	34.053506	-117.170476
Redondo Beach	33.849538	-118.400755
Redway	40.120223	-123.821777
Redwood City	37.515274	-122.213672
Redwood Valley	39.268548	-123.202758
Reedley	36.598364	-119.446687
Reliez Valley	37.939888	-122.102695
Rexland Acres	35.305053	-118.996992
Rialto	34.117419	-117.389215
Richfield	39.973801	-122.173234
Richgrove	35.796612	-119.106903
Richmond	37.952278	-122.360609
Richvale	39.493735	-121.750766
Ridgecrest	35.628542	-117.663992
Ridgecrest Heights	35.6019	-117.70418
Ridgemark	36.808241	-121.36228
Rio Dell	40.49557	-124.115163
Rio del Mar	36.957899	-121.884823
Rio Linda	38.687502	-121.441682
Rio Oso	38.951823	-121.530974
Rio Vista	38.176672	-121.703406
Ripley	33.523788	-114.652992
Ripon	37.742007	-121.130373
Riverbank	37.726022	-120.94484
Riverdale	36.430402	-119.867178
Riverdale Park	37.602223	-121.039491
Rivergrove	35.440294	-118.941085
River Pines	38.545458	-120.742909
Riverside	33.938143	-117.393168
Robbins	38.866948	-121.707092
Robinson Mill	39.485626	-121.320164
Rocklin	38.806868	-121.249696
Rodeo	38.036605	-122.253956
Rodriguez Camp	35.808986	-119.138822
Rohnert Park	38.347617	-122.700896
Rolling Hills	33.760016	-118.347168
Rolling Hills	36.903962	-119.796624
Rolling Hills Estates	33.778442	-118.327432
Rollingwood	37.965347	-122.330608
Romoland	33.764806	-117.157107
Rosamond	34.865627	-118.214767
Rosedale	35.388608	-119.205742
Rose Hills	34.009012	-118.041909
Rosemead	34.06888	-118.08268
Rosemont	38.547729	-121.355371
Roseville	38.770296	-121.319634
Ross	37.963821	-122.561614
Rossmoor	33.788691	-118.080326
Rough and Ready	39.234023	-121.138022
Round Mountain	40.797463	-121.937988
Round Valley	37.414163	-118.572273
Rouse	37.619513	-121.008371
Rowland Heights	33.970313	-117.890568
Rumsey	38.893308	-122.243647
Running Springs	34.211362	-117.104572
Ruth	40.293849	-123.348335
Rutherford	38.458864	-122.428831
Sacramento	38.567694	-121.468161
Sage	33.594066	-116.910385
St. Helena	38.512806	-122.468076
Salida	37.709123	-121.084825
Salinas	36.690217	-121.633793
Salmon Creek	38.346212	-123.059329
Salton City	33.299426	-115.960947
Salton Sea Beach	33.375855	-116.011475
Salyer	40.876768	-123.573501
Samoa	40.814609	-124.189215
San Andreas	38.192691	-120.67318
San Anselmo	37.982117	-122.569921
San Antonio Heights	34.15642	-117.658705
San Ardo	36.023699	-120.907307
San Bernardino	34.14114	-117.294635
San Bruno	37.62556	-122.431397
San Buenaventura (Ventura)	34.26778	-119.254206
San Carlos	37.499034	-122.267572
San Clemente	33.449143	-117.61312
Sand City	36.62177	-121.847668
San Diego	32.814977	-117.135562
San Diego Country Estates	33.009376	-116.787314
San Dimas	34.107957	-117.808529
San Fernando	34.288652	-118.436243
San Francisco	37.727239	-123.032229
San Gabriel	34.094636	-118.098469
Sanger	36.698967	-119.557483
San Geronimo	38.006713	-122.663266
San Jacinto	33.798864	-116.995914
San Joaquin	36.605569	-120.189922
San Jose	37.296011	-121.814552
San Juan Bautista	36.845132	-121.536949
San Juan Capistrano	33.500889	-117.654388
San Leandro	37.703368	-122.163036
San Lorenzo	37.6759	-122.135973
San Lucas	36.128349	-121.021732
San Luis Obispo	35.266195	-120.668438
San Marcos	33.132567	-117.169892
San Marino	34.122671	-118.112911
San Martin	37.082881	-121.596322
San Mateo	37.56031	-122.3106
San Miguel	37.886699	-122.036833
San Miguel	35.753402	-120.692392
San Pablo	37.962861	-122.342581
San Pasqual	34.139222	-118.102524
San Rafael	37.981003	-122.50693
San Ramon	37.765258	-121.931987
San Simeon	35.618206	-121.137438
Santa Ana	33.736332	-117.8829
Santa Barbara	34.403592	-119.713714
Santa Clara	37.364621	-121.967973
Santa Clarita	34.416504	-118.500693
Santa Cruz	36.974385	-122.035268
Santa Fe Springs	33.933565	-118.062611
Santa Margarita	35.389426	-120.608159
Santa Maria	34.933076	-120.443559
Santa Monica	34.010911	-118.498245
Santa Nella	37.101219	-121.015697
Santa Paula	34.354941	-119.066271
Santa Rosa	38.445824	-122.706181
Santa Rosa Valley	34.245903	-118.901784
Santa Susana	34.258582	-118.664319
Santa Venetia	38.005538	-122.502811
Santa Ynez	34.617457	-120.096355
Santee	32.85499	-116.986056
Saranap	37.887818	-122.076142
Saratoga	37.268326	-122.02622
Saticoy	34.282469	-119.142844
Sattley	39.629945	-120.437275
Sausalito	37.858369	-122.491844
Scotia	40.478813	-124.104651
Scotts Valley	37.055499	-122.011769
Seacliff	36.977344	-121.918615
Seal Beach	33.754399	-118.07132
Sea Ranch	38.725274	-123.458314
Searles Valley	35.770048	-117.396676
Seaside	36.625058	-121.817804
Sebastopol	38.400003	-122.827586
Seeley	32.790475	-115.684982
Selma	36.571728	-119.613879
Sequoia Crest	36.185882	-118.625635
Sereno del Mar	38.383671	-123.073148
Seville	36.483533	-119.225868
Shafter	35.479421	-119.201285
Shandon	35.653609	-120.383148
Shasta	40.592021	-122.477899
Shasta Lake	40.676564	-122.380909
Shaver Lake	37.099184	-119.325677
Sheep Ranch	38.207433	-120.460192
Shell Ridge	37.905919	-122.034399
Shelter Cove	40.038954	-124.055825
Sheridan	38.973111	-121.350946
Shingle Springs	38.665855	-120.936208
Shingletown	40.506094	-121.855665
Shoshone	35.96723	-116.30877
Sierra Brooks	39.642592	-120.215387
Sierra City	39.572658	-120.627617
Sierra Madre	34.168771	-118.050216
Sierra Village	38.075627	-120.159336
Sierraville	39.582232	-120.362065
Signal Hill	33.803461	-118.169735
Silverado	33.748176	-117.628479
Silverado Resort	38.356302	-122.256334
Silver City	36.466306	-118.649508
Silver Lakes	34.74782	-117.344966
Simi Valley	34.266887	-118.748458
Sisquoc	34.861817	-120.294395
Sky Valley	33.891237	-116.35504
Sleepy Hollow	38.012039	-122.587686
Smartsville	39.205273	-121.292916
Smith Corner	35.478831	-119.277123
Smith River	41.923802	-124.147825
Snelling	37.52445	-120.436319
Soda Bay	39.002431	-122.779476
Soda Springs	39.324788	-120.378665
Solana Beach	32.9913	-117.258062
Soledad	36.434522	-121.317759
Solvang	34.593758	-120.13968
Somis	34.265263	-118.998406
Sonoma	38.290331	-122.459831
Sonoma State University	38.340565	-122.672884
Sonora	37.981707	-120.382755
Soquel	36.997762	-121.948248
Soulsbyville	37.991289	-120.262791
South Dos Palos	36.970701	-120.646731
South El Monte	34.050377	-118.048384
South Gate	33.944159	-118.192761
South Lake Tahoe	38.928218	-119.981
South Monrovia Island	34.123421	-117.995864
South Oroville	39.476554	-121.543878
South Pasadena	34.108957	-118.156615
South San Francisco	37.655104	-122.376234
South San Gabriel	34.047794	-118.095678
South San Jose Hills	34.012332	-117.904363
South Taft	35.129308	-119.4575
South Whittier	33.93308	-118.030771
Spaulding	40.655664	-120.78626
Spreckels	36.624716	-121.646487
Spring Garden	39.891971	-120.786617
Spring Valley	39.076053	-122.584512
Spring Valley	32.729948	-116.976401
Spring Valley Lake	34.496818	-117.267587
Springville	36.120867	-118.822825
Squaw Valley	36.719141	-119.202677
Squirrel Mountain Valley	35.617524	-118.404668
Stallion Springs	35.092016	-118.657649
Stanford	37.426933	-122.167741
Stanton	33.800233	-117.993449
Stebbins	35.40565	-119.314178
Stevenson Ranch	34.38772	-118.584359
Stevinson	37.324664	-120.849664
Stinson Beach	37.902485	-122.650116
Stirling City	39.904971	-121.537263
Stockton	37.977243	-121.308865
Stones Landing	40.691549	-120.734628
Stonyford	39.369492	-122.543808
Stratford	36.188464	-119.822247
Strathmore	36.146117	-119.064341
Strawberry	37.89125	-122.509166
Strawberry	38.198384	-120.010343
Sugarloaf Saw Mill	35.834299	-118.616541
Sugarloaf Village	35.826851	-118.635447
Suisun City	38.248334	-122.010066
Sultana	36.545511	-119.337736
Summerland	34.417182	-119.587494
Sunnyside	36.729419	-119.694505
Sunnyside-Tahoe City	39.148318	-120.170938
Sunny Slopes	37.569376	-118.675836
Sunnyvale	37.385797	-122.026316
Sunol	37.585935	-121.880456
Sun Village	34.559524	-117.956758
Susanville	40.433674	-120.628306
Sutter	39.155596	-121.749265
Sutter Creek	38.392445	-120.798969
Swall Meadows	37.50606	-118.642656
Taft	35.126696	-119.424194
Taft Heights	35.13375	-119.47114
Taft Mosswood	37.911954	-121.282166
Tahoe Vista	39.2468	-120.058578
Tahoma	39.058245	-120.142067
Talmage	39.131198	-123.163838
Tamalpais-Homestead Valley	37.879129	-122.537889
Tancred	38.761859	-122.154696
Tara Hills	37.993845	-122.318781
Tarina	35.3807	-118.817088
Tarpey Village	36.794045	-119.701198
Taylorsville	40.058662	-120.838675
Tecopa	35.820581	-116.205051
Tehachapi	35.142959	-118.446036
Tehama	40.021776	-122.126901
Temecula	33.493073	-117.131734
Temelec	38.257755	-122.498198
Temescal Valley	33.758003	-117.467159
Temple City	34.102156	-118.057971
Templeton	35.556024	-120.718166
Tennant	41.578884	-121.917464
Terminous	38.115256	-121.489558
Terra Bella	35.960011	-119.038528
Teviston	35.928872	-119.278332
Thermal	33.626195	-116.130834
Thermalito	39.508933	-121.601116
Thornton	38.229659	-121.426063
Thousand Oaks	34.19329	-118.874235
Thousand Palms	33.815006	-116.354481
Three Rivers	36.440041	-118.88028
Three Rocks	36.505148	-120.393534
Tiburon	37.886768	-122.462619
Timber Cove	38.541089	-123.258786
Tipton	36.057233	-119.313525
Tobin	39.935798	-121.296491
Tomales	38.24703	-122.905355
Tonyville	36.247382	-119.090352
Tooleville	36.287753	-119.115435
Topanga	34.096777	-118.606021
Topaz	38.638059	-119.501807
Toro Canyon	34.423004	-119.560729
Torrance	33.830453	-118.356618
Trabuco Canyon	33.678228	-117.594009
Tracy	37.727396	-121.452195
Tranquillity	36.648007	-120.252542
Traver	36.454111	-119.48373
Tres Pinos	36.790382	-121.310564
Trinidad	41.057708	-124.143255
Trinity Center	40.984064	-122.708325
Trinity Village	40.878916	-123.513207
Trona	35.815821	-117.347348
Trowbridge	38.926385	-121.514845
Truckee	39.350548	-120.193943
Tulare	36.199366	-119.341921
Tulelake	41.95346	-121.474897
Tuolumne City	37.962652	-120.241986
Tupman	35.298743	-119.357674
Turlock	37.505524	-120.859269
Tustin	33.73092	-117.810599
Tuttle	37.296508	-120.378867
Tuttletown	38.010436	-120.441246
Twain	40.035503	-121.040363
Twain Harte	38.036943	-120.233918
Twentynine Palms	34.147817	-116.065959
Twin Lakes	38.162886	-119.341063
Twin Lakes	36.961378	-121.991748
Ukiah	39.146614	-123.210326
Union City	37.602759	-122.01884
University of California-Davis	38.537704	-121.7579
University of California-Merced	37.364083	-120.418831
University of California-Santa Barbara	34.417825	-119.846713
Upland	34.116073	-117.659922
Upper Lake	39.16505	-122.905182
Vacaville	38.358621	-121.968601
Valinda	34.040033	-117.930057
Vallecito	38.083203	-120.468331
Vallejo	38.106909	-122.262339
Valle Vista	33.743363	-116.888783
Valley Acres	35.208668	-119.410651
Valley Center	33.232994	-117.015763
Valley Ford	38.32456	-122.914733
Valley Home	37.827241	-120.914343
Valley Ranch	39.740342	-120.564895
Valley Springs	38.189378	-120.825279
Valley Wells	35.880729	-117.335676
Val Verde	34.450423	-118.671784
Vandenberg AFB	34.727986	-120.506467
Vandenberg Village	34.71174	-120.461933
Verdi	39.526969	-120.023394
Vernon	34.001123	-118.210869
Victor	38.138465	-121.19876
Victorville	34.527735	-117.353579
View Park-Windsor Hills	33.994472	-118.347762
Villa Park	33.817985	-117.811293
Vina	39.93418	-122.051706
Vincent	34.098268	-117.923801
Vine Hill	38.007117	-122.087297
Vineyard	38.474035	-121.323995
Virginia Lakes	38.043473	-119.259877
Visalia	36.32803	-119.328519
Vista	33.189683	-117.238579
Vista Santa Rosa	33.621451	-116.208816
Volcano	38.450614	-120.621768
Volta	37.082353	-120.91448
Walker	38.518502	-119.473051
Wallace	38.199838	-120.964242
Walnut	34.037195	-117.855606
Walnut Creek	37.902666	-122.040479
Walnut Grove	38.250594	-121.534973
Walnut Park	33.968233	-118.221948
Warm Springs	33.706681	-117.334347
Warner Valley	40.404355	-121.340562
Wasco	35.593785	-119.367101
Washington	39.359158	-120.790497
Waterford	37.642685	-120.754152
Waterloo	38.036452	-121.184555
Watsonville	36.923587	-121.772395
Waukena	36.139104	-119.510973
Wautec	41.354315	-123.862288
Wawona	37.544674	-119.638674
Weaverville	40.740655	-122.929022
Weed	41.412087	-122.380966
Weedpatch	35.235892	-118.909561
Weitchpec	41.194593	-123.688847
Weldon	35.644103	-118.309088
Weott	40.322772	-123.920622
West Athens	33.923453	-118.303301
West Bishop	37.362768	-118.475046
West Carson	33.823139	-118.293685
West Covina	34.055941	-117.909937
West Goshen	36.349183	-119.457374
Westhaven-Moonstone	41.036117	-124.09083
West Hollywood	34.088268	-118.371831
Westlake Village	34.136675	-118.817367
Westley	37.546908	-121.200915
West Menlo Park	37.433824	-122.20342
Westminster	33.752292	-117.993868
West Modesto	37.617519	-121.032828
Westmont	33.941682	-118.301834
Westmorland	33.038996	-115.622441
West Park	36.705526	-119.851548
West Point	38.406819	-120.542592
West Puente Valley	34.05228	-117.966717
West Rancho Dominguez	33.904332	-118.267777
West Sacramento	38.554368	-121.548663
Westside	36.404202	-120.134326
West Whittier-Los Nietos	33.975998	-118.068929
Westwood	40.30522	-121.003503
Wheatland	39.031163	-121.389996
Whitehawk	39.720609	-120.553583
Whitewater	33.93559	-116.687212
Whitley Gardens	35.656322	-120.508112
Whitmore	40.61251	-121.935906
Whittier	33.966827	-118.020122
Wildomar	33.617278	-117.258312
Wilkerson	37.277339	-118.391588
Williams	39.14978	-122.138968
Williams Canyon	33.728913	-117.639438
Willits	39.405006	-123.348889
Willowbrook	33.920834	-118.236915
Willow Creek	40.93933	-123.6411
Willows	39.514752	-122.199178
Wilseyville	38.376483	-120.486844
Wilsonia	36.734598	-118.955847
Wilton	38.412977	-121.212718
Winchester	33.71463	-117.077398
Windsor	38.542099	-122.808613
Winter Gardens	32.837512	-116.926555
Winterhaven	32.737183	-114.637798
Winters	38.533271	-121.975473
Winton	37.385427	-120.617364
Wofford Heights	35.714951	-118.472664
Woodacre	38.005174	-122.63831
Woodbridge	38.172065	-121.308915
Woodcrest	33.878946	-117.368671
Woodlake	36.412828	-119.100718
Woodland	38.67116	-121.750043
Woodlands	35.028873	-120.552393
Woodside	37.42215	-122.258593
Woodville	36.09268	-119.201226
Woodville Farm Labor Camp	36.083151	-119.147923
Woody	35.708148	-118.814396
Wrightwood	34.345988	-117.627579
Yankee Hill	39.700709	-121.514688
Yermo	34.906656	-116.823274
Yettem	36.485684	-119.255689
Yolo	38.740463	-121.809324
Yorba Linda	33.889038	-117.77207
Yosemite Lakes	37.185358	-119.772122
Yosemite Valley	37.742523	-119.577626
Yosemite West	37.648193	-119.718217
Yountville	38.393512	-122.365536
Yreka	41.724032	-122.63157
Yuba City	39.129842	-121.641549
Yucaipa	34.033582	-117.042898
Yucca Valley	34.123347	-116.421557
Zayante	37.089214	-122.040862
Acres Green	39.555736	-104.89582
Aetna Estates	39.738127	-104.673221
Aguilar	37.403626	-104.655036
Air Force Academy	38.994185	-104.863922
Akron	40.163466	-103.220274
Alamosa	37.474528	-105.876956
Alamosa East	37.476658	-105.839745
Allenspark	40.231281	-105.517986
Alma	39.286131	-106.068893
Alpine	37.687805	-106.586097
Altona	40.121928	-105.296165
Amherst	40.683161	-102.172596
Antonito	37.076246	-106.010332
Applewood	39.747481	-105.172965
Arapahoe	38.852919	-102.178897
Arboles	37.020861	-107.421744
Aristocrat Ranchettes	40.108496	-104.760575
Arriba	39.284326	-103.274032
Arvada	39.833728	-105.150306
Aspen	39.195154	-106.836807
Aspen Park	39.542654	-105.296307
Atwood	40.550477	-103.274598
Ault	40.589208	-104.73943
Aurora	39.703633	-104.720088
Avon	39.641891	-106.51581
Avondale	38.235183	-104.348232
Bark Ranch	40.117803	-105.440718
Basalt	39.368585	-107.04876
Battlement Mesa	39.452767	-108.00394
Bayfield	37.234075	-107.59516
Bennett	39.741727	-104.428719
Berkley	39.806595	-105.028775
Berthoud	40.284675	-104.965515
Bethune	39.303822	-102.423414
Beulah Valley	38.07271	-104.9817
Black Forest	39.063648	-104.679613
Black Hawk	39.801658	-105.493287
Blanca	37.439268	-105.513544
Blende	38.249779	-104.568707
Blue River	39.448464	-106.036777
Blue Sky	40.300094	-103.805528
Blue Valley	39.699687	-105.492107
Bonanza	38.296617	-106.141869
Bonanza Mountain Estates	39.97689	-105.479577
Boone	38.250596	-104.26099
Boulder	40.024431	-105.251251
Bow Mar	39.626594	-105.050914
Brandon	38.4464	-102.441155
Branson	37.015493	-103.883777
Breckenridge	39.49946	-106.043243
Brick Center	39.591236	-104.460798
Briggsdale	40.636005	-104.324272
Brighton	39.965699	-104.79417
Brook Forest	39.573879	-105.394396
Brookside	38.413495	-105.190945
Broomfield	39.953593	-105.050787
Brush	40.259263	-103.636334
Buena Vista	38.831989	-106.138657
Burlington	39.304171	-102.271466
Byers	39.709435	-104.212848
Calhan	39.034429	-104.299341
Campo	37.104711	-102.578798
CaÃ±on City	38.441886	-105.220899
Capulin	37.281886	-106.104946
Carbonate	39.746462	-107.340127
Carbondale	39.395559	-107.21502
Cascade-Chipita Park	38.947428	-104.998103
Castle Pines	39.46249	-104.870584
Castle Pines Village	39.441799	-104.897037
Castle Rock	39.376194	-104.852922
Cathedral	38.083629	-107.030681
Catherine	39.403756	-107.144959
Cattle Creek	39.466634	-107.259917
Cedaredge	38.894097	-107.925485
Centennial	39.590864	-104.863808
Center	37.751236	-106.110564
Central	39.792793	-105.514255
Chacra	39.578397	-107.454907
Cheraw	38.10766	-103.511022
Cherry Creek	39.609475	-104.864475
Cherry Hills Village	39.637418	-104.94747
Cheyenne Wells	38.819202	-102.35203
Cimarron Hills	38.859299	-104.700152
City of Creede	37.848597	-106.925146
Clifton	39.076708	-108.460469
Coal Creek	39.904693	-105.372136
Coal Creek	38.362171	-105.142199
Coaldale	38.355737	-105.813085
Cokedale	37.144223	-104.62159
Collbran	39.240009	-107.963517
Colona	38.32751	-107.779306
Colorado City	37.939379	-104.843082
Colorado Springs	38.867255	-104.760749
Columbine	39.588586	-105.06918
Columbine Valley	39.599568	-105.030885
Comanche Creek	39.606144	-104.335836
Commerce City	39.882792	-104.794908
Conejos	37.087257	-106.015993
Cope	39.664217	-102.845127
Copper Mountain	39.476895	-106.201113
Cortez	37.349783	-108.576687
Cotopaxi	38.372806	-105.68552
Craig	40.51706	-107.555396
Crawford	38.705044	-107.609596
Crested Butte	38.86779	-106.977261
Crestone	37.994529	-105.696206
Cripple Creek	38.746582	-105.184981
Crisman	40.043382	-105.372398
Crook	40.858779	-102.801383
Crowley	38.193506	-103.859744
Dacono	40.063521	-104.946804
Dakota Ridge	39.619223	-105.135065
De Beque	39.309989	-108.204999
Deer Trail	39.617	-104.043851
Del Norte	37.677975	-106.353018
Delta	38.757371	-108.087986
Denver	39.76185	-104.881105
Derby	39.840791	-104.916254
Dillon	39.625881	-106.043728
Dinosaur	40.239861	-109.006795
Divide	38.945006	-105.161949
Dolores	37.474624	-108.499377
Dotsero	39.647594	-107.049856
Dove Creek	37.766842	-108.907173
Dove Valley	39.574942	-104.832407
Downieville-Lawson-Dumont	39.766613	-105.606726
Durango	37.265392	-107.878177
Eads	38.481648	-102.779823
Eagle	39.64322	-106.821344
East Pleasant View	39.727694	-105.157236
Eaton	40.525685	-104.712987
Echo Hills	39.674738	-105.413419
Eckley	40.112378	-102.4883
Edgewater	39.750849	-105.06262
Edwards	39.611824	-106.619702
Elbert	39.218856	-104.540443
Eldora	39.958253	-105.58498
Eldorado Springs	39.939266	-105.249081
Elizabeth	39.365262	-104.603915
El Jebel	39.406991	-107.094217
Ellicott	38.825585	-104.382873
El Moro	37.246633	-104.453111
Empire	39.75944	-105.681677
Englewood	39.646979	-104.994465
Erie	40.040287	-105.03831
Estes Park	40.367046	-105.533861
Evans	40.350165	-104.748355
Evergreen	39.635607	-105.338089
Fairmount	39.792569	-105.171157
Fairplay	39.224332	-105.998396
Federal Heights	39.864973	-105.01534
Firestone	40.155676	-104.948619
Flagler	39.296609	-103.064642
Fleming	40.682075	-102.839631
Florence	38.379615	-105.10023
Florissant	38.944557	-105.28987
Floyd Hill	39.719713	-105.434904
Fort Carson	38.687426	-104.748914
Fort Collins	40.548216	-105.064833
Fort Garland	37.427916	-105.435008
Fort Lupton	40.082813	-104.805544
Fort Morgan	40.253003	-103.788652
Fountain	38.68902	-104.680559
Four Square Mile	39.680723	-104.887924
Fowler	38.130619	-104.026096
Foxfield	39.58814	-104.785741
Franktown	39.390015	-104.74239
Fraser	39.923294	-105.805268
Frederick	40.105907	-104.974497
Frisco	39.578482	-106.090973
Fruita	39.155567	-108.729584
Fruitvale	39.093304	-108.478819
Fulford	39.518492	-106.65874
Garden City	40.394591	-104.689494
Gardner	37.788866	-105.164458
Garfield	38.549268	-106.289276
Genesee	39.687901	-105.271205
Genoa	39.278218	-103.498717
Georgetown	39.717886	-105.694488
Gerrard	37.678349	-106.575244
Gilcrest	40.284156	-104.782024
Glendale	39.703052	-104.936157
Glendale	40.086911	-105.371546
Gleneagle	39.039873	-104.825359
Glenwood Springs	39.547132	-107.342556
Golden	39.742483	-105.210561
Goldfield	38.717645	-105.125328
Gold Hill	40.059739	-105.418919
Granada	38.062973	-102.311591
Granby	40.064803	-105.919386
Grand Junction	39.089062	-108.567452
Grand Lake	40.255942	-105.828942
Grand View Estates	39.542958	-104.822634
Greeley	40.414034	-104.771043
Green Mountain Falls	38.934954	-105.019664
Greenwood Village	39.615934	-104.911688
Grover	40.869111	-104.225932
Guffey	38.760651	-105.509821
Gunbarrel	40.063185	-105.171697
Gunnison	38.547978	-106.924604
Gypsum	39.620164	-106.956357
Hartman	38.121128	-102.221608
Hartsel	39.02263	-105.80057
Hasty	38.102305	-102.969681
Haswell	38.452492	-103.16498
Haxtun	40.641872	-102.629703
Hayden	40.492217	-107.264325
Heeney	39.873988	-106.304155
Hidden Lake	40.10516	-105.477571
Highlands Ranch	39.540829	-104.971077
Hillrose	40.324495	-103.522206
Hoehne	37.281448	-104.389092
Holly	38.055639	-102.124589
Holly Hills	39.667727	-104.921622
Holyoke	40.582101	-102.297192
Hooper	37.745976	-105.877735
Hotchkiss	38.798992	-107.713381
Hot Sulphur Springs	40.074902	-106.10317
Howard	38.409751	-105.842407
Hudson	40.091746	-104.593741
Hugo	39.136179	-103.473138
Idaho Springs	39.749349	-105.503759
Idalia	39.703	-102.293978
Idledale	39.668928	-105.243191
Ignacio	37.118004	-107.637557
Iliff	40.759177	-103.066102
Indian Hills	39.629881	-105.247461
Inverness	39.575772	-104.865395
Jackson Lake	40.370055	-104.059173
Jamestown	40.123001	-105.393143
Jansen	37.158175	-104.550106
Joes	39.659569	-102.678471
Johnson Village	38.811894	-106.107112
Johnstown	40.307248	-104.911205
Julesburg	40.984864	-102.262708
Keenesburg	40.155173	-104.56342
Ken Caryl	39.576743	-105.113695
Kersey	40.395585	-104.578334
Keystone	39.573898	-105.934721
Kim	37.247062	-103.353411
Kiowa	39.343692	-104.45788
Kirk	39.614493	-102.591419
Kit Carson	38.762828	-102.795476
Kittredge	39.659375	-105.304886
Kremmling	40.056542	-106.378216
Lafayette	39.994814	-105.099676
Laird	40.081801	-102.101898
La Jara	37.273524	-105.959721
La Junta	37.979414	-103.547336
La Junta Gardens	38.001349	-103.55485
Lake City	38.021605	-107.310706
Lakeside	39.779075	-105.057825
Lakewood	39.698939	-105.117573
Lamar	38.075971	-102.614723
Laporte	40.637701	-105.143605
Larkspur	39.229573	-104.885679
La Salle	40.348629	-104.706105
Las Animas	38.069668	-103.223229
La Veta	37.508562	-105.008487
Lazear	38.778794	-107.780411
Lazy Acres	40.085551	-105.334372
Leadville	39.247277	-106.29346
Leadville North	39.260018	-106.31129
Lewis	37.501715	-108.660059
Leyner	40.051102	-105.107438
Limon	39.265074	-103.685911
Lincoln Park	38.425182	-105.213083
Littleton	39.590375	-105.020084
Lochbuie	40.009141	-104.726505
Loghill Village	38.19941	-107.775343
Log Lane Village	40.269734	-103.82896
Loma	39.20751	-108.805025
Lone Tree	39.530851	-104.870959
Longmont	40.169853	-105.101841
Louisville	39.969576	-105.143271
Louviers	39.479866	-105.00334
Loveland	40.416905	-105.063111
Lynn	37.421909	-104.643061
Lyons	40.22305	-105.268665
McClave	38.131547	-102.850444
McCoy	39.914382	-106.725723
Manassa	37.173841	-105.937275
Mancos	37.346641	-108.293841
Manitou Springs	38.857539	-104.912861
Manzanola	38.108758	-103.866804
Marble	39.071665	-107.190749
Marvel	37.111185	-108.126327
Matheson	39.168316	-103.977018
Maybell	40.518827	-108.088495
Maysville	38.525998	-106.219426
Mead	40.227002	-104.98832
Meeker	40.049953	-107.894584
Meridian	39.545684	-104.85332
Meridian Village	39.528052	-104.825783
Merino	40.483705	-103.353675
Midland	38.846344	-105.15212
Milliken	40.310509	-104.858412
Minturn	39.535652	-106.381759
Moffat	38.005734	-105.910118
Monte Vista	37.57854	-106.149915
Montezuma	39.581477	-105.86764
Montrose	38.468802	-107.858914
Monument	39.074406	-104.844221
Morgan Heights	40.287492	-103.827446
Morrison	39.636357	-105.205959
Mountain Meadows	40.027039	-105.383136
Mountain View	39.774776	-105.056711
Mountain Village	37.932416	-107.857737
Mount Crested Butte	38.908302	-106.960587
Mulford	39.406355	-107.165987
Nathrop	38.74874	-106.07642
Naturita	38.218344	-108.566633
Nederland	39.963815	-105.505864
New Castle	39.577645	-107.526453
Niwot	40.097552	-105.15828
No Name	39.55973	-107.292787
Norrie	39.328131	-106.656275
Northglenn	39.911629	-104.982141
North La Junta	37.999608	-103.523187
North Washington	39.807749	-104.98004
Norwood	38.128399	-108.29225
Nucla	38.266687	-108.548695
Nunn	40.71371	-104.788848
Oak Creek	40.274024	-106.957639
Olathe	38.608384	-107.9833
Olney Springs	38.166274	-103.944491
Ophir	37.85681	-107.831242
Orchard	40.332001	-104.117799
Orchard City	38.818125	-107.96727
Orchard Mesa	39.037385	-108.522836
Ordway	38.220899	-103.75668
Otis	40.150126	-102.962138
Ouray	38.027543	-107.673348
Ovid	40.960755	-102.388336
Padroni	40.781814	-103.173297
Pagosa Springs	37.263422	-107.003565
Palisade	39.107931	-108.35733
Palmer Lake	39.115801	-104.909206
Paoli	40.612764	-102.471758
Paonia	38.869797	-107.592084
Parachute	39.446788	-108.052083
Paragon Estates	39.980757	-105.185187
Park Center	38.485178	-105.226136
Parker	39.505946	-104.775828
Parshall	40.055562	-106.175995
Peetz	40.961823	-103.113809
Penrose	38.421298	-105.000395
Peoria	39.653334	-104.136977
Perry Park	39.260456	-104.967839
Peyton	39.032979	-104.490402
Phippsburg	40.230139	-106.950796
Piedra	37.441795	-107.168427
Pierce	40.647584	-104.780051
Pine Brook Hill	40.038413	-105.307526
Pine Valley	39.690938	-105.413228
Pitkin	38.608722	-106.514918
Placerville	38.005314	-108.039835
Platteville	40.222815	-104.833572
Poncha Springs	38.521109	-106.072576
Ponderosa Park	39.398666	-104.635214
Portland	38.089222	-107.695234
Pritchett	37.370009	-102.858749
Pueblo	38.269228	-104.610816
Pueblo West	38.31583	-104.784972
Ramah	39.121427	-104.167313
Rangely	40.087011	-108.78326
Raymer (New Raymer)	40.607957	-103.843576
Red Cliff	39.509291	-106.369943
Red Feather Lakes	40.809474	-105.578991
Redlands	39.084956	-108.655022
Redstone	39.180281	-107.238289
Redvale	38.176064	-108.412508
Rico	37.689086	-108.031677
Ridgway	38.157178	-107.754597
Rifle	39.537565	-107.770344
Rock Creek Park	38.701068	-104.834702
Rockvale	38.364425	-105.164523
Rocky Ford	38.049884	-103.722102
Rollinsville	39.923187	-105.51355
Romeo	37.171822	-105.985415
Roxborough Park	39.450614	-105.074057
Rye	37.921283	-104.931935
Saddle Ridge	40.313071	-103.802297
Saguache	38.08627	-106.141053
St. Ann Highlands	39.987297	-105.455806
St. Mary's	39.816531	-105.647138
Salida	38.529878	-105.997916
Salt Creek	38.240693	-104.586645
San Acacio	37.208634	-105.566638
Sanford	37.257407	-105.900766
San Luis	37.202375	-105.422506
Sawpit	37.994717	-108.002136
Security-Widefield	38.75113	-104.716023
Sedalia	39.439705	-104.969909
Sedgwick	40.935512	-102.525637
Segundo	37.12252	-104.739739
Seibert	39.297967	-102.869524
Seven Hills	40.033702	-105.330748
Severance	40.505141	-104.842097
Shaw Heights	39.85753	-105.039085
Sheridan	39.647757	-105.017457
Sheridan Lake	38.46671	-102.294399
Sherrelwood	39.838251	-105.002316
Sierra Ridge	39.528591	-104.817245
Silt	39.547978	-107.652736
Silver Cliff	38.129203	-105.399175
Silver Plume	39.695372	-105.727021
Silverthorne	39.659909	-106.089107
Silverton	37.810874	-107.664743
Simla	39.14074	-104.08237
Smeltertown	38.552322	-106.008417
Snowmass Village	39.216878	-106.94397
Snyder	40.330825	-103.591971
Somerset	38.92881	-107.464992
Southern Ute	37.074888	-107.593308
South Fork	37.669186	-106.642851
Springfield	37.404914	-102.618898
Starkville	37.116826	-104.523296
Steamboat Springs	40.475578	-106.822919
Stepping Stone	39.514747	-104.822157
Sterling	40.620487	-103.192582
Sterling Ranch	39.493227	-105.047508
Stonegate	39.533783	-104.799841
Stonewall Gap	37.160473	-105.034201
Strasburg	39.720709	-104.318187
Stratmoor	38.771957	-104.777773
Stratton	39.302884	-102.60347
Sugar City	38.232773	-103.663312
Sugarloaf	40.018875	-105.407669
Sunshine	40.06365	-105.369584
Superior	39.93119	-105.159085
Swink	38.014068	-103.628162
Tabernash	39.978763	-105.84405
Tall Timber	40.01515	-105.349822
Telluride	37.940233	-107.818152
The Pinery	39.448396	-104.749535
Thornton	39.920433	-104.941413
Timnath	40.533209	-104.964501
Todd Creek	39.978713	-104.868319
Towaoc	37.212599	-108.726461
Towner	38.4704	-102.080455
Trail Side	40.24904	-103.843203
Trinidad	37.173157	-104.490326
Twin Lakes	39.822719	-105.003969
Twin Lakes	39.103709	-106.318985
Two Buttes	37.560664	-102.396556
Upper Bear Creek	39.62688	-105.409691
Upper Witter Gulch	39.661066	-105.426833
Vail	39.63778	-106.362463
Valdez	37.125794	-104.672861
Valmont	40.033646	-105.207822
Vernon	39.939552	-102.306922
Victor	38.708738	-105.141887
Vilas	37.373664	-102.447416
Vineland	38.244738	-104.459866
Vona	39.302119	-102.743352
Walden	40.731584	-106.281336
Walsenburg	37.630598	-104.781719
Walsh	37.386107	-102.279933
Ward	40.07304	-105.514775
Watkins	39.698399	-104.577223
Welby	39.84022	-104.965502
Weldona	40.348408	-103.969365
Wellington	40.700703	-105.005699
Westcliffe	38.134203	-105.465306
Westcreek	39.148934	-105.162303
Westminster	39.880122	-105.061513
Weston	37.145923	-104.868283
West Pleasant View	39.73188	-105.178431
Wheat Ridge	39.772675	-105.104801
Wiggins	40.228425	-104.072134
Wiley	38.154789	-102.718941
Williamsburg	38.383984	-105.170993
Windsor	40.478273	-104.915053
Winter Park	39.878472	-105.782843
Wolcott	39.703571	-106.679301
Woodland Park	38.998212	-105.059019
Woodmoor	39.104824	-104.843603
Woody Creek	39.270873	-106.888331
Wray	40.079953	-102.228622
Yampa	40.153005	-106.908527
Yuma	40.122511	-102.715636
Ansonia	41.344249	-73.069825
Ball Pond	41.461651	-73.526846
Baltic	41.609703	-72.081896
Bantam	41.724745	-73.242263
Bethel	41.360293	-73.413942
Bethlehem Village	41.643961	-73.202792
Bigelow Corners	41.465011	-73.508198
Blue Hills	41.813372	-72.695442
Bogus Hill	41.508088	-73.462983
Botsford	41.358776	-73.267159
Branchville	41.26784	-73.443369
Branford Center	41.277654	-72.816095
Bridgeport	41.187393	-73.195757
Bridgewater	41.534781	-73.364582
Bristol	41.681578	-72.940749
Broad Brook	41.911153	-72.541127
Brookfield Center	41.462362	-73.387528
Brooklyn	41.789746	-71.954775
Byram	41.001096	-73.65412
Canaan	42.04011	-73.332883
Candlewood Isle	41.488531	-73.453284
Candlewood Knolls	41.479055	-73.463613
Candlewood Lake Club	41.493143	-73.436793
Candlewood Orchards	41.471615	-73.4373
Candlewood Shores	41.480054	-73.438045
Cannondale	41.216158	-73.425264
Canton Valley	41.831557	-72.897743
Cheshire Village	41.50409	-72.89687
Chester Center	41.403012	-72.456949
Chimney Point	41.501502	-73.441426
Clinton	41.276405	-72.529
Colchester	41.577592	-72.332742
Coleytown	41.176904	-73.343358
Collinsville	41.822245	-72.924487
Compo	41.122758	-73.351528
Conning Towers-Nautilus Park	41.389239	-72.063784
Cornwall	41.844322	-73.332672
Cornwall Bridge	41.80618	-73.384388
Cos Cob	41.048594	-73.591901
Coventry Lake	41.779173	-72.334021
Crystal Lake	41.933049	-72.381292
Danbury	41.398741	-73.478103
Daniels Farm	41.276903	-73.212263
Danielson	41.807108	-71.884364
Darien Downtown	41.076738	-73.469669
Dayville	41.844223	-71.882391
Deep River Center	41.37886	-72.440493
Derby	41.326124	-73.082574
Dodgingtown	41.379765	-73.352369
Durham	41.468922	-72.684525
East Brooklyn	41.792088	-71.906384
East Hampton	41.573833	-72.484941
East Hartford	41.760695	-72.607646
East Haven	41.293453	-72.858994
East Village	41.36044	-73.186534
Essex Village	41.356648	-72.393538
Fairfield University	41.158953	-73.257057
Falls Village	41.957627	-73.356208
Fenwick	41.27107	-72.354585
Gales Ferry	41.421722	-72.084501
Gaylordsville	41.641723	-73.48096
Georgetown	41.241985	-73.435673
Glastonbury Center	41.700672	-72.599416
Glenville	41.035221	-73.664156
Greens Farms	41.124096	-73.322685
Greenwich	41.027773	-73.626931
Groton	41.325054	-72.066862
Groton Long Point	41.314186	-72.010155
Guilford Center	41.280512	-72.676216
Hartford	41.765933	-72.681579
Hawleyville	41.428912	-73.350443
Hazardville	41.990889	-72.532044
Heritage Village	41.485917	-73.233294
Higganum	41.490703	-72.557768
Indian Field	41.019841	-73.608029
Inglenook	41.523066	-73.473539
Jewett City	41.607202	-71.979791
Kellogg Point	41.46819	-73.459889
Kensington	41.625618	-72.768722
Knollcrest	41.501191	-73.466875
Lake Bungee	41.956526	-72.06903
Lake Chaffee	41.937955	-72.196959
Lake Pocotopaug	41.601999	-72.501768
Lakes East	41.330675	-73.492539
Lakeside Woods	41.554808	-73.484017
Lakes West	41.336323	-73.511943
Lakeville	41.962149	-73.443297
Litchfield	41.745704	-73.189238
Long Hill	41.266595	-73.228362
Long Hill	41.349614	-72.050529
Lordship	41.153023	-73.114229
Madison Center	41.280223	-72.602272
Mamanasco Lake	41.318172	-73.529803
Manchester	41.77963	-72.520157
Mansfield Center	41.767096	-72.186811
Mashantucket	41.464469	-71.974754
Mechanicsville	41.950635	-71.885443
Meriden	41.536777	-72.794543
Middletown	41.548611	-72.656784
Milford city (balance)	41.223644	-73.064556
Mill Plain	41.154692	-73.268284
Moodus	41.501892	-72.435536
Moosup	41.716992	-71.875223
Murray	41.197407	-73.289525
Mystic	41.355976	-71.955882
Naugatuck	41.487785	-73.051551
New Britain	41.676555	-72.786161
New Canaan	41.141703	-73.490141
New Hartford Center	41.88089	-72.972828
New Haven	41.310809	-72.924953
Newington	41.686993	-72.730839
New London	41.332957	-72.096176
New Milford	41.580295	-73.403934
New Preston	41.691307	-73.334403
Newtown	41.411897	-73.31195
Niantic	41.316749	-72.199878
Noank	41.337502	-71.997557
Norfolk	41.991706	-73.194041
Noroton	41.058356	-73.490526
Noroton Heights	41.074091	-73.497221
Northford	41.395805	-72.783181
North Granby	42.015989	-72.843177
North Grosvenor Dale	41.986235	-71.903336
North Haven	41.381465	-72.856371
Northwest Harwinton	41.776446	-73.079487
Norwalk	41.092739	-73.419796
Norwich	41.548006	-72.089454
Oakville	41.588972	-73.090475
Old Greenwich	41.020119	-73.567675
Old Hill	41.149936	-73.379378
Old Mystic	41.383632	-71.986246
Old Saybrook Center	41.286632	-72.358179
Orange	41.284951	-73.024637
Oronoque	41.259164	-73.110639
Oxoboxo River	41.444859	-72.126864
Pawcatuck	41.37389	-71.856422
Pemberwick	41.018188	-73.656203
Plainfield Village	41.675183	-71.924707
Plantsville	41.583161	-72.89185
Plattsville	41.225936	-73.259096
Pleasant Valley	41.908327	-72.992311
Poplar Plains	41.168872	-73.378238
Poquonock Bridge	41.336426	-72.012268
Portland	41.577463	-72.619788
Putnam	41.916752	-71.910703
Quasset Lake	41.922298	-71.981379
Quinebaug	42.011476	-71.926066
Quinnipiac University	41.420102	-72.893614
Redding Center	41.306663	-73.383024
Ridgebury	41.356764	-73.535893
Ridgefield	41.269688	-73.492611
Riverside	41.030093	-73.583719
Riverton	41.963141	-73.016558
Rock Ridge	41.03442	-73.648396
Rockville	41.866519	-72.45127
Route 7 Gateway	41.318764	-73.475382
Sacred Heart University	41.22148	-73.2442
Sail Harbor	41.52419	-73.464218
Salmon Brook	41.957486	-72.791896
Sandy Hook	41.409	-73.24263
Saugatuck	41.112131	-73.368771
Saybrook Manor	41.28343	-72.406605
Sharon	41.879026	-73.46163
Shelton	41.304577	-73.139215
Sherman	41.572108	-73.495064
Sherwood Manor	42.011167	-72.567378
Simsbury Center	41.880599	-72.806737
Somers	41.991685	-72.445123
South Coventry	41.756752	-72.301731
Southport	41.13494	-73.287125
South Wilton	41.172295	-73.416966
South Windham	41.684189	-72.182474
Southwood Acres	41.958197	-72.57264
South Woodstock	41.929585	-71.955645
Stafford Springs	41.967856	-72.306381
Stamford	41.079611	-73.54608
Staples	41.155369	-73.325627
Stepney	41.324356	-73.268391
Stonington	41.334765	-71.899459
Storrs	41.808938	-72.251617
Stratford Downtown	41.198849	-73.12767
Suffield Depot	41.985212	-72.63925
Taylor Corners	41.446413	-73.528687
Tariffville	41.907559	-72.76818
Tashua	41.275019	-73.254445
Terramuggus	41.633568	-72.471824
Terryville	41.677838	-73.007933
Thomaston	41.676849	-73.083014
Thompsonville	41.99214	-72.596522
Tokeneke	41.053462	-73.462564
Topstone	41.296308	-73.44657
Torrington	41.8342	-73.13147
Trumbull Center	41.242397	-73.183483
Wallingford Center	41.449917	-72.818334
Waterbury	41.5585	-73.036685
Waterford	41.346273	-72.129342
Watertown	41.601155	-73.121468
Wauregan	41.750474	-71.914862
Weatogue	41.847241	-72.829769
Westbrook Center	41.281404	-72.442347
West Cornwall	41.864205	-73.360788
West Hartford	41.766568	-72.754944
West Haven	41.272121	-72.967497
West Mountain	41.300077	-73.542315
Weston	41.203236	-73.378781
Westport Village	41.143351	-73.360253
West Simsbury	41.87573	-72.845071
Wethersfield	41.702484	-72.669301
Willimantic	41.716557	-72.211733
Wilton Center	41.191279	-73.426163
Windsor Locks	41.92779	-72.651616
Winsted	41.925848	-73.067543
Witches Woods	41.946406	-72.074233
Woodbury Center	41.54387	-73.204857
Woodmont	41.221553	-72.995071
Arden	39.811335	-75.488528
Ardencroft	39.8056	-75.486151
Ardentown	39.808365	-75.480958
Bear	39.618895	-75.680821
Bellefonte	39.766892	-75.498163
Bethany Beach	38.537592	-75.064283
Bethel	38.571044	-75.619509
Blades	38.635226	-75.602516
Bowers	39.062164	-75.40291
Bridgeville	38.725204	-75.60285
Brookside	39.666239	-75.70663
Camden	39.099199	-75.556942
Cheswold	39.218813	-75.588201
Claymont	39.803171	-75.460482
Clayton	39.274059	-75.631529
Dagsboro	38.546223	-75.24579
Delaware City	39.573785	-75.594605
Delmar	38.472468	-75.543859
Dewey Beach	38.695716	-75.075197
Dover	39.160602	-75.521659
Dover Base Housing	39.116301	-75.482959
Edgemoor	39.753895	-75.505521
Ellendale	38.810129	-75.424907
Elsmere	39.738446	-75.594565
Farmington	38.869911	-75.579004
Felton	39.012645	-75.576588
Fenwick Island	38.460303	-75.053286
Frankford	38.521552	-75.234229
Frederica	39.008004	-75.466598
Georgetown	38.68945	-75.387229
Glasgow	39.601548	-75.747348
Greenville	39.774834	-75.603995
Greenwood	38.807163	-75.589996
Harrington	38.924126	-75.571795
Hartly	39.168292	-75.712377
Henlopen Acres	38.725559	-75.084979
Highland Acres	39.116265	-75.518288
Hockessin	39.7839	-75.680711
Houston	38.917349	-75.503892
Kent Acres	39.132184	-75.516121
Kenton	39.227428	-75.664672
Laurel	38.571457	-75.571134
Leipsic	39.24051	-75.515486
Lewes	38.778644	-75.143689
Lincoln	38.867788	-75.422463
Little Creek	39.165907	-75.448129
Long Neck	38.62199	-75.162058
Magnolia	39.071409	-75.476042
Middletown	39.443394	-75.717504
Milford	38.909787	-75.422301
Millsboro	38.58872	-75.309561
Millville	38.537047	-75.129362
Milton	38.775145	-75.309908
Newark	39.677649	-75.757479
New Castle	39.670017	-75.566519
Newport	39.714355	-75.604296
North Star	39.752546	-75.734866
Ocean View	38.526538	-75.109666
Odessa	39.456455	-75.659626
Pike Creek	39.748745	-75.694974
Pike Creek Valley	39.729288	-75.69787
Port Penn	39.515236	-75.581358
Rehoboth Beach	38.717446	-75.080611
Rising Sun-Lebanon	39.099911	-75.50635
Riverview	39.030435	-75.518649
Rodney Village	39.12831	-75.539683
St. Georges	39.559142	-75.648683
Seaford	38.657254	-75.613379
Selbyville	38.462181	-75.214771
Slaughter Beach	38.918307	-75.313303
Smyrna	39.295295	-75.608707
South Bethany	38.516269	-75.058097
Townsend	39.404803	-75.699096
Viola	39.04293	-75.571458
Wilmington	39.735651	-75.532104
Wilmington Manor	39.685798	-75.584929
Woodside	39.071086	-75.567724
Woodside East	39.067544	-75.537625
Wyoming	39.112407	-75.564916
Washington	38.904247	-77.016517
Acacia Villas	26.645735	-80.110444
Alachua	29.765199	-82.4751
Alafaya	28.528373	-81.185745
Alford	30.69664	-85.39572
Allentown	30.770489	-87.084428
Altamonte Springs	28.661022	-81.394681
Altha	30.57335	-85.126082
Altoona	28.968733	-81.648092
Alturas	27.842056	-81.681576
Alva	26.721492	-81.624284
Andrews	29.549578	-82.888292
Anna Maria	27.529833	-82.733719
Apalachicola	29.727426	-84.994047
Apollo Beach	27.76302	-82.403313
Apopka	28.701701	-81.531825
Arcadia	27.221209	-81.858429
Archer	29.559697	-82.572915
Aripeka	28.429337	-82.668286
Asbury Lake	30.049014	-81.787591
Astatula	28.70732	-81.73419
Astor	29.163834	-81.534621
Atlantic Beach	30.339552	-81.396669
Atlantis	26.597248	-80.1041
Auburndale	28.109997	-81.797322
Aucilla	30.477028	-83.760399
Avalon	30.536216	-87.104631
Ave Maria	26.322804	-81.439425
Aventura	25.96016	-80.133011
Avon Park	27.589703	-81.507278
Azalea Park	28.547251	-81.295395
Babson Park	27.834206	-81.528085
Bagdad	30.584172	-87.044892
Baldwin	30.307776	-81.973665
Bal Harbour	25.893341	-80.123188
Balm	27.753039	-82.289456
Bardmoor	27.856083	-82.75324
Bartow	27.886803	-81.821758
Bascom	30.927758	-85.118081
Bay Harbor Islands	25.887979	-80.133582
Bay Hill	28.462372	-81.514793
Bay Lake	28.389224	-81.578369
Bayonet Point	28.326488	-82.683432
Bay Pines	27.816314	-82.777749
Bayport	28.543064	-82.644015
Bayshore Gardens	27.43302	-82.578072
Beacon Square	28.211219	-82.750751
Bear Creek	27.758102	-82.728762
Bee Ridge	27.2843	-82.473077
Bell	29.756846	-82.861969
Bellair-Meadowbrook Terrace	30.179292	-81.734379
Belleair	27.935974	-82.812777
Belleair Beach	27.931244	-82.836575
Belleair Bluffs	27.919619	-82.81975
Belleair Shore	27.917267	-82.845257
Belle Glade	26.692215	-80.665559
Belle Isle	28.464935	-81.351253
Belleview	29.060615	-82.055868
Bellview	30.464787	-87.30925
Berkshire Lakes	26.161624	-81.728497
Berrydale	30.897011	-87.034001
Beverly Beach	29.51577	-81.14692
Beverly Hills	28.91755	-82.454135
Big Coppitt Key	24.580225	-81.652178
Big Pine Key	24.685137	-81.362518
Biscayne Park	25.881696	-80.181101
Bithlo	28.581865	-81.092097
Black Diamond	28.906711	-82.494615
Black Hammock	28.706005	-81.177323
Bloomingdale	27.876716	-82.261418
Blountstown	30.44285	-85.045401
Boca Raton	26.37269	-80.103711
Bokeelia	26.681353	-82.141633
Bonifay	30.781349	-85.688758
Bonita Springs	26.355011	-81.784234
Boulevard Gardens	26.127138	-80.181174
Bowling Green	27.637752	-81.824773
Boynton Beach	26.528334	-80.080722
Bradenton	27.489798	-82.576804
Bradenton Beach	27.461683	-82.69651
Bradfordville	30.570576	-84.204204
Bradley Junction	27.794569	-81.978223
Brandon	27.935985	-82.299255
Branford	29.96225	-82.924284
Brent	30.471891	-87.250693
Briny Breezes	26.508902	-80.052246
Bristol	30.425539	-84.977292
Broadview Park	26.09875	-80.20847
Bronson	29.449109	-82.638474
Brooker	29.887631	-82.332666
Brookridge	28.548069	-82.489958
Brooksville	28.516578	-82.404665
Brownsdale	30.894151	-87.21502
Brownsville	25.82161	-80.241758
Buckhead Ridge	27.132544	-80.885148
Buckingham	26.645484	-81.747363
Buenaventura Lakes	28.333421	-81.352159
Bunnell	29.418736	-81.31948
Burnt Store Marina	26.76709	-82.051415
Bushnell	28.686946	-82.114406
Butler Beach	29.798881	-81.264799
Cabana Colony	26.855441	-80.086488
Callahan	30.565441	-81.831911
Callaway	30.130399	-85.548596
Campbell	28.259287	-81.450841
Campbellton	30.957854	-85.408601
Canal Point	26.862568	-80.622169
Cape Canaveral	28.393226	-80.604791
Cape Coral	26.643192	-81.997364
Capitola	30.442416	-84.079232
Captiva	26.497641	-82.187205
Carrabelle	29.854391	-84.66792
Carrollwood	28.058222	-82.515768
Caryville	30.775167	-85.811916
Casselberry	28.661183	-81.321926
Cedar Grove	30.18103	-85.626728
Cedar Key	29.150265	-83.037362
Celebration	28.310344	-81.55106
Center Hill	28.621982	-82.014974
Century	30.977307	-87.264724
Chaires	30.444166	-84.132033
Charleston Park	26.705489	-81.580674
Charlotte Harbor	26.961501	-82.059331
Charlotte Park	26.904381	-82.048963
Chattahoochee	30.698344	-84.83061
Cheval	28.148049	-82.517294
Chiefland	29.492246	-82.866334
Chipley	30.775644	-85.54005
Chokoloskee	25.814223	-81.360103
Christmas	28.555569	-80.990194
Chuluota	28.640293	-81.118405
Chumuckla	30.788123	-87.225978
Cinco Bayou	30.42223	-86.60956
Citrus Hills	28.886829	-82.430749
Citrus Park	28.070996	-82.562173
Citrus Springs	28.993166	-82.459486
Clarcona	28.630931	-81.501304
Clearwater	27.979419	-82.771256
Clermont	28.533292	-81.720238
Cleveland	26.951675	-81.989955
Clewiston	26.752811	-80.939194
Cloud Lake	26.674876	-80.071543
Cobbtown	30.879675	-87.128857
Cocoa	28.376643	-80.763306
Cocoa Beach	28.32914	-80.627539
Cocoa West	28.359044	-80.77129
Coconut Creek	26.280943	-80.184718
Coleman	28.802773	-82.070766
Combee Settlement	28.060079	-81.90424
Connerton	28.307711	-82.464832
Conway	28.496937	-81.333042
Cooper City	26.04806	-80.284961
Coral Gables	25.683061	-80.261659
Coral Springs	26.270722	-80.259301
Coral Terrace	25.746187	-80.304463
Cortez	27.467748	-82.668684
Cottondale	30.78973	-85.366039
Country Club	25.939522	-80.309225
Country Walk	25.632882	-80.433982
Crawfordville	30.199552	-84.363398
Crescent Beach	29.730332	-81.241709
Crescent City	29.434538	-81.513284
Crestview	30.747932	-86.579275
Crooked Lake Park	27.830606	-81.590233
Cross City	29.638598	-83.124836
Crystal Lake	28.035979	-81.899636
Crystal River	28.895504	-82.60187
Crystal Springs	28.183617	-82.152899
Cudjoe Key	24.67875	-81.499676
Cutler Bay	25.576148	-80.334007
Cypress Gardens	28.003516	-81.690566
Cypress Lake	26.539284	-81.899392
Cypress Quarters	27.247714	-80.809774
Dade City	28.355933	-82.193437
Dade City North	28.384084	-82.194265
Dania Beach	26.057213	-80.164585
Davenport	28.161193	-81.610839
Davie	26.079169	-80.283013
Day	30.198419	-83.28731
Daytona Beach	29.19071	-81.097083
Daytona Beach Shores	29.171252	-80.980749
DeBary	28.881398	-81.32427
Deerfield Beach	26.311716	-80.125378
DeFuniak Springs	30.712522	-86.119692
DeLand	29.022663	-81.286498
DeLand Southwest	29.007711	-81.311265
De Leon Springs	29.117246	-81.351571
Delray Beach	26.455903	-80.09042
Deltona	28.905121	-81.210978
Desoto Acres	27.382576	-82.518019
Desoto Lakes	27.380515	-82.498993
Destin	30.404372	-86.47143
Dickerson City	30.477598	-87.06904
Dixonville	30.984173	-87.052629
Doctor Phillips	28.443262	-81.490542
Doral	25.815956	-80.357556
Dover	27.986821	-82.231146
Duck Key	24.772765	-80.90952
Dundee	28.017259	-81.603436
Dunedin	28.025744	-82.815358
Dunnellon	29.059608	-82.42538
Eagle Lake	27.97427	-81.755395
East Bronson	29.459296	-82.59054
East Lake	28.122877	-82.689096
East Lake-Orient Park	28.004443	-82.364705
East Milton	30.617223	-86.964336
East Palatka	29.649604	-81.599037
Eastpoint	29.756671	-84.861719
East Williston	29.38835	-82.416482
Eatonville	28.614993	-81.392377
Ebro	30.437284	-85.882013
Edgewater	28.954439	-80.940857
Edgewood	28.48151	-81.370131
Eglin AFB	30.46053	-86.55054
Egypt Lake-Leto	28.017322	-82.506141
Elfers	28.21387	-82.722074
Ellenton	27.52658	-82.526683
El Portal	25.855316	-80.196161
Englewood	26.96868	-82.347886
Ensley	30.525954	-87.272268
Estero	26.425585	-81.799539
Esto	30.981662	-85.642959
Eustis	28.857172	-81.676824
Everglades	25.857784	-81.386481
Fairview Shores	28.60048	-81.397751
Fanning Springs	29.58815	-82.92507
Feather Sound	27.910022	-82.688765
Fellsmere	27.721191	-80.609944
Fernandina Beach	30.65813	-81.45152
Ferndale	28.619512	-81.692856
Fern Park	28.648192	-81.345571
Ferry Pass	30.521127	-87.186351
Fidelis	30.930497	-87.030735
Fisher Island	25.761725	-80.142283
Fish Hawk	27.849253	-82.21509
Five Points	30.22013	-82.644755
Flagler Beach	29.473852	-81.13102
Flagler Estates	29.648445	-81.457729
Fleming Island	30.099018	-81.711918
Floral City	28.70668	-82.306726
Florida City	25.444071	-80.467665
Florida Gulf Coast University	26.46768	-81.763678
Florida Ridge	27.583462	-80.383467
Floridatown	30.582419	-87.160944
Forest City	28.661479	-81.444877
Fort Braden	30.426034	-84.542655
Fort Denaud	26.72271	-81.554106
Fort Green	27.625455	-81.939711
Fort Green Springs	27.587623	-81.940198
Fort Lauderdale	26.141227	-80.146731
Fort Meade	27.765879	-81.805464
Fort Myers	26.620074	-81.829547
Fort Myers Beach	26.430176	-81.91404
Fort Myers Shores	26.713889	-81.743795
Fort Pierce	27.426112	-80.342488
Fort Pierce North	27.474942	-80.359341
Fort Pierce South	27.409704	-80.354144
Fort Walton Beach	30.424904	-86.621762
Fort White	29.922223	-82.712622
Fountainebleau	25.772279	-80.346246
Four Corners	28.333179	-81.647492
Franklin Park	26.132652	-80.176326
Freeport	30.500812	-86.134361
Frostproof	27.748894	-81.526465
Fruit Cove	30.096829	-81.621051
Fruitland Park	28.849595	-81.936899
Fruitville	27.332867	-82.459479
Fuller Heights	27.92517	-81.996713
Fussels Corner	28.057629	-81.860679
Gainesville	29.679537	-82.346793
Garcon Point	30.476311	-87.085947
Garden Grove	28.471735	-82.434493
Gardner	27.36299	-81.786258
Gateway	26.580042	-81.747645
Geneva	28.736626	-81.116237
Gibsonton	27.827564	-82.379282
Gifford	27.675621	-80.425157
Gladeview	25.839908	-80.238852
Glencoe	29.015674	-80.969962
Glen Ridge	26.67213	-80.076686
Glen St. Mary	30.275166	-82.160296
Glenvar Heights	25.709369	-80.315857
Golden Beach	25.963274	-80.122149
Golden Gate	26.183598	-81.703694
Golden Glades	25.913038	-80.200668
Goldenrod	28.611918	-81.291229
Golf	26.50286	-80.105766
Gonzalez	30.588748	-87.286299
Goodland	25.925252	-81.647592
Gotha	28.530986	-81.516577
Goulding	30.439911	-87.229479
Goulds	25.561249	-80.388073
Graceville	30.960272	-85.512828
Grand Ridge	30.70411	-85.022609
Grant-Valkaria	27.934301	-80.565885
Greenacres	26.627009	-80.13761
Greenbriar	28.011284	-82.752725
Green Cove Springs	29.985312	-81.680979
Greensboro	30.570966	-84.72287
Greenville	30.466762	-83.635254
Greenwood	30.872685	-85.161169
Grenelefe	28.049204	-81.547436
Gretna	30.579594	-84.710972
Grove City	26.906715	-82.326071
Groveland	28.610215	-81.827086
Gulf Breeze	30.368257	-87.173449
Gulf Gate	27.257722	-82.507551
Gulfport	27.746437	-82.709943
Gulf Stream	26.486008	-80.057414
Gun Club Estates	26.67535	-80.108413
Haines City	28.112817	-81.616537
Hallandale Beach	25.983955	-80.140766
Hampton	29.864134	-82.138805
Harbor Bluffs	27.907816	-82.826538
Harbour Heights	26.992987	-82.005987
Harlem	26.73237	-80.951845
Harlem Heights	26.515132	-81.928186
Harold	30.673827	-86.847369
Hastings	29.71439	-81.499154
Havana	30.630326	-84.413796
Haverhill	26.690976	-80.121683
Hawthorne	29.593677	-82.094467
Heathrow	28.778682	-81.371052
Heritage Bay	26.28453	-81.662408
Heritage Pines	28.428758	-82.623382
Hernando	28.954529	-82.393459
Hernando Beach	28.468093	-82.667265
Hialeah	25.869941	-80.302865
Hialeah Gardens	25.887713	-80.356925
Highland Beach	26.411621	-80.064352
Highland City	27.963473	-81.878623
Highland Park	27.862111	-81.566374
High Point	28.547252	-82.520941
High Springs	29.799634	-82.589322
Hillcrest Heights	27.824864	-81.536196
Hilliard	30.686551	-81.921197
Hill 'n Dale	28.513764	-82.29086
Hillsboro Beach	26.278548	-80.079508
Hillsboro Pines	26.325108	-80.192141
Hobe Sound	27.072663	-80.142367
Holden Heights	28.51954	-81.400187
Holden Lakes	28.498555	-81.384594
Holiday	28.186216	-82.742637
Holley	30.452894	-86.904342
Holly Hill	29.245606	-81.047045
Hollywood	26.030967	-80.164609
Holmes Beach	27.510568	-82.715538
Homeland	27.818138	-81.826981
Homestead	25.466326	-80.443046
Homestead Base	25.49328	-80.39022
Homosassa	28.784867	-82.607604
Homosassa Springs	28.809314	-82.540848
Horizon West	28.44022	-81.613449
Horseshoe Beach	29.443609	-83.288445
Hosford	30.403387	-84.808087
Howey-in-the-Hills	28.704409	-81.784045
Hudson	28.359232	-82.689659
Hunters Creek	28.359757	-81.437045
Hurlburt Field	30.426372	-86.719287
Hutchinson Island South	27.305322	-80.220243
Hypoluxo	26.567253	-80.051812
Immokalee	26.424012	-81.421556
Indialantic	28.08622	-80.568302
Indian Creek	25.877871	-80.137303
Indian Harbour Beach	28.157468	-80.600147
Indian Lake Estates	27.798648	-81.356231
Indian River Estates	27.355216	-80.298032
Indian River Shores	27.710084	-80.382032
Indian Rocks Beach	27.895812	-82.846238
Indian Shores	27.853154	-82.844616
Indiantown	27.040053	-80.488242
Inglis	29.033046	-82.661004
Interlachen	29.622267	-81.894733
Inverness	28.84221	-82.342295
Inverness Highlands North	28.864505	-82.376959
Inverness Highlands South	28.800689	-82.337182
Inwood	28.038474	-81.767361
Iona	26.51719	-81.960811
Islamorada, Village of Islands	24.984352	-80.543296
Island Walk	26.25103	-81.710982
Istachatta	28.661859	-82.274532
Ives Estates	25.963406	-80.182871
Jacksonville	30.336864	-81.661603
Jacksonville Beach	30.272466	-81.385604
Jacob City	30.885534	-85.413569
Jan Phyl Village	28.016212	-81.793764
Jasmine Estates	28.296095	-82.689171
Jasper	30.455935	-82.934214
Jay	30.950365	-87.152265
Jennings	30.596821	-83.106994
Jensen Beach	27.24398	-80.241136
June Park	28.071734	-80.687788
Juno Beach	26.875457	-80.059625
Juno Ridge	26.849018	-80.062029
Jupiter	26.918551	-80.11694
Jupiter Farms	26.922525	-80.218037
Jupiter Inlet Colony	26.947962	-80.075174
Jupiter Island	27.026945	-80.101888
Kathleen	28.119175	-82.040006
Kendale Lakes	25.706946	-80.411595
Kendall	25.669538	-80.354741
Kendall West	25.706816	-80.440697
Kenneth City	27.816064	-82.714643
Kensington Park	27.356661	-82.494987
Kenwood Estates	26.627619	-80.115194
Key Biscayne	25.69068	-80.165587
Key Colony Beach	24.723406	-81.021647
Key Largo	25.122584	-80.411571
Keystone	28.127642	-82.608095
Keystone Heights	29.78294	-82.035615
Key Vista	28.194078	-82.769807
Key West	24.565063	-81.775539
Kissimmee	28.30278	-81.417831
LaBelle	26.720952	-81.452477
Lacoochee	28.466059	-82.170417
La Crosse	29.850087	-82.402638
Lady Lake	28.919754	-81.932759
Laguna Beach	30.254727	-85.951148
Lake Alfred	28.106779	-81.723503
Lake Belvedere Estates	26.690674	-80.135153
Lake Buena Vista	28.377311	-81.524813
Lake Butler	28.482847	-81.538656
Lake Butler	30.017687	-82.34336
Lake City	30.188638	-82.642246
Lake Clarke Shores	26.645628	-80.075276
Lake Hamilton	28.049203	-81.62685
Lake Harbor	26.688498	-80.807923
Lake Hart	28.38128	-81.231847
Lake Helen	28.983864	-81.231087
Lake Kathryn	28.99807	-81.488413
Lake Kerr	29.349169	-81.792387
Lakeland	28.055496	-81.954772
Lakeland Highlands	27.957379	-81.951054
Lake Lindsey	28.632263	-82.361693
Lake Lorraine	30.440566	-86.565364
Lake Mack-Forest Hills	29.000455	-81.406347
Lake Magdalene	28.081724	-82.484183
Lake Mary	28.759104	-81.332813
Lake Mary Jane	28.37897	-81.170158
Lake Mystic	30.391558	-84.991325
Lake Panasoffkee	28.784289	-82.123072
Lake Park	26.800059	-80.06746
Lake Placid	27.302605	-81.371476
Lake Sarasota	27.294739	-82.433175
Lakeside	30.136548	-81.769246
Lake Wales	27.920697	-81.599505
Lakewood Park	27.539014	-80.38716
Lakewood Ranch	27.423532	-82.386716
Lake Worth Beach	26.61972	-80.058718
Lamont	30.379675	-83.813376
Land O' Lakes	28.208307	-82.445842
Lantana	26.58336	-80.05538
Largo	27.905913	-82.767236
Lauderdale-by-the-Sea	26.191337	-80.09946
Lauderdale Lakes	26.166932	-80.200826
Lauderhill	26.162225	-80.224434
Laurel	27.153118	-82.455873
Laurel Hill	30.960581	-86.457819
Lawtey	30.04844	-82.072478
Layton	24.825131	-80.811624
Lazy Lake	26.156345	-80.145203
Lealman	27.819699	-82.68461
Lecanto	28.825092	-82.499791
Lee	30.413101	-83.304142
Leesburg	28.717206	-81.903089
Lehigh Acres	26.612695	-81.638845
Leisure City	25.493935	-80.436093
Lely	26.105492	-81.727846
Lely Resort	26.096381	-81.704481
Lemon Grove	27.593128	-81.650293
Liberty Triangle	29.075982	-82.219131
Lighthouse Point	26.277756	-80.088619
Limestone	27.367249	-81.904786
Limestone Creek	26.943291	-80.140784
Lisbon	28.882515	-81.774316
Live Oak	30.29565	-82.985117
Lloyd	30.483413	-84.026123
Lochmoor Waterway Estates	26.642486	-81.907186
Lockhart	28.627103	-81.433784
Longboat Key	27.400457	-82.644175
Longwood	28.701396	-81.348389
Loughman	28.237997	-81.569837
Lower Grand Lagoon	30.143134	-85.752221
Loxahatchee Groves	26.720882	-80.277195
Lutz	28.140689	-82.44972
Lynn Haven	30.233571	-85.636917
Macclenny	30.281039	-82.125253
McGregor	26.561555	-81.912922
McIntosh	29.449355	-82.220739
Madeira Beach	27.79556	-82.791566
Madison	30.471487	-83.413453
Maitland	28.629625	-81.37291
Malabar	27.987057	-80.58245
Malone	30.95895	-85.162154
Manalapan	26.56664	-80.040186
Manasota Key	26.924043	-82.353116
Manatee Road	29.514538	-82.919212
Mango	27.992201	-82.307312
Mangonia Park	26.758597	-80.076142
Marathon	24.732338	-81.025122
Marco Island	25.932025	-81.704838
Marco Shores-Hammock Bay	25.995653	-81.695858
Margate	26.248037	-80.211169
Marianna	30.761445	-85.256258
Marineland	29.66953	-81.214833
Marion Oaks	29.001261	-82.195305
Mary Esther	30.411654	-86.659006
Masaryktown	28.44184	-82.460736
Mascotte	28.604341	-81.905549
Matlacha	26.636436	-82.076605
Matlacha Isles-Matlacha Shores	26.629311	-82.058719
Mayo	30.051197	-83.176898
Meadow Oaks	28.349751	-82.597647
Meadow Woods	28.372902	-81.333706
Medley	25.864855	-80.357618
Medulla	27.958507	-81.981212
Melbourne	28.110438	-80.662717
Melbourne Beach	28.066869	-80.559603
Melbourne Village	28.087962	-80.665121
Memphis	27.54495	-82.555899
Merritt Island	28.309239	-80.675956
Mexico Beach	29.947711	-85.416059
Miami	25.775163	-80.208615
Miami Beach	25.810596	-80.148852
Miami Gardens	25.948892	-80.243585
Miami Lakes	25.912739	-80.320422
Miami Shores	25.867011	-80.178341
Miami Springs	25.820164	-80.288945
Micanopy	29.506351	-82.280499
Micco	27.856377	-80.51129
Miccosukee	30.593056	-84.046779
Middleburg	30.050226	-81.901075
Midway	30.502715	-84.460593
Midway	30.405055	-87.009612
Midway	28.792398	-81.231279
Milton	30.629413	-87.052598
Mims	28.691319	-80.843999
Minneola	28.602324	-81.729452
Miramar	25.972529	-80.338582
Miramar Beach	30.384881	-86.343631
Molino	30.702751	-87.320706
Monticello	30.542248	-83.872178
Montura	26.642838	-81.093769
Montverde	28.602468	-81.674134
Moon Lake	28.297893	-82.605576
Moore Haven	26.833752	-81.098451
Morriston	29.281127	-82.440031
Mount Carmel	30.991549	-87.124366
Mount Dora	28.813349	-81.633411
Mount Plymouth	28.803875	-81.53449
Mulat	30.559771	-87.130062
Mulberry	27.905447	-81.988254
Munson	30.829059	-86.889723
Myrtle Grove	30.414537	-87.302824
Naples	26.150485	-81.795299
Naples Manor	26.08969	-81.724811
Naples Park	26.262921	-81.811316
Naranja	25.516148	-80.421926
Nassau Village-Ratliff	30.510826	-81.80884
Navarre	30.416071	-86.888674
Navarre Beach	30.376448	-86.893666
Neptune Beach	30.312573	-81.393123
Newberry	29.645825	-82.594604
New Port Richey	28.246638	-82.717502
New Port Richey East	28.263251	-82.6942
New Smyrna Beach	29.02936	-80.95486
Niceville	30.528825	-86.475995
Nobleton	28.645075	-82.261536
Nocatee	30.085107	-81.409909
Nokomis	27.123799	-82.435785
Noma	30.978109	-85.620983
North Bay Village	25.849129	-80.151029
North Brooksville	28.577393	-82.331867
Northdale	28.104607	-82.528112
North DeLand	29.048415	-81.296528
North Fort Myers	26.717956	-81.845811
North Key Largo	25.260754	-80.321566
North Lauderdale	26.21245	-80.221392
North Merritt Island	28.461126	-80.713145
North Miami	25.900829	-80.1686
North Miami Beach	25.929996	-80.165179
North Palm Beach	26.820298	-80.056905
North Port	27.058166	-82.198044
North Redington Beach	27.819702	-82.823228
North River Shores	27.22169	-80.276115
North Sarasota	27.356636	-82.522318
North Weeki Wachee	28.553581	-82.554864
Oak Hill	28.876961	-80.834957
Oakland	28.552076	-81.636676
Oakland Park	26.179051	-80.152411
Oakleaf Plantation	30.174025	-81.83641
Oak Ridge	28.472766	-81.416685
Ocala	29.17751	-82.151025
Ocala Estates	29.201763	-82.309793
Ocean Breeze	27.240954	-80.225681
Ocean City	30.439857	-86.607246
Ocean Ridge	26.530938	-80.046814
Ocklawaha	29.045855	-81.934911
Ocoee	28.57882	-81.533045
Odessa	28.182333	-82.550417
Ojus	25.954635	-80.171414
Okahumpka	28.74592	-81.896193
Okeechobee	27.241608	-80.829311
Old Miakka	27.318681	-82.279302
Oldsmar	28.048381	-82.671254
Olga	26.708176	-81.693388
Olympia Heights	25.727896	-80.339
Ona	27.482963	-81.909728
On Top of the World	29.105817	-82.286572
Opa-locka	25.899998	-80.255219
Orange City	28.93728	-81.283339
Orange Park	30.170853	-81.704672
Orangetree	26.292899	-81.57587
Orchid	27.771941	-80.424461
Oriole Beach	30.372465	-87.100486
Orlando	28.40865	-81.254805
Orlovista	28.544055	-81.462937
Ormond Beach	29.293276	-81.101447
Ormond-by-the-Sea	29.343284	-81.068605
Osprey	27.190394	-82.475705
Otter Creek	29.323288	-82.775101
Oviedo	28.66193	-81.187101
Pace	30.616737	-87.164733
Page Park	26.578163	-81.861443
Pahokee	26.820209	-80.662049
Paisley	28.97931	-81.532186
Palatka	29.644871	-81.676737
Palm Bay	27.96489	-80.658275
Palm Beach	26.694843	-80.041863
Palm Beach Gardens	26.848788	-80.167124
Palm Beach Shores	26.777352	-80.034377
Palm City	27.177783	-80.285524
Palm Coast	29.536837	-81.242627
Palmer Ranch	27.223405	-82.461313
Palmetto	27.52505	-82.574964
Palmetto Bay	25.621703	-80.318906
Palmetto Estates	25.622682	-80.360615
Palm Harbor	28.08477	-82.757569
Palmona Park	26.689447	-81.894404
Palm River-Clair Mel	27.924491	-82.379398
Palm Shores	28.191781	-80.659339
Palm Springs	26.635808	-80.098352
Palm Springs North	25.934252	-80.331028
Palm Valley	30.200548	-81.390961
Panacea	30.02642	-84.392586
Panama City	30.166271	-85.670191
Panama City Beach	30.233151	-85.877116
Paradise Heights	28.623754	-81.543848
Parker	30.128402	-85.600241
Parkland	26.32136	-80.254296
Pasadena Hills	28.279537	-82.241336
Patrick AFB	28.232233	-80.609914
Paxton	30.972592	-86.311772
Pea Ridge	30.599137	-87.099723
Pebble Creek	28.160204	-82.342436
Pelican Bay	26.234887	-81.810215
Pelican Marsh	26.253658	-81.785552
Pembroke Park	25.988941	-80.180258
Pembroke Pines	26.014716	-80.340171
Penney Farms	29.98071	-81.810769
Pensacola	30.440989	-87.191242
Pensacola Station	30.350614	-87.316902
Perry	30.109053	-83.582275
Pierson	29.241647	-81.45664
Pine Air	26.658597	-80.107415
Pine Castle	28.454666	-81.369572
Pinecraft	27.323151	-82.500669
Pinecrest	25.665174	-80.304857
Pine Hills	28.581802	-81.469536
Pine Island	28.572441	-82.654777
Pine Island Center	26.623798	-82.127162
Pine Lakes	28.939774	-81.430586
Pineland	26.66108	-82.148101
Pine Level	30.889154	-87.169481
Pinellas Park	27.858883	-82.708213
Pine Manor	26.573721	-81.877627
Pine Ridge	28.932994	-82.476182
Pine Ridge	26.230256	-81.792994
Pinewood	25.869354	-80.217059
Pioneer	26.728538	-81.217199
Pittman	28.998374	-81.649218
Plantation	26.125573	-80.261818
Plantation	27.068279	-82.370468
Plantation Island	25.847824	-81.376978
Plantation Mobile Home Park	26.70258	-80.132343
Plant City	28.015355	-82.117805
Poinciana	28.118729	-81.479234
Point Baker	30.686607	-87.051734
Polk City	28.180471	-81.830032
Pomona Park	29.503039	-81.58646
Pompano Beach	26.241622	-80.133851
Ponce de Leon	30.724036	-85.936883
Ponce Inlet	29.092782	-80.931705
Port Charlotte	26.989467	-82.113651
Port LaBelle	26.760647	-81.383855
Port Orange	29.113444	-81.013223
Port Richey	28.275019	-82.725032
Port St. Joe	29.817561	-85.309146
Port St. John	28.475701	-80.810424
Port St. Lucie	27.280554	-80.388261
Port Salerno	27.145193	-80.188709
Pretty Bayou	30.200131	-85.697724
Princeton	25.540648	-80.398394
Progress Village	27.885648	-82.364256
Punta Gorda	26.897754	-82.065812
Punta Rassa	26.499755	-82.002107
Quail Ridge	28.348598	-82.554903
Quincy	30.565983	-84.585847
Raiford	30.063716	-82.240811
Rainbow Lakes Estates	29.160461	-82.50972
Rainbow Park	29.165358	-82.363995
Rainbow Springs	29.097095	-82.441983
Raleigh	29.447868	-82.468078
Reddick	29.368698	-82.197561
Redington Beach	27.809487	-82.812138
Redington Shores	27.831725	-82.8335
Richmond Heights	25.63329	-80.371226
Richmond West	25.609276	-80.429646
Ridgecrest	27.889445	-82.806275
Ridge Manor	28.492948	-82.189551
Ridge Wood Heights	27.286254	-82.51204
Rio	27.216409	-80.240783
Rio Pinar	28.519131	-81.261196
River Park	27.322901	-80.331572
River Ridge	28.266882	-82.625747
Riverview	27.824275	-82.304486
Riviera Beach	26.781424	-80.076059
Rockledge	28.321362	-80.737823
Roeville	30.685094	-86.992212
Roosevelt Gardens	26.140678	-80.18088
Roseland	27.835325	-80.488207
Rotonda	26.88512	-82.277881
Royal Palm Beach	26.699015	-80.227581
Royal Palm Estates	26.681657	-80.132755
Ruskin	27.706834	-82.422182
Safety Harbor	28.006303	-82.697836
St. Augustine	29.896152	-81.311128
St. Augustine Beach	29.841563	-81.27097
St. Augustine Shores	29.805797	-81.312199
St. Augustine South	29.844825	-81.316195
St. Cloud	28.235225	-81.283958
St. George Island	29.652057	-84.889768
St. James City	26.542582	-82.101977
St. Leo	28.336128	-82.258157
St. Lucie Village	27.499881	-80.341812
St. Marks	30.166095	-84.208292
St. Pete Beach	27.716801	-82.739622
St. Petersburg	27.762727	-82.644131
Samoset	27.476416	-82.542997
Samsula-Spruce Creek	29.051647	-81.062493
San Antonio	28.339858	-82.278605
San Carlos Park	26.476694	-81.819751
San Castle	26.565095	-80.06107
Sanford	28.789425	-81.275624
Sanibel	26.451038	-82.105676
Sarasota	27.338257	-82.543721
Sarasota Springs	27.308767	-82.475812
Satellite Beach	28.178733	-80.599402
Sawgrass	30.19126	-81.371143
Schall Circle	26.715226	-80.114343
Scottsmoor	28.767974	-80.870986
Sea Ranch Lakes	26.19987	-80.098403
Sebastian	27.787244	-80.48
Sebring	27.471396	-81.451568
Seffner	28.001639	-82.274077
Seminole	27.842735	-82.785304
Seminole Manor	26.583618	-80.101324
Seville	29.340151	-81.509516
Sewall's Point	27.197011	-80.198858
Shady Hills	28.403032	-82.545056
Shalimar	30.443269	-86.582987
Sharpes	28.443598	-80.7614
Siesta Key	27.274813	-82.549327
Silver Lake	28.832148	-81.801073
Silver Springs	29.219167	-82.055539
Silver Springs Shores	29.111881	-82.014604
Silver Springs Shores East	29.049449	-81.883026
Sky Lake	28.461272	-81.390465
Sneads	30.708575	-84.925605
Solana	26.937223	-82.029695
Sopchoppy	30.059872	-84.485396
Sorrento	28.80909	-81.563611
South Apopka	28.656809	-81.505717
South Bay	26.688379	-80.735526
South Beach	27.575518	-80.333441
South Bradenton	27.460603	-82.584713
South Brooksville	28.514172	-82.437633
Southchase	28.379244	-81.390255
South Daytona	29.166211	-81.005523
Southeast Arcadia	27.186207	-81.852089
Southgate	27.304823	-82.512286
South Gate Ridge	27.284499	-82.496645
South Highpoint	27.912411	-82.710613
South Miami	25.70855	-80.295105
South Miami Heights	25.588232	-80.385789
South Palm Beach	26.590437	-80.037977
South Pasadena	27.752914	-82.739252
South Patrick Shores	28.204473	-80.611249
South Sarasota	27.286278	-82.533133
South Venice	27.044689	-82.415841
Southwest Ranches	26.049688	-80.373833
Springfield	30.171181	-85.612204
Spring Hill	28.479207	-82.529658
Springhill	30.747203	-86.922538
Spring Lake	28.498368	-82.294056
Spring Ridge	29.82184	-82.724453
Stacey Street	26.697843	-80.123864
Starke	29.947452	-82.112885
Steinhatchee	29.687003	-83.377068
Stock Island	24.56399	-81.739793
Stuart	27.195272	-80.244114
Sugarmill Woods	28.74026	-82.506044
Sumatra	30.022979	-84.982518
Sun City Center	27.714416	-82.355762
Suncoast Estates	26.711162	-81.868911
Sunny Isles Beach	25.938818	-80.123529
Sunrise	26.171601	-80.261633
Sunset	25.706081	-80.352371
Surfside	25.878819	-80.125006
Sweetwater	25.784402	-80.38705
Taft	28.428323	-81.367674
Tallahassee	30.453529	-84.252272
Tamarac	26.203298	-80.256032
Tamiami	25.756321	-80.402559
Tampa	27.966262	-82.477618
Tangelo Park	28.455999	-81.446441
Tangerine	28.760166	-81.637975
Tarpon Springs	28.149054	-82.779371
Tavares	28.765875	-81.756384
Tavernier	25.026449	-80.499702
Taylor Creek	27.213904	-80.791252
Temple Terrace	28.043	-82.375859
Tequesta	26.964872	-80.113241
The Acreage	26.774186	-80.276882
The Crossings	25.670569	-80.400752
The Hammocks	25.670376	-80.448872
The Meadows	27.362943	-82.47446
The Villages	28.898947	-81.993737
Thonotosassa	28.046622	-82.296539
Three Lakes	25.642604	-80.399635
Three Oaks	26.473114	-81.796898
Tice	26.675138	-81.817274
Tierra Verde	27.662	-82.724253
Tiger Point	30.380069	-87.052448
Tildenville	28.541381	-81.606365
Timber Pines	28.469209	-82.602431
Titusville	28.573368	-80.819404
Town 'n' Country	28.010228	-82.577167
Treasure Island	27.764834	-82.769119
Trenton	29.609181	-82.814612
Trilby	28.456437	-82.193976
Trinity	28.18099	-82.646916
Tropical Park	28.380509	-80.707486
Tyndall AFB	30.089367	-85.59914
Umatilla	28.927012	-81.664188
Union Park	28.567029	-81.238085
University	28.076942	-82.433319
University	28.589487	-81.200128
Upper Grand Lagoon	30.175633	-85.75301
Valparaiso	30.489917	-86.514669
Valrico	27.919084	-82.231259
Vamo	27.2205	-82.499923
Venice	27.116973	-82.41519
Venice Gardens	27.073699	-82.413252
Verandah	26.698787	-81.739668
Vernon	30.61225	-85.700254
Vero Beach	27.64722	-80.393136
Vero Beach South	27.612825	-80.418142
Vero Lake Estates	27.746334	-80.52831
Verona Walk	26.086046	-81.67974
Viera East	28.262234	-80.714643
Viera West	28.245184	-80.740313
Vilano Beach	29.930346	-81.301077
Villas	26.55052	-81.867802
Vineyards	26.23047	-81.727892
Virginia Gardens	25.809521	-80.297476
Wabasso	27.750269	-80.443369
Wabasso Beach	27.75366	-80.39761
Wacissa	30.353518	-84.001005
Wahneta	27.958651	-81.72878
Waldo	29.792038	-82.166931
Wallace	30.673287	-87.19585
Warm Mineral Springs	27.046863	-82.270421
Warrington	30.384444	-87.293788
Washington Park	26.132484	-80.182396
Watergate	26.335877	-80.212724
Watertown	30.185857	-82.602353
Wauchula	27.546903	-81.810087
Waukeenah	30.395482	-83.97552
Wausau	30.633355	-85.587315
Waverly	27.985282	-81.625304
Webster	28.60478	-82.05074
Wedgefield	28.48596	-81.081824
Weeki Wachee Gardens	28.537266	-82.623115
Wekiwa Springs	28.699577	-81.424772
Welaka	29.485205	-81.660964
Wellington	26.648995	-80.267208
Wesley Chapel	28.205247	-82.317108
West Bradenton	27.500989	-82.614195
West Canaveral Groves	28.39268	-80.849217
Westchase	28.056497	-82.608317
Westchester	25.745392	-80.353457
West DeLand	29.016217	-81.334377
Westgate	26.699411	-80.098846
Westlake	26.754683	-80.301483
West Lealman	27.819871	-82.738885
West Little River	25.856915	-80.237
West Melbourne	28.050398	-80.658327
West Miami	25.757805	-80.296876
Weston	26.100391	-80.402059
West Palm Beach	26.745114	-80.127038
West Park	25.978672	-80.18101
West Pensacola	30.426725	-87.268114
West Perrine	25.60608	-80.363899
West Samoset	27.470383	-82.555253
West Vero Corridor	27.634974	-80.482752
Westview	25.882307	-80.242028
Westville	30.771078	-85.838124
Westwood Lakes	25.724653	-80.369341
Wewahitchka	30.126203	-85.190712
Whiskey Creek	26.571131	-81.888563
White City	27.3722	-80.34044
White Springs	30.331826	-82.756072
Whitfield	27.410703	-82.566664
Whitfield	30.873458	-87.066657
Wildwood	28.805813	-82.007324
Williamsburg	28.401262	-81.447802
Williston	29.393879	-82.442308
Williston Highlands	29.333612	-82.535656
Willow Oak	27.921919	-82.024247
Wilton Manors	26.159318	-80.13935
Wimauma	27.674909	-82.313163
Windermere	28.502535	-81.537685
Winding Cypress	26.061596	-81.677378
Windsor	27.786776	-80.413999
Winter Beach	27.71487	-80.424321
Winter Garden	28.541217	-81.591241
Winter Haven	28.045836	-81.732743
Winter Park	28.59663	-81.345748
Winter Springs	28.688064	-81.269962
Wiscon	28.540982	-82.466111
Woodlawn Beach	30.388055	-86.996049
Woodville	30.315143	-84.268847
World Golf Village	29.967988	-81.49006
Worthington Springs	29.933606	-82.408518
Wright	30.444099	-86.641974
Yalaha	28.744711	-81.822504
Yankeetown	29.031915	-82.763241
Yeehaw Junction	27.703243	-80.883604
Yulee	30.635418	-81.569584
Zellwood	28.721898	-81.573234
Zephyrhills	28.240721	-82.179024
Zephyrhills North	28.25208	-82.165327
Zephyrhills South	28.215211	-82.188497
Zephyrhills West	28.231022	-82.205282
Zolfo Springs	27.492579	-81.786793
Abbeville	31.992576	-83.306452
Acworth	34.061991	-84.681121
Adairsville	34.370846	-84.921192
Adel	31.124811	-83.425467
Adrian	32.529951	-82.591509
Ailey	32.18836	-82.575566
Alamo	32.147606	-82.779772
Alapaha	31.383138	-83.223706
Albany	31.578117	-84.176224
Aldora	33.050363	-84.177608
Allenhurst	31.779893	-81.611312
Allentown	32.587329	-83.226305
Alma	31.543326	-82.475577
Alpharetta	34.070866	-84.27265
Alston	32.086595	-82.480213
Alto	34.464994	-83.572586
Ambrose	31.595145	-83.014895
Americus	32.074377	-84.222829
Andersonville	32.197435	-84.145565
Antioch	32.682806	-85.053626
Appling	33.570957	-82.310155
Arabi	31.819358	-83.719208
Aragon	34.046278	-85.056709
Arcade	34.073545	-83.528112
Argyle	31.073214	-82.648875
Arlington	31.436823	-84.729732
Arnoldsville	33.914955	-83.218427
Ashburn	31.709191	-83.652424
Athens-Clarke County unified government (balance)	33.949597	-83.370088
Atlanta	33.762909	-84.422675
Attapulgus	30.74949	-84.483886
Auburn	34.015186	-83.833741
Augusta-Richmond County consolidated government (balance)	33.365531	-82.073422
Austell	33.819766	-84.643774
Avalon	34.497141	-83.198203
Avera	33.193423	-82.528732
Avondale Estates	33.768731	-84.264735
Axson	31.279937	-82.727148
Baconton	31.380379	-84.159185
Bainbridge	30.906213	-84.572652
Baldwin	34.49779	-83.542599
Ball Ground	34.33915	-84.368143
Barnesville	33.048653	-84.149284
Bartow	32.881217	-82.472328
Barwick	30.893685	-83.738838
Baxley	31.764753	-82.349254
Bellville	32.155023	-81.978229
Belvedere Park	33.748855	-84.259773
Bemiss	30.932951	-83.221938
Berkeley Lake	33.981438	-84.185589
Berlin	31.068078	-83.623296
Berry College	34.291044	-85.187766
Bethlehem	33.937948	-83.709982
Between	33.817668	-83.801104
Bishop	33.818727	-83.438159
Blackshear	31.290824	-82.252927
Blairsville	34.875666	-83.95466
Blakely	31.380935	-84.927059
Bloomingdale	32.124998	-81.308387
Blue Ridge	34.866495	-84.321854
Bluffton	31.519817	-84.869119
Blythe	33.303066	-82.207357
Bogart	33.947625	-83.533749
Bolingbroke	32.938453	-83.79959
Bonanza	33.458867	-84.337817
Boston	30.791186	-83.789369
Bostwick	33.737696	-83.5139
Bowdon	33.537837	-85.253976
Bowersville	34.373065	-83.084305
Bowman	34.205388	-83.031139
Box Springs	32.54456	-84.657518
Boykin	31.100329	-84.684027
Braselton	34.107616	-83.812908
Braswell	33.983545	-84.9584
Bremen	33.710765	-85.151897
Brinson	30.978442	-84.737945
Bristol	31.451696	-82.214831
Bronwood	31.830545	-84.364332
Brookhaven	33.8612	-84.338503
Brooklet	32.389097	-81.669965
Brooks	33.293339	-84.451373
Broxton	31.625133	-82.887468
Brunswick	31.136149	-81.466936
Buchanan	33.80053	-85.179809
Buckhead	31.861845	-81.260314
Buckhead	33.568403	-83.361235
Buena Vista	32.318481	-84.517564
Buford	34.118562	-83.98861
Butler	32.557194	-84.23733
Byromville	32.201633	-83.907239
Byron	32.649497	-83.747954
Cadwell	32.340135	-83.04064
Cairo	30.879229	-84.205505
Calhoun	34.499792	-84.933058
Calvary	30.718312	-84.357079
Camak	33.450759	-82.649524
Camilla	31.234057	-84.209563
Candler-McAfee	33.726222	-84.270852
Canon	34.341681	-83.111768
Canoochee	32.685397	-82.173608
Canton	34.247201	-84.490723
Carl	34.002952	-83.814032
Carlton	34.040962	-83.042224
Carnesville	34.375266	-83.227532
Carrollton	33.58169	-85.083983
Cartersville	34.164579	-84.801704
Cataula	32.665027	-84.865165
Cave Spring	34.108585	-85.339711
Cecil	31.046577	-83.390945
Cedar Springs	31.187305	-85.032441
Cedartown	34.021749	-85.247531
Centerville	32.636497	-83.685724
Centralhatchee	33.368898	-85.103722
Chamblee	33.881134	-84.301654
Chatsworth	34.781091	-84.782472
Chattahoochee Hills	33.581073	-84.74589
Chattanooga Valley	34.924114	-85.343119
Chauncey	32.111809	-83.068014
Cherry Log	34.78509	-84.381047
Chester	32.394447	-83.155682
Chickamauga	34.877467	-85.28835
Clarkesville	34.609289	-83.52747
Clarkston	33.813489	-84.24185
Claxton	32.162075	-81.909659
Clayton	34.87663	-83.403256
Clermont	34.480134	-83.770401
Cleveland	34.59704	-83.760707
Climax	30.875669	-84.431172
Clyattville	30.681515	-83.310948
Cobbtown	32.279221	-82.138334
Cochran	32.387346	-83.351397
Cogdell	31.166264	-82.721638
Cohutta	34.955252	-84.967153
Colbert	34.037244	-83.213102
Coleman	31.668596	-84.892958
College Park	33.641448	-84.463502
Collins	32.179214	-82.109874
Colquitt	31.173215	-84.732379
Columbus	32.510197	-84.874946
Comer	34.062462	-83.12732
Commerce	34.214298	-83.475713
Concord	33.092129	-84.438844
Conley	33.642273	-84.334334
Conyers	33.657471	-83.983814
Coolidge	31.010769	-83.866476
Cordele	31.95609	-83.770077
Cornelia	34.516629	-83.531473
Country Club Estates	31.207037	-81.4627
Covington	33.605439	-83.846634
Crawford	33.883227	-83.15539
Crawfordville	33.554641	-82.896695
Crescent	31.518659	-81.370222
Crooked Creek	33.265688	-83.27525
Culloden	32.864908	-84.093999
Cumming	34.206067	-84.133848
Cusseta-Chattahoochee County unified government	32.347445	-84.788021
Cuthbert	31.770686	-84.793575
Dacula	33.981967	-83.90108
Dahlonega	34.529909	-83.979579
Daisy	32.150957	-81.835957
Dallas	33.916513	-84.840847
Dalton	34.767898	-84.972812
Damascus	31.298515	-84.717195
Danielsville	34.125601	-83.21615
Danville	32.606013	-83.246057
Darien	31.343489	-81.424103
Dasher	30.742266	-83.222524
Davisboro	32.981412	-82.603571
Dawson	31.771864	-84.443499
Dawsonville	34.433651	-84.124449
Dearing	33.415187	-82.386483
Decatur	33.771067	-84.295784
Deenwood	31.246823	-82.365728
Deepstep	33.015814	-82.965115
Demorest	34.563531	-83.542311
Denton	31.72013	-82.692237
De Soto	31.95479	-84.063639
Dewy Rose	34.171505	-82.942673
Dexter	32.433195	-83.059134
Dillard	34.971472	-83.381157
Dixie	30.788446	-83.66808
Dixie Union	31.346404	-82.4603
Dock Junction	31.201405	-81.515652
Doerun	31.322799	-83.916532
Donalsonville	31.039691	-84.878424
Dooling	32.229976	-83.928924
Doraville	33.908341	-84.269876
Douglas	31.506114	-82.854335
Douglasville	33.73678	-84.701074
Druid Hills	33.78415	-84.329213
Dublin	32.535471	-82.928807
Dudley	32.533483	-83.083619
Duluth	34.001517	-84.150464
Dunwoody	33.941387	-84.312701
Du Pont	30.989096	-82.869085
Dutch Island	32.003578	-81.032776
Eagle Grove	34.285577	-83.000722
East Dublin	32.546925	-82.866967
East Ellijay	34.665238	-84.490763
East Griffin	33.243443	-84.232599
Eastman	32.197561	-83.170658
East Newnan	33.345796	-84.776725
East Point	33.67112	-84.473429
Eatonton	33.325821	-83.388862
Echols County consolidated government	30.714008	-82.897376
Edge Hill	33.153421	-82.624989
Edison	31.560812	-84.737402
Elberton	34.106816	-82.872686
Ellaville	32.237662	-84.309114
Ellenton	31.176703	-83.587067
Ellerslie	32.632913	-84.788449
Ellijay	34.691322	-84.483921
Emerson	34.131329	-84.745369
Empire	32.337052	-83.282965
Enigma	31.401295	-83.319875
Ephesus	33.406937	-85.256762
Epworth	34.951032	-84.380788
Eton	34.828151	-84.767837
Euharlee	34.143586	-84.932752
Eulonia	31.533382	-81.436058
Evans	33.567644	-82.140555
Everett	31.39762	-81.63704
Experiment	33.286032	-84.274641
Faceville	30.753698	-84.637233
Fairburn	33.547798	-84.587265
Fairfield Plantation	33.644658	-84.928425
Fairmount	34.438632	-84.699397
Fair Oaks	33.919975	-84.544443
Fairplay	33.618204	-84.862363
Fairview	34.929532	-85.294037
Fargo	30.686878	-82.571448
Fayetteville	33.449099	-84.472824
Fitzgerald	31.713043	-83.252214
Flemington	31.849365	-81.561868
Flovilla	33.252406	-83.902902
Flowery Branch	34.171303	-83.918746
Folkston	30.839068	-82.007342
Forest Park	33.620543	-84.358181
Forsyth	33.039361	-83.934443
Fort Gaines	31.625945	-85.058669
Fort Oglethorpe	34.931849	-85.24601
Fort Stewart	31.881168	-81.61317
Fort Valley	32.551114	-83.879939
Franklin	33.279834	-85.098636
Franklin Springs	34.283361	-83.146091
Funston	31.195923	-83.881135
Gainesville	34.2901	-83.829106
Garden City	32.087221	-81.176614
Gardi	31.541787	-81.799535
Garfield	32.649211	-82.097291
Gay	33.095757	-84.579365
Geneva	32.578235	-84.553065
Georgetown	31.982716	-81.230275
Georgetown-Quitman County unified government	31.862938	-85.004798
Gibson	33.231691	-82.600978
Gillsville	34.307597	-83.638128
Girard	33.033888	-81.715514
Glenn	33.147692	-85.214018
Glennville	31.938798	-81.932425
Glenwood	32.180301	-82.670836
Godfrey	33.445881	-83.500625
Good Hope	33.790066	-83.617447
Gordon	32.886191	-83.333588
Gough	33.084105	-82.231332
Graham	31.824912	-82.497575
Grantville	33.237148	-84.830098
Gray	33.002021	-83.540932
Grayson	33.890751	-83.958148
Greensboro	33.563569	-83.189093
Greenville	33.030929	-84.716331
Gresham Park	33.707017	-84.311976
Griffin	33.243188	-84.271861
Grovetown	33.449769	-82.207966
Gumbranch	31.836728	-81.683797
Gumlog	34.498866	-83.093041
Guyton	32.33227	-81.390385
Hagan	32.15306	-81.92992
Hahira	30.99648	-83.381462
Hamilton	32.764671	-84.875261
Hampton	33.377704	-84.298974
Hannahs Mill	32.937302	-84.340945
Hapeville	33.660869	-84.409432
Haralson	33.22935	-84.56871
Hardwick	33.045594	-83.248796
Harlem	33.435349	-82.316065
Harrison	32.826424	-82.725846
Hartwell	34.349645	-82.92802
Hawkinsville	32.301182	-83.478856
Hazlehurst	31.864128	-82.599276
Helen	34.708395	-83.727625
Henderson	32.00705	-81.266602
Hephzibah	33.2923	-82.095732
Heron Bay	33.339043	-84.192162
Hiawassee	34.946158	-83.746335
Hickox	31.145116	-81.994931
Higgston	32.216102	-82.464793
Hilltop	33.108235	-84.437141
Hiltonia	32.883339	-81.661487
Hinesville	31.826702	-81.615773
Hiram	33.890794	-84.750549
Hoboken	31.180473	-82.130901
Hogansville	33.166986	-84.902788
Holly Springs	34.167234	-84.484469
Homeland	30.860145	-82.020802
Homer	34.337961	-83.494776
Homerville	31.038221	-82.742089
Hortense	31.328963	-81.953982
Hoschton	34.085932	-83.762195
Howard	32.604098	-84.379104
Hull	34.017611	-83.293647
Ideal	32.372878	-84.189014
Ila	34.173667	-83.293109
Indian Springs	34.960605	-85.159012
Iron City	31.013583	-84.813313
Irondale	33.483275	-84.365512
Irwinton	32.810758	-83.173696
Isle of Hope	31.985906	-81.052475
Ivey	32.909928	-83.299847
Jackson	33.292359	-83.967846
Jacksonville	31.813353	-82.975805
Jakin	31.090055	-84.98226
Jasper	34.466199	-84.435863
Jefferson	34.136239	-83.602157
Jeffersonville	32.686289	-83.342676
Jekyll Island	31.06371	-81.41873
Jenkinsburg	33.320579	-84.037313
Jersey	33.71689	-83.804251
Jesup	31.594574	-81.895699
Johns Creek	34.032739	-84.203848
Jonesboro	33.520799	-84.354701
Juliette	33.113712	-83.808425
Junction City	32.603622	-84.458198
Kennesaw	34.027202	-84.61709
Kennesaw State University	34.037859	-84.582645
Keysville	33.236189	-82.229326
Kings Bay Base	30.799297	-81.563719
Kingsland	30.846097	-81.790911
Kingston	34.231972	-84.944493
Kite	32.691524	-82.512435
Knoxville	32.723259	-83.995933
LaFayette	34.708848	-85.281494
LaGrange	33.02698	-85.038261
Lake City	33.606478	-84.341204
Lakeland	31.040817	-83.07473
Lake Park	30.68556	-83.187704
Lakeview	34.977071	-85.253632
Lakeview Estates	33.70498	-84.037679
Lavonia	34.433911	-83.107959
Lawrenceville	33.952875	-83.992231
Leary	31.484384	-84.511733
Leesburg	31.732058	-84.168546
Lenox	31.261003	-83.466873
Leslie	31.954796	-84.087093
Lexington	33.870069	-83.110154
Lilburn	33.89064	-84.136872
Lilly	32.146535	-83.877464
Lincoln Park	32.867381	-84.335599
Lincolnton	33.792714	-82.478438
Lindale	34.187692	-85.180719
Lithia Springs	33.782487	-84.648488
Lithonia	33.712954	-84.1062
Locust Grove	33.348251	-84.102537
Loganville	33.836502	-83.896135
Lone Oak	33.172352	-84.817331
Lookout Mountain	34.966503	-85.361889
Louisville	32.992865	-82.397188
Lovejoy	33.441519	-84.317444
Ludowici	31.714008	-81.740291
Lula	34.398088	-83.661905
Lumber City	31.933052	-82.683197
Lumpkin	32.048041	-84.798145
Luthersville	33.209626	-84.744302
Lyerly	34.403432	-85.404092
Lyons	32.204913	-82.321218
Mableton	33.814469	-84.565748
McCaysville	34.981962	-84.371188
McDonough	33.442222	-84.150963
McIntyre	32.846862	-83.200907
Macon-Bibb County	32.808845	-83.694194
McRae-Helena	32.063577	-82.89689
Madison	33.579038	-83.475971
Manassas	32.161124	-82.024038
Manchester	32.859057	-84.634374
Manor	31.103071	-82.566706
Mansfield	33.51799	-83.734909
Marietta	33.953561	-84.542463
Marshallville	32.458561	-83.939762
Martin	34.485769	-83.197451
Martinez	33.520422	-82.101179
Matthews	33.21933	-82.301659
Maxeys	33.754914	-83.172638
Maysville	34.255126	-83.553058
Meansville	33.051449	-84.310459
Meigs	31.071788	-84.092683
Mendes	31.994749	-81.970437
Menlo	34.483491	-85.477611
Mershon	31.463256	-82.252797
Metter	32.39451	-82.062432
Midville	32.821272	-82.235266
Midway	31.801003	-81.416664
Milan	32.019198	-83.062279
Milledgeville	33.087945	-83.240613
Millen	32.806892	-81.942039
Millwood	31.265395	-82.657199
Milner	33.116066	-84.187681
Milstead	33.687946	-83.990726
Milton	34.144325	-84.314188
Mineral Bluff	34.914151	-84.277608
Mitchell	33.221712	-82.701246
Molena	33.014084	-84.507063
Monroe	33.797481	-83.718728
Montezuma	32.297252	-84.019052
Montgomery	31.947857	-81.09792
Monticello	33.295879	-83.686584
Montrose	32.55923	-83.153151
Moody AFB	30.969613	-83.194305
Moreland	33.286361	-84.769581
Morgan	31.538097	-84.603238
Morganton	34.875049	-84.244266
Morrow	33.578297	-84.335554
Morven	30.943977	-83.499976
Moultrie	31.17943	-83.790786
Mountain City	34.921479	-83.381098
Mountain Park	34.083035	-84.413635
Mountain Park	33.846683	-84.132156
Mount Airy	34.523488	-83.497167
Mount Vernon	32.185236	-82.596585
Mount Zion	33.642561	-85.180998
Musella	32.801867	-84.032382
Nahunta	31.206217	-81.981216
Nashville	31.205697	-83.246388
Naylor	30.910184	-83.074184
Nelson	34.379225	-84.370642
Newborn	33.516081	-83.695737
New England	34.918034	-85.481375
Newington	32.58916	-81.505994
Newnan	33.379672	-84.771204
Newton	31.316751	-84.339469
Nicholls	31.520425	-82.638096
Nicholson	34.116622	-83.425056
Norcross	33.937394	-84.205634
Norman Park	31.26902	-83.684531
Norristown	32.50704	-82.498626
North Decatur	33.807337	-84.28889
North Druid Hills	33.819492	-84.326702
North High Shoals	33.828754	-83.501647
Norwood	33.462697	-82.705957
Nunez	32.491954	-82.346687
Oak Park	32.364413	-82.324015
Oakwood	34.222133	-83.884856
Ochlocknee	30.975437	-84.050639
Ocilla	31.598633	-83.249809
Oconee	32.853452	-82.957675
Odum	31.67186	-82.024183
Offerman	31.409941	-82.114283
Oglethorpe	32.293176	-84.062807
Ohoopee	32.181699	-82.221992
Oliver	32.523079	-81.536264
Omega	31.338958	-83.593724
Orchard Hill	33.185158	-84.212038
Oxford	33.628385	-83.872326
Palmetto	33.536038	-84.673791
Panthersville	33.70832	-84.274474
Parrott	31.894377	-84.511745
Patterson	31.384904	-82.13543
Pavo	30.95937	-83.739334
Peachtree City	33.391887	-84.570656
Peachtree Corners	33.96715	-84.232328
Pearson	31.29721	-82.853957
Pelham	31.126639	-84.151459
Pembroke	32.144525	-81.616915
Pendergrass	34.165937	-83.678859
Perkins	32.919257	-81.944353
Perry	32.472008	-83.726245
Phillipsburg	31.43888	-83.520321
Pinehurst	32.196212	-83.759519
Pine Lake	33.790707	-84.205837
Pine Mountain	32.852005	-84.851631
Pineview	32.10428	-83.50887
Piney Grove	32.615464	-85.03881
Pitts	31.946184	-83.541757
Plains	32.03307	-84.394526
Plainville	34.405265	-85.031489
Pooler	32.105635	-81.256032
Portal	32.538196	-81.928751
Porterdale	33.573706	-83.894787
Port Wentworth	32.192015	-81.205725
Poulan	31.514506	-83.78982
Powder Springs	33.864233	-84.682013
Pulaski	32.390651	-81.953437
Putney	31.474745	-84.105241
Quitman	30.784529	-83.560546
Ranger	34.501261	-84.711067
Raoul	34.457691	-83.600862
Ray City	31.072762	-83.190091
Rayle	33.791336	-82.908545
Rebecca	31.807226	-83.487577
Redan	33.738689	-84.167118
Reed Creek	34.440925	-82.913683
Register	32.36453	-81.880493
Reidsville	32.087331	-82.12479
Remerton	30.843788	-83.308928
Rentz	32.382887	-82.991818
Resaca	34.579365	-84.943824
Rest Haven	34.136245	-83.974714
Reynolds	32.560478	-84.094363
Rhine	31.989315	-83.200435
Riceboro	31.724439	-81.442341
Richland	32.088762	-84.662001
Richmond Hill	31.9	-81.310961
Riddleville	32.902739	-82.664984
Rincon	32.29469	-81.235348
Ringgold	34.913657	-85.121503
Riverdale	33.563869	-84.410959
Roberta	32.719776	-84.010381
Robins AFB	32.610005	-83.582946
Rochelle	31.948766	-83.456882
Rockingham	31.541928	-82.417685
Rockmart	34.008306	-85.044978
Rock Spring	34.81467	-85.238869
Rocky Ford	32.663507	-81.835465
Rome	34.266133	-85.186052
Roopville	33.456639	-85.130407
Rossville	34.975773	-85.289568
Roswell	34.039453	-84.350946
Royston	34.285818	-83.111787
Russell	33.979	-83.69227
Rutledge	33.625654	-83.609698
St. Marys	30.754245	-81.572635
St. Simons	31.180149	-81.385377
Sale City	31.262925	-84.020816
Salem	32.758587	-84.193624
Sandersville	32.982089	-82.809694
Sandy Springs	33.931502	-84.368889
Santa Claus	32.170653	-82.329594
Sardis	32.975073	-81.76151
Sasser	31.719916	-84.347765
Satilla	31.791866	-82.559167
Sautee-Nacoochee	34.688809	-83.683078
Savannah	32.018043	-81.196492
Scotland	32.047247	-82.817615
Scottdale	33.795434	-84.266012
Screven	31.484153	-82.016879
Senoia	33.307664	-84.554759
Seville	31.960953	-83.600641
Shady Dale	33.398475	-83.589375
Shannon	34.340318	-85.084083
Sharon	33.562681	-82.795436
Sharpsburg	33.337111	-84.650911
Shellman	31.757085	-84.6159
Shiloh	32.81158	-84.698708
Siloam	33.540913	-83.084892
Skidaway Island	31.937772	-81.046395
Sky Valley	34.984996	-83.333994
Smarr	32.987019	-83.883024
Smithville	31.901098	-84.255174
Smyrna	33.862559	-84.51612
Snellville	33.860224	-84.006295
Social Circle	33.646139	-83.712782
Soperton	32.378268	-82.594019
South Fulton	33.63572	-84.583417
Sparks	31.169023	-83.441225
Sparta	33.277912	-82.969815
Springfield	32.361594	-81.298215
Stapleton	33.216889	-82.467241
Statesboro	32.437726	-81.775637
Statham	33.962774	-83.603753
Sterling	31.262153	-81.553083
Stillmore	32.441609	-82.214484
Stockbridge	33.530019	-84.234275
Stockton	30.946423	-83.003613
Stonecrest	33.680667	-84.14525
Stone Mountain	33.804187	-84.17142
Sugar Hill	34.085962	-84.03397
Summertown	32.745239	-82.276859
Summerville	34.478751	-85.349072
Sumner	31.510337	-83.736838
Sunny Side	33.343277	-84.29174
Sunnyside	31.239489	-82.341783
Sunset Village	32.891774	-84.409712
Surrency	31.721916	-82.197823
Suwanee	34.051119	-84.06591
Swainsboro	32.585588	-82.334784
Sycamore	31.671652	-83.635525
Sylvania	32.747226	-81.640693
Sylvester	31.529745	-83.834571
Talahi Island	32.032985	-80.976021
Talbotton	32.677248	-84.54065
Talking Rock	34.529219	-84.491954
Tallapoosa	33.736656	-85.287358
Tallulah Falls	34.725845	-83.387512
Talmo	34.179368	-83.717415
Tarrytown	32.319004	-82.559905
Tate City	34.976365	-83.551469
Taylorsville	34.085129	-84.985629
Tazewell	32.374996	-84.437955
Temple	33.733245	-85.027295
Tennille	32.936563	-82.813233
The Rock	32.960715	-84.239175
Thomaston	32.891673	-84.326691
Thomasville	30.839422	-83.978781
Thomson	33.46927	-82.495116
Thunderbolt	32.035729	-81.049204
Tifton	31.462099	-83.520499
Tiger	34.846066	-83.432562
Tignall	33.866962	-82.742146
Toccoa	34.582081	-83.327169
Toomsboro	32.822373	-83.082637
Trenton	34.874147	-85.50965
Trion	34.548418	-85.310769
Tucker	33.845169	-84.202085
Tunnel Hill	34.855413	-85.036778
Turin	33.322977	-84.638692
Twin City	32.582227	-82.159379
Tybee Island	32.010216	-80.855904
Tyrone	33.476059	-84.594522
Ty Ty	31.471881	-83.650265
Unadilla	32.257284	-83.735898
Union City	33.593837	-84.56263
Union Point	33.618816	-83.075036
Unionville	31.436548	-83.509063
Uvalda	32.038084	-82.507459
Valdosta	30.850126	-83.278833
Varnell	34.901575	-84.965064
Vernonburg	31.966172	-81.120562
Vidalia	32.212079	-82.402187
Vidette	33.036123	-82.244029
Vienna	32.092747	-83.786839
Villa Rica	33.728365	-84.916662
Vinings	33.85916	-84.467843
Waco	33.7026	-85.189244
Wadley	32.86479	-82.402802
Waleska	34.317022	-84.550982
Walnut Grove	33.74786	-83.849962
Walthourville	31.771984	-81.620943
Waresboro	31.247501	-82.472031
Warm Springs	32.887196	-84.678624
Warner Robins	32.597096	-83.653936
Warrenton	33.406073	-82.665431
Warthen	33.094754	-82.804922
Warwick	31.82979	-83.920625
Washington	33.732289	-82.743613
Watkinsville	33.859666	-83.404788
Waverly	31.109805	-81.72762
Waverly Hall	32.68289	-84.728333
Waycross	31.211006	-82.357658
Waynesboro	33.091279	-82.01429
Waynesville	31.227222	-81.783591
Webster County unified government	32.046691	-84.553828
Wenona	31.910941	-83.751066
West Brow	34.914816	-85.418583
West Point	32.898518	-85.141499
Whigham	30.883895	-84.327368
White	34.282234	-84.748028
Whitemarsh Island	32.030312	-81.012919
White Plains	33.480313	-83.036343
Whitesburg	33.492068	-84.9143
Wildwood	34.966937	-85.421501
Willacoochee	31.335094	-83.044003
Williamson	33.178274	-84.357575
Wilmington Island	31.999706	-80.975229
Winder	33.992612	-83.723071
Winterville	33.966635	-83.281558
Woodbine	30.959855	-81.718098
Woodbury	32.985218	-84.582015
Woodland	32.788217	-84.561221
Woodstock	34.10314	-84.512997
Woodville	33.665503	-83.118094
Woolsey	33.362901	-84.407036
Wrens	33.207434	-82.387583
Wrightsville	32.726812	-82.719072
Yatesville	32.913416	-84.142713
Yonah	34.644182	-83.743
Young Harris	34.934606	-83.847726
Zebulon	33.090996	-84.339467
Aberdeen	42.944098	-112.838381
Acequia	42.668343	-113.597281
Albion	42.409808	-113.580438
American Falls	42.782846	-112.854211
Ammon	43.471681	-111.960336
Arbon Valley	42.88763	-112.589386
Arco	43.631893	-113.301033
Arimo	42.560352	-112.172935
Ashton	44.073332	-111.448311
Athol	47.947042	-116.707757
Avimor	43.776181	-116.257108
Bancroft	42.720241	-111.88301
Banks	44.072248	-116.131684
Basalt	43.314443	-112.165044
Bellevue	43.468977	-114.255078
Bennington	42.382259	-111.32098
Blackfoot	43.194595	-112.346811
Blanchard	48.010984	-116.995155
Bliss	42.924284	-114.947516
Bloomington	42.19099	-111.402756
Boise City	43.600229	-116.231656
Bonners Ferry	48.693579	-116.317019
Bovill	46.858679	-116.393551
Bruneau	42.872792	-115.795239
Buhl	42.598362	-114.759536
Burley	42.537439	-113.791288
Butte City	43.606988	-113.240739
Caldwell	43.64588	-116.659336
Cambridge	44.571748	-116.678101
Carey	43.312011	-113.941008
Cascade	44.508761	-116.043627
Castleford	42.520569	-114.871806
Challis	44.505778	-114.228321
Chubbuck	42.926182	-112.462537
Clark Fork	48.148019	-116.172988
Clayton	44.259202	-114.383108
Clifton	42.187286	-112.004596
Coeur d'Alene	47.703498	-116.793861
Conkling Park	47.399815	-116.770309
Coolin	48.476019	-116.843985
Cottonwood	46.051045	-116.349751
Council	44.733195	-116.436837
Craigmont	46.24174	-116.471344
Crouch	44.115362	-115.975813
Culdesac	46.374896	-116.670097
Dalton Gardens	47.733412	-116.767873
Dayton	42.111246	-111.984615
Deary	46.800586	-116.557368
Declo	42.519599	-113.628732
De Smet	47.14102	-116.911366
Dietrich	42.912796	-114.266289
Donnelly	44.733372	-116.086842
Dover	48.259156	-116.609843
Downey	42.428852	-112.123339
Driggs	43.730238	-111.104038
Drummond	43.99959	-111.343358
Dubois	44.171161	-112.228278
Eagle	43.693423	-116.345989
East Hope	48.240895	-116.28941
Eden	42.605309	-114.209087
Elk City	45.820903	-115.441146
Elk River	46.783006	-116.181105
Emmett	43.869228	-116.491336
Fairfield	43.348045	-114.800826
Ferdinand	46.151915	-116.390008
Fernan Lake Village	47.672291	-116.747555
Fernwood	47.115096	-116.386485
Filer	42.565085	-114.606096
Firth	43.305788	-112.183454
Fort Hall	43.014547	-112.45787
Franklin	42.009503	-111.802183
Fruitland	44.019123	-116.921025
Gannett	43.352097	-114.167689
Garden City	43.668297	-116.294389
Garden Valley	44.083404	-115.958464
Genesee	46.551608	-116.928389
Georgetown	42.479083	-111.363497
Glenns Ferry	42.949908	-115.308185
Gooding	42.937048	-114.713188
Grace	42.575182	-111.729771
Grand View	42.985123	-116.09368
Grangeville	45.925826	-116.121916
Greenleaf	43.672607	-116.821443
Groveland	43.223483	-112.37547
Hagerman	42.816016	-114.897681
Hailey	43.512674	-114.299499
Hamer	43.92674	-112.20622
Hammett	42.944114	-115.465521
Hansen	42.531365	-114.301177
Harrison	47.469471	-116.808586
Hauser	47.764965	-117.014104
Hayden	47.768454	-116.801239
Hayden Lake	47.76446	-116.756097
Hazelton	42.594953	-114.136611
Heyburn	42.559982	-113.762067
Hidden Springs	43.716541	-116.259415
Hollister	42.352911	-114.583846
Homedale	43.615937	-116.939029
Hope	48.250376	-116.304576
Horseshoe Bend	43.916085	-116.199236
Huetter	47.703544	-116.850838
Idaho City	43.827844	-115.830474
Idaho Falls	43.488851	-112.036297
Inkom	42.796548	-112.254625
Iona	43.527583	-111.931391
Irwin	43.403359	-111.279513
Island Park	44.534191	-111.337788
Jerome	42.718095	-114.515791
Juliaetta	46.574737	-116.70808
Kamiah	46.226796	-116.028303
Kellogg	47.53496	-116.132678
Kendrick	46.614183	-116.661272
Ketchum	43.687718	-114.380069
Kimberly	42.534894	-114.370689
Kooskia	46.141687	-115.973646
Kootenai	48.311831	-116.517128
Kuna	43.52484	-116.403639
Laclede	48.167129	-116.751565
Lapwai	46.403715	-116.804223
Lava Hot Springs	42.620107	-112.009902
Leadore	44.680046	-113.35922
Letha	43.892829	-116.647026
Lewiston	46.39313	-116.993472
Lewisville	43.695734	-112.013898
Lincoln	43.518245	-111.9692
Lost River	43.688262	-113.635283
Lowman	44.071978	-115.6183
McCall	44.908408	-116.112491
McCammon	42.648236	-112.189394
Mackay	43.911996	-113.612728
Malad City	42.189909	-112.249688
Malta	42.307532	-113.369737
Marsing	43.54636	-116.810422
Melba	43.373633	-116.531933
Menan	43.721791	-111.992353
Meridian	43.61149	-116.400662
Middleton	43.711593	-116.615008
Midvale	44.462255	-116.740652
Minidoka	42.75397	-113.489955
Montpelier	42.325992	-111.298826
Moore	43.73441	-113.36734
Moreland	43.21948	-112.437772
Moscow	46.730609	-116.998909
Mountain Home	43.131833	-115.696716
Mountain Home AFB	43.049186	-115.86586
Moyie Springs	48.724901	-116.195607
Mud Lake	43.842855	-112.479504
Mullan	47.468759	-115.796351
Murphy	43.212138	-116.548501
Murtaugh	42.491685	-114.162311
Nampa	43.585541	-116.565631
Newdale	43.886385	-111.603888
New Meadows	44.971335	-116.285195
New Plymouth	43.970417	-116.818781
Nezperce	46.236595	-116.239764
Notus	43.726863	-116.800432
Oakley	42.24206	-113.883058
Oldtown	48.182488	-117.018005
Onaway	46.928211	-116.889621
Orofino	46.484943	-116.253027
Osburn	47.505731	-116.000709
Oxford	42.259831	-112.01787
Paris	42.227978	-111.402424
Parker	43.958405	-111.759206
Parkline	47.338483	-116.69398
Parma	43.786284	-116.942491
Paul	42.604269	-113.78479
Payette	44.080093	-116.926852
Peck	46.474696	-116.426196
Pierce	46.495335	-115.803292
Pinehurst	47.536314	-116.231746
Placerville	43.942737	-115.945986
Plummer	47.330135	-116.884909
Pocatello	42.872748	-112.463836
Ponderay	48.30478	-116.536645
Post Falls	47.725559	-116.944167
Potlatch	46.923012	-116.898327
Preston	42.099414	-111.880738
Priest River	48.184319	-116.905428
Princeton	46.917198	-116.82608
Rathdrum	47.794036	-116.892927
Reubens	46.322923	-116.542861
Rexburg	43.822893	-111.790988
Richfield	43.05164	-114.155942
Rigby	43.673587	-111.913525
Riggins	45.420591	-116.317636
Ririe	43.632494	-111.771717
Riverside	43.196554	-112.435625
Roberts	43.720488	-112.128868
Robie Creek	43.667629	-116.015174
Rockford	43.189235	-112.530618
Rockford Bay	47.508637	-116.886536
Rockland	42.573276	-112.874507
Rupert	42.618936	-113.673967
St. Anthony	43.966137	-111.684509
St. Charles	42.111826	-111.390316
St. Maries	47.314589	-116.572235
Salmon	45.174386	-113.894764
Sandpoint	48.281694	-116.560013
Shelley	43.379537	-112.126098
Shoshone	42.936185	-114.404747
Silverton	47.495681	-115.960513
Smelterville	47.542423	-116.177448
Smiths Ferry	44.299159	-116.078379
Soda Springs	42.657874	-111.586081
Spencer	44.367769	-112.18428
Spirit Lake	47.965799	-116.869831
Stanley	44.211775	-114.934074
Star	43.700015	-116.489761
State Line	47.705341	-117.036629
Stites	46.09252	-115.975985
Sugar City	43.87582	-111.751032
Sun Valley	43.683852	-114.334203
Swan Valley	43.442575	-111.324544
Sweetwater	46.367638	-116.79748
Tensed	47.159612	-116.923795
Teton	43.887773	-111.672254
Tetonia	43.814578	-111.158664
Troy	46.737981	-116.773154
Twin Falls	42.564674	-114.460608
Tyhee	42.954001	-112.456199
Ucon	43.592857	-111.959963
Victor	43.60155	-111.110822
Viola	46.838885	-117.018845
Wallace	47.473578	-115.922542
Wardner	47.518971	-116.135674
Warm River	44.120958	-111.320995
Weippe	46.37825	-115.938844
Weiser	44.25468	-116.968859
Wendell	42.77468	-114.70296
Weston	42.036209	-111.977799
White Bird	45.76268	-116.300351
Wilder	43.678388	-116.907585
Winchester	46.240812	-116.624137
Worley	47.400533	-116.919254
Yellow Pine	44.960716	-115.485434
Abingdon	40.803781	-90.400935
Adair	40.418307	-90.497373
Adams	39.87086	-91.19985
Addieville	38.391299	-89.486455
Addison	41.930782	-88.008987
Adeline	42.140551	-89.491859
Albany	41.786132	-90.21635
Albers	38.543577	-89.617297
Albion	38.376598	-88.057625
Alden	42.458607	-88.518517
Aledo	41.198561	-90.746351
Alexander	39.721772	-90.036846
Alexis	41.062906	-90.555402
Algonquin	42.159466	-88.321873
Alhambra	38.887446	-89.736876
Allendale	38.527627	-87.710344
Allenville	39.558307	-88.538709
Allerton	39.916139	-87.935258
Alma	38.722888	-88.911695
Alpha	41.191663	-90.380466
Alsey	39.559411	-90.433585
Alsip	41.67027	-87.737085
Altamont	39.056115	-88.746922
Alton	38.903898	-90.151204
Altona	41.115052	-90.164819
Alto Pass	37.573654	-89.319546
Alvan (Alvin)	40.307028	-87.606903
Amboy	41.715885	-89.34089
Anchor	40.56814	-88.53846
Andalusia	41.435891	-90.713922
Andover	41.294916	-90.290743
Andres	41.371007	-87.881453
Anna	37.46106	-89.237478
Annapolis	39.143046	-87.817129
Annawan	41.396382	-89.890567
Antioch	42.47715	-88.067129
Apple Canyon Lake	42.433843	-90.159677
Apple River	42.502261	-90.093699
Arbury Hills	41.535311	-87.846065
Arcola	39.683576	-88.300851
Arenzville	39.880462	-90.37055
Argenta	39.985506	-88.819725
Argyle	42.35479	-88.939167
Arlington	41.471542	-89.24787
Arlington Heights	42.097362	-87.981671
Armington	40.339739	-89.314386
Aroma Park	41.081805	-87.804373
Arrowsmith	40.449273	-88.632098
Arthur	39.714453	-88.469594
Ashkum	40.878331	-87.953214
Ashland	39.888539	-90.007874
Ashley	38.328335	-89.188951
Ashmore	39.530563	-88.020109
Ashton	41.868386	-89.223064
Assumption	39.518002	-89.047729
Astoria	40.227858	-90.356524
Athens	39.961863	-89.721631
Atkinson	41.413245	-90.005345
Atlanta	40.263574	-89.230845
Atwood	39.799243	-88.462652
Auburn	39.5763	-89.743982
Augusta	40.23073	-90.950063
Aurora	41.763455	-88.290099
Ava	37.888524	-89.496305
Aviston	38.625967	-89.613424
Avon	40.662002	-90.435261
Baileyville	42.198332	-89.594528
Baldwin	38.183829	-89.845152
Banner	40.512612	-89.915609
Bannockburn	42.192226	-87.869811
Bardolph	40.495917	-90.563071
Barrington	42.151535	-88.128534
Barrington Hills	42.138642	-88.202959
Barry	39.69831	-91.039918
Barstow	41.51594	-90.356662
Bartelso	38.538189	-89.461485
Bartlett	41.960637	-88.177747
Bartonville	40.642046	-89.659792
Basco	40.327801	-91.199495
Batavia	41.847692	-88.311047
Batchtown	39.033197	-90.653366
Bath	40.189972	-90.142448
Baylis	39.729454	-90.909422
Bay View Gardens	40.813813	-89.527986
Beach Park	42.442271	-87.875368
Beardstown	40.010103	-90.431131
Beason	40.142831	-89.192763
Beaverville	40.95366	-87.654031
Beckemeyer	38.605828	-89.432298
Bedford Park	41.767773	-87.772556
Beecher	41.350011	-87.617293
Beecher City	39.186629	-88.787675
Belgium	40.06076	-87.632829
Belknap	37.3226	-88.93971
Belle Prairie City	38.22349	-88.555741
Belle Rive	38.231725	-88.74049
Belleville	38.515973	-89.989779
Bellevue	40.687644	-89.673193
Bellflower	40.340552	-88.525638
Bellmont	38.383026	-87.910604
Bellwood	41.882901	-87.87617
Belvidere	42.265448	-88.887758
Bement	39.923001	-88.572437
Benld	39.092998	-89.802332
Bensenville	41.958011	-87.943825
Benson	40.850709	-89.121097
Bentley	40.34367	-91.112288
Benton	38.013187	-88.917281
Berkeley	41.889116	-87.911471
Berlin	39.756879	-89.902439
Berwyn	41.843333	-87.790926
Bethalto	38.90166	-90.044841
Bethany	39.644185	-88.740882
Beverly	39.794554	-90.990019
Big Foot Prairie	42.491518	-88.600739
Biggsville	40.853647	-90.862209
Big Rock	41.766801	-88.526444
Bingham	39.112236	-89.213728
Bishop Hill	41.199807	-90.117518
Bismarck	40.259434	-87.61126
Blairsville	37.810539	-89.123826
Blandinsville	40.553969	-90.868332
Bloomfield	40.017198	-91.304947
Bloomingdale	41.951525	-88.089118
Bloomington	40.475777	-88.969912
Blue Island	41.65757	-87.681126
Blue Mound	39.700562	-89.118547
Bluffs	39.749254	-90.535253
Bluford	38.32607	-88.734791
Bolingbrook	41.688062	-88.100965
Bondville	40.111504	-88.368293
Bone Gap	38.444882	-87.997571
Bonfield	41.145018	-88.054037
Bonnie	38.203001	-88.906772
Bonnie Brae	41.599932	-88.034475
Boody	39.764377	-89.046671
Boulder Hill	41.710352	-88.333783
Bourbonnais	41.183002	-87.878465
Bowen	40.232054	-91.063282
Braceville	41.225288	-88.267629
Bradford	41.177181	-89.658213
Bradley	41.164185	-87.845119
Braidwood	41.27018	-88.223421
Breese	38.613802	-89.523713
Bridgeport	38.709948	-87.758646
Bridgeview	41.740281	-87.806644
Brighton	39.040863	-90.140041
Brimfield	40.836955	-89.880574
Broadlands	39.908726	-87.997117
Broadview	41.858367	-87.856192
Broadwell	40.066881	-89.44283
Brocton	39.715407	-87.933607
Brookfield	41.825059	-87.847546
Brooklyn	38.654247	-90.167873
Brookport	37.125817	-88.625983
Broughton	37.933933	-88.462433
Browning	40.12705	-90.373003
Browns	38.377532	-87.983159
Brownstown	38.994218	-88.955331
Brussels	38.948465	-90.589034
Bryant	40.465437	-90.094885
Buckingham	41.047068	-88.174914
Buckley	40.597274	-88.037681
Buckner	37.981015	-89.015659
Buda	41.329004	-89.679255
Buffalo	39.849911	-89.409125
Buffalo Grove	42.165981	-87.961826
Buffalo Prairie	41.340855	-90.848206
Bull Valley	42.323472	-88.360947
Bulpitt	39.591879	-89.425762
Buncombe	37.471116	-88.97466
Bunker Hill	39.041478	-89.95114
Burbank	41.74442	-87.768505
Bureau Junction	41.289448	-89.364522
Burlington	42.052859	-88.568931
Burnham	41.63948	-87.54496
Burnt Prairie	38.250865	-88.25826
Burr Ridge	41.747898	-87.920105
Burton	39.907938	-91.249269
Burtons Bridge	42.27789	-88.23035
Bush	37.841929	-89.129906
Bushnell	40.551619	-90.504684
Butler	39.197536	-89.532233
Byron	42.121835	-89.266806
Cabery	40.995751	-88.203692
Cable	41.279696	-90.505781
Cahokia Heights	38.572053	-90.155317
Cairo	37.006288	-89.18288
Caledonia	42.368623	-88.893925
Calhoun	38.651161	-88.044023
Calumet City	41.596493	-87.538572
Calumet Park	41.665735	-87.65765
Camargo	39.79944	-88.16838
Cambria	37.779364	-89.119356
Cambridge	41.292445	-90.19092
Camden	40.152829	-90.773324
Cameron	40.887545	-90.51644
Campbell Hill	37.930783	-89.551387
Campbell's Island	41.54036	-90.430323
Camp Point	40.03641	-91.064134
Campton Hills	41.950241	-88.417049
Campus	41.024613	-88.307309
Candlewick Lake	42.351108	-88.870408
Canton	40.563863	-90.036562
Cantrall	39.935265	-89.678762
Capron	42.398777	-88.738656
Carbon Cliff	41.498072	-90.391733
Carbondale	37.722062	-89.223664
Carbon Hill	41.296921	-88.299892
Carlinville	39.277475	-89.876125
Carlock	40.583555	-89.128824
Carlyle	38.622266	-89.375442
Carman	40.736216	-91.061674
Carmi	38.08615	-88.172062
Carol Stream	41.920346	-88.133223
Carpentersville	42.122736	-88.293896
Carrier Mills	37.688601	-88.628976
Carrollton	39.294493	-90.406894
Carterville	37.762798	-89.084481
Carthage	40.414292	-91.1281
Cary	42.212144	-88.249627
Casey	39.30542	-87.985307
Caseyville	38.628961	-90.034459
Catlin	40.06799	-87.708383
Cave-In-Rock	37.471016	-88.165762
Cedar Point	41.26511	-89.126016
Cedarville	42.375727	-89.636268
Central City	38.548549	-89.128298
Centralia	38.522066	-89.123533
Cerro Gordo	39.889202	-88.734472
Chadwick	42.014236	-89.888442
Champaign	40.114099	-88.274619
Chandlerville	40.047011	-90.151257
Channahon	41.425279	-88.266579
Channel Lake	42.482745	-88.14713
Chapin	39.766869	-90.402746
Charleston	39.48375	-88.177916
Chatham	39.674535	-89.693303
Chatsworth	40.72136	-88.299594
Chebanse	41.005869	-87.909724
Chemung	42.416201	-88.66416
Chenoa	40.737639	-88.727778
Cherry	41.428141	-89.213239
Cherry Valley	42.235178	-88.975113
Chester	37.925757	-89.827704
Chesterfield	39.256614	-90.066765
Chestnut	40.053734	-89.187111
Chicago	41.837045	-87.684939
Chicago Heights	41.510685	-87.634672
Chicago Ridge	41.703415	-87.779467
Chillicothe	40.915961	-89.50268
Chrisman	39.804357	-87.674873
Christopher	37.970999	-89.052985
Cicero	41.844537	-87.75929
Cisco	40.011615	-88.725419
Cisne	38.51391	-88.43714
Cissna Park	40.566981	-87.892197
Claremont	38.717594	-87.972866
Clarendon Hills	41.798448	-87.957239
Clay City	38.685793	-88.348621
Clayton	40.030564	-90.957999
Cleveland	41.503203	-90.317006
Clifton	40.934726	-87.93433
Clinton	40.146952	-88.963179
Coal City	41.278903	-88.280053
Coalton	39.2848	-89.302973
Coal Valley	41.438418	-90.439385
Coatsburg	40.032456	-91.160371
Cobden	37.533303	-89.254406
Coffeen	39.088243	-89.389771
Colchester	40.42561	-90.792174
Coleta	41.902036	-89.799812
Colfax	40.566598	-88.616051
Collinsville	38.675747	-90.005757
Colona	41.473375	-90.332418
Colp	37.80735	-89.078531
Columbia	38.458056	-90.216
Columbus	39.986472	-91.144971
Como	41.766462	-89.765344
Compton	41.694082	-89.086346
Concord	39.815604	-90.370394
Congerville	40.616652	-89.204822
Cooksville	40.542662	-88.714708
Coral	42.217995	-88.566203
Cordova	41.677028	-90.320713
Cornell	40.992022	-88.729881
Cornland	39.937628	-89.401578
Cortland	41.937239	-88.689303
Coulterville	38.185079	-89.604316
Country Club Hills	41.563453	-87.725409
Countryside	41.774204	-87.875224
Cowden	39.249224	-88.859351
Coyne Center	41.400637	-90.562666
Crab Orchard	37.723611	-88.810281
Crainville	37.753795	-89.059121
Creal Springs	37.619847	-88.837446
Crescent City	40.771665	-87.856578
Crest Hill	41.57436	-88.113261
Creston	41.93356	-88.974289
Crestwood	41.645598	-87.740078
Crete	41.440524	-87.624471
Creve Coeur	40.644086	-89.597415
Crossville	38.162569	-88.064355
Crystal Lake	42.233209	-88.33436
Crystal Lawns	41.568532	-88.163917
Cuba	40.493601	-90.193353
Cullom	40.878445	-88.269766
Curran	39.741962	-89.778415
Custer Park	41.242704	-88.12949
Cutler	38.032549	-89.567572
Cypress	37.365722	-89.018887
Dahlgren	38.198052	-88.684687
Dakota	42.387909	-89.526559
Dallas City	40.6353	-91.164279
Dalton City	39.717018	-88.807043
Dalzell	41.356488	-89.173385
Damiansville	38.508778	-89.615019
Dana	40.956508	-88.949973
Danforth	40.821975	-87.977847
Danvers	40.529985	-89.175073
Danville	40.142628	-87.610707
Darien	41.745663	-87.981494
Darmstadt	38.318739	-89.729237
Davis	42.421561	-89.414911
Davis Junction	42.114561	-89.090288
Dawson	39.852952	-89.461948
Dayton	41.391523	-88.799197
Decatur	39.855983	-88.933746
Deer Creek	40.629498	-89.33172
Deerfield	42.166069	-87.852467
Deer Grove	41.60965	-89.686582
Deer Park	42.166284	-88.08618
DeKalb	41.928873	-88.746359
De Land	40.121815	-88.64347
Delavan	40.371022	-89.546069
De Pue	41.329565	-89.303736
De Soto	37.815706	-89.226966
Des Plaines	42.034398	-87.901136
Detroit	39.620161	-90.675914
Dewey	40.319252	-88.283378
De Witt	40.184638	-88.785263
Diamond	41.285224	-88.250701
Dieterich	39.060311	-88.3814
Divernon	39.570431	-89.653638
Dix	38.444474	-88.945963
Dixmoor	41.63295	-87.667233
Dixon	41.844824	-89.476547
Dolton	41.630275	-87.596834
Dongola	37.357109	-89.164989
Donnellson	39.030545	-89.475639
Donovan	40.884883	-87.613852
Dorchester	39.085883	-89.887738
Dover	41.434226	-89.395762
Dowell	37.939573	-89.239529
Downers Grove	41.79503	-88.021055
Downs	40.398775	-88.889199
Du Bois	38.22139	-89.212674
Dundas	38.83459	-88.085491
Dunfermline	40.491709	-90.032464
Dunlap	40.845213	-89.67591
Dupo	38.516124	-90.217599
Du Quoin	38.001719	-89.23284
Durand	42.433801	-89.326782
Dwight	41.098705	-88.422077
Eagarville	39.108699	-89.779025
Eagle Lake	41.370257	-87.5552
Earlville	41.588068	-88.922954
East Alton	38.88412	-90.107943
East Brooklyn	41.172687	-88.265426
East Cape Girardeau	37.294005	-89.480188
East Carondelet	38.537126	-90.239997
East Dubuque	42.488329	-90.624225
East Dundee	42.097437	-88.248079
East Galesburg	40.942833	-90.31096
East Gillespie	39.137819	-89.812685
East Hazel Crest	41.575799	-87.650273
East Lynn	40.466238	-87.800673
East Moline	41.519867	-90.387904
Easton	40.232079	-89.841584
East Peoria	40.673377	-89.541764
East St. Louis	38.616361	-90.130528
Eddyville	37.500191	-88.585059
Edgewood	38.921865	-88.664076
Edgington	41.386886	-90.76368
Edinburg	39.65789	-89.390121
Edwardsville	38.790835	-89.988605
Effingham	39.11975	-88.550896
Elburn	41.886013	-88.460926
El Dara	39.62275	-90.991729
Eldorado	37.811726	-88.441578
Eldred	39.286151	-90.553975
Elgin	42.038963	-88.325671
Eliza	41.294769	-90.972545
Elizabeth	42.316334	-90.222061
Elizabethtown	37.449937	-88.303521
Elk Grove Village	42.00497	-87.991983
Elkhart	40.012326	-89.476113
Elkville	37.909404	-89.237216
Elliott	40.466198	-88.276942
Ellis Grove	38.010185	-89.91261
Ellisville	40.627308	-90.306042
Ellsworth	40.449532	-88.71614
Elmhurst	41.897014	-87.943657
Elmwood	40.780378	-89.966141
Elmwood Park	41.922458	-87.816321
El Paso	40.740492	-89.01825
Elsah	38.954122	-90.355257
Elvaston	40.395595	-91.248792
Elwin	39.776207	-88.977597
Elwood	41.418139	-88.11717
Emden	40.298249	-89.485125
Emington	40.969416	-88.35777
Energy	37.770658	-89.023869
Enfield	38.100875	-88.338107
Equality	37.736911	-88.342211
Erie	41.658586	-90.081304
Essex	41.183053	-88.192367
Eureka	40.714045	-89.277016
Evanston	42.046391	-87.694352
Evansville	38.089045	-89.932543
Evergreen Park	41.721275	-87.701334
Ewing	38.089357	-88.85219
Exeter	39.719069	-90.496033
Fairbury	40.746183	-88.515556
Fairfield	38.380632	-88.372524
Fairmont	41.561357	-88.058722
Fairmont City	38.646463	-90.100162
Fairmount	40.04558	-87.829326
Fairview	40.654735	-90.183165
Fairview Heights	38.595341	-90.004735
Fall Creek	39.781384	-91.30318
Farina	38.829766	-88.78093
Farmer City	40.248118	-88.641811
Farmersville	39.440651	-89.652508
Farmington	40.697011	-90.002312
Fayetteville	38.377813	-89.797089
Ferris	40.469546	-91.168338
Fidelity	39.154609	-90.164457
Fieldon	39.108674	-90.499564
Fillmore	39.114651	-89.278932
Findlay	39.522341	-88.754594
Fisher	40.315686	-88.350274
Fithian	40.114361	-87.874975
Flanagan	40.877373	-88.858798
Flat Rock	38.903681	-87.673398
Flora	38.665617	-88.473844
Floraville	38.375983	-90.056017
Florence	39.628417	-90.612775
Flossmoor	41.539119	-87.685686
Foosland	40.361081	-88.429098
Ford Heights	41.510898	-87.581432
Forest City	40.372157	-89.832498
Forest Lake	42.211835	-88.052499
Forest Park	41.868369	-87.815663
Forest View	41.809097	-87.773079
Forrest	40.751094	-88.409652
Forreston	42.12725	-89.578375
Forsyth	39.926051	-88.964082
Fowler	40.008807	-91.257804
Fox Lake	42.428209	-88.183932
Fox Lake Hills	42.413499	-88.125987
Fox River Grove	42.195491	-88.214806
Frankfort	41.507025	-87.870966
Frankfort Square	41.52194	-87.803136
Franklin	39.620508	-90.047694
Franklin Grove	41.841327	-89.299966
Franklin Park	41.935983	-87.879197
Franklinville	42.275449	-88.515538
Freeburg	38.439111	-89.916209
Freeman Spur	37.859966	-88.999861
Freeport	42.289011	-89.634265
Fulton	41.865211	-90.158715
Fults	38.164371	-90.212824
Gages Lake	42.351645	-87.982437
Galatia	37.841977	-88.616482
Galena	42.42206	-90.427804
Galesburg	40.950217	-90.376564
Galt	41.78939	-89.754271
Galva	41.168871	-90.037388
Garden Prairie	42.253621	-88.712923
Gardner	41.194517	-88.311457
Garrett	39.797204	-88.424641
Gays	39.458294	-88.496306
Geneseo	41.451252	-90.154844
Geneva	41.882105	-88.329463
Genoa	42.091035	-88.694964
Georgetown	40.459847	-90.717376
Georgetown	39.977415	-87.635375
Germantown	38.555276	-89.541209
Germantown Hills	40.770634	-89.468902
German Valley	42.214307	-89.484646
Gibson City	40.466831	-88.379205
Gifford	40.307789	-88.021384
Gilberts	42.109981	-88.371882
Gillespie	39.125435	-89.817283
Gilman	40.760528	-88.000916
Gilson	40.86271	-90.199062
Girard	39.44658	-89.782047
Gladstone	40.86431	-90.956574
Glasford	40.572808	-89.813085
Glasgow	39.548717	-90.479992
Glen Carbon	38.758246	-89.983121
Glencoe	42.134489	-87.763178
Glendale Heights	41.918877	-88.078095
Glen Ellyn	41.866715	-88.062711
Glenview	42.085162	-87.827388
Glenwood	41.541017	-87.611759
Godfrey	38.952893	-90.222545
Godley	41.244377	-88.24262
Golconda	37.362137	-88.486721
Golden	40.110314	-91.019183
Golden Gate	38.358877	-88.204677
Golf	42.058549	-87.784941
Goodenow	41.392195	-87.639671
Goodfield	40.630589	-89.258084
Good Hope	40.557402	-90.675291
Goofy Ridge	40.394896	-89.940732
Goreville	37.555077	-88.973533
Gorham	37.717871	-89.477939
Grafton	38.976454	-90.425698
Grand Detour	41.901154	-89.41309
Grand Ridge	41.236136	-88.831029
Grand Tower	37.64168	-89.506723
Grandview	39.817518	-89.61802
Grandwood Park	42.392144	-87.989218
Granite City	38.729283	-90.125472
Grantfork	38.826398	-89.66655
Grant Park	41.242747	-87.635847
Granville	41.265796	-89.230476
Grayslake	42.34082	-88.033563
Grayville	38.255135	-87.996927
Greenfield	39.344487	-90.208191
Green Oaks	42.299987	-87.910961
Greenup	39.247946	-88.160025
Green Valley	40.407245	-89.644181
Greenview	40.084918	-89.740524
Greenville	38.886602	-89.389425
Greenwood	42.395384	-88.383803
Gridley	40.743684	-88.880908
Griggsville	39.707825	-90.727608
Gulfport	40.808978	-91.08408
Gurnee	42.370085	-87.936805
Hainesville	42.336184	-88.073446
Hamburg	39.232342	-90.715599
Hamel	38.892463	-89.838728
Hamilton	40.391484	-91.361302
Hamlet	41.311678	-90.733124
Hammond	39.803382	-88.594644
Hampshire	42.115607	-88.505165
Hampton	41.556548	-90.403432
Hanaford	37.955201	-88.831018
Hanna City	40.69315	-89.805029
Hanover	42.255192	-90.273636
Hanover Park	41.982485	-88.14287
Hardin	39.158973	-90.623141
Harding	41.517819	-88.84886
Harmon	41.723456	-89.553907
Harmony	42.158906	-88.528598
Harrisburg	37.737717	-88.545818
Harrison	37.797557	-89.335972
Harristown	39.842848	-89.060712
Hartford	38.813086	-90.092073
Hartland	42.363077	-88.508584
Hartsburg	40.250567	-89.441113
Harvard	42.42964	-88.621065
Harvel	39.357745	-89.532239
Harvey	41.607583	-87.65199
Harwood Heights	41.966318	-87.80559
Havana	40.295109	-90.05781
Hawthorn Woods	42.235788	-88.067525
Hazel Crest	41.574164	-87.689295
Hebron	42.465377	-88.434416
Hecker	38.304889	-89.993153
Henderson	41.023878	-90.353581
Hennepin	41.250527	-89.314094
Henning	40.306855	-87.700956
Henry	41.117367	-89.357282
Heritage Lake	40.546625	-89.32958
Herrick	39.219616	-88.984789
Herrin	37.798389	-89.03065
Herscher	41.049251	-88.100548
Hettick	39.355736	-90.037407
Heyworth	40.314356	-88.992276
Hickory Hills	41.724778	-87.828005
Hidalgo	39.155917	-88.149096
Highland	38.769821	-89.686109
Highland Park	42.182372	-87.810845
Highwood	42.206018	-87.812945
Hillcrest	41.966829	-89.062559
Hillsboro	39.176235	-89.472908
Hillsdale	41.606929	-90.172822
Hillside	41.867524	-87.901839
Hillview	39.449555	-90.538574
Hinckley	41.771425	-88.640361
Hindsboro	39.684775	-88.134729
Hinsdale	41.800683	-87.928172
Hodgkins	41.766066	-87.861944
Hoffman	38.540484	-89.264342
Hoffman Estates	42.065217	-88.152996
Holcomb	42.064521	-89.096993
Holiday Hills	42.295944	-88.228842
Holiday Shores	38.92714	-89.938862
Hollowayville	41.364759	-89.295115
Homer	40.032985	-87.957755
Homer Glen	41.605179	-87.952373
Hometown	41.731248	-87.731134
Homewood	41.559422	-87.662025
Hoopeston	40.460824	-87.663572
Hooppole	41.521849	-89.913968
Hopedale	40.423391	-89.422321
Hopewell	40.984237	-89.457123
Hopkins Park	41.068967	-87.606005
Hoyleton	38.445703	-89.272101
Hudson	40.605434	-88.989023
Huey	38.605285	-89.289973
Hull	39.710777	-91.200796
Humboldt	39.604684	-88.32012
Hume	39.798131	-87.86846
Huntley	42.160801	-88.435461
Hurst	37.837031	-89.147364
Hutsonville	39.109569	-87.664676
Illinois City	41.399145	-90.899652
Illiopolis	39.849753	-89.252051
Ina	38.149899	-88.904019
Indian Creek	42.227205	-87.978359
Indian Head Park	41.768433	-87.897405
Indianola	39.927064	-87.740241
Industry	40.327275	-90.60805
Ingalls Park	41.520402	-88.034459
Inverness	42.115136	-88.100894
Iola	38.834059	-88.627837
Ipava	40.352569	-90.323389
Iroquois	40.828872	-87.584225
Irving	39.205461	-89.405249
Irvington	38.438393	-89.160268
Irwin	41.053069	-87.983926
Island Lake	42.278773	-88.200494
Itasca	41.976616	-88.018775
Iuka	38.617806	-88.788263
Ivesdale	39.945806	-88.455819
Jacksonville	39.729151	-90.232201
Janesville	39.375243	-88.244991
Jeffersonville	38.442503	-88.403968
Jeisyville	39.579165	-89.408057
Jerome	39.767753	-89.678373
Jerseyville	39.117243	-90.326718
Jewett	39.207709	-88.24307
Johnsburg	42.383246	-88.246763
Johnsonville	38.520873	-88.538223
Johnston City	37.821035	-88.929295
Joliet	41.517701	-88.148846
Jonesboro	37.450952	-89.266574
Joppa	37.209221	-88.847034
Joslin	41.544577	-90.221868
Joy	41.196922	-90.878792
Junction	37.723368	-88.237671
Junction City	38.575486	-89.126799
Justice	41.753401	-87.826941
Kampsville	39.297181	-90.612931
Kane	39.190489	-90.35118
Kaneville	41.833246	-88.521642
Kangley	41.148004	-88.872087
Kankakee	41.101654	-87.86369
Kansas	39.55446	-87.939554
Kappa	40.675442	-89.005966
Karnak	37.294168	-88.976066
Kaskaskia	37.92128	-89.916325
Keenes	38.338583	-88.641916
Keensburg	38.351831	-87.868261
Keithsburg	41.099971	-90.936059
Kell	38.487552	-88.90001
Kempton	40.935469	-88.236253
Kenilworth	42.088818	-87.714497
Kenney	40.09794	-89.086137
Kewanee	41.239087	-89.92566
Keyesport	38.74642	-89.273756
Kilbourne	40.151909	-90.011518
Kildeer	42.181353	-88.048935
Kincaid	39.586808	-89.416476
Kinderhook	39.703775	-91.152553
Kings	42.003146	-89.107023
Kingston	39.819449	-91.027001
Kingston	42.101062	-88.763197
Kingston Mines	40.558372	-89.77105
Kinmundy	38.772143	-88.853462
Kinsman	41.190238	-88.570024
Kirkland	42.090164	-88.848625
Kirkwood	40.867774	-90.748312
Knollwood	42.284584	-87.879318
Knoxville	40.906931	-90.285697
La Clede	38.880611	-88.712708
Lacon	41.022897	-89.40633
Ladd	41.380982	-89.214772
La Fayette	41.109606	-89.973522
La Grange	41.807213	-87.874148
La Grange Park	41.830778	-87.872274
La Harpe	40.584786	-90.969533
Lake Barrington	42.210237	-88.169491
Lake Bluff	42.282695	-87.852306
Lake Camelot	40.635059	-89.753005
Lake Carroll	42.170626	-89.864716
Lake Catherine	42.483383	-88.125413
Lake City	39.753585	-88.718578
Lake Forest	42.23535	-87.857305
Lake Holiday	41.620087	-88.664899
Lake in the Hills	42.179357	-88.315468
Lake Ka-Ho	39.096967	-89.746136
Lakemoor	42.338872	-88.202665
Lake of the Woods	40.20522	-88.374622
Lake Petersburg	39.984313	-89.856159
Lake Summerset	42.45399	-89.390149
Lake Villa	42.417573	-88.082609
Lakewood	42.224514	-88.386688
Lakewood	39.3235	-88.898176
Lakewood Shores	41.280146	-88.142813
Lake Zurich	42.195009	-88.087729
La Moille	41.530385	-89.284342
Lanark	42.101885	-89.833399
Lane	40.121952	-88.85575
Langleyville	39.561107	-89.360255
Lansing	41.565004	-87.546004
LaPlace	39.797545	-88.714511
La Prairie	40.147278	-91.002449
La Rose	40.978732	-89.234954
LaSalle	41.335176	-89.097245
Latham	39.966968	-89.162292
Lawrence	42.4433	-88.64171
Lawrenceville	38.726345	-87.687289
Leaf River	42.123257	-89.403968
Lebanon	38.600653	-89.809653
Lee	41.795397	-88.94167
Lee Center	41.750289	-89.276223
Leland	41.615964	-88.798309
Leland Grove	39.778702	-89.683909
Lemont	41.667237	-87.982023
Lena	42.378552	-89.821706
Lenzburg	38.28635	-89.81778
Leonore	41.188903	-88.982272
Lerna	39.417876	-88.288783
Le Roy	40.339371	-88.761098
Lewistown	40.396861	-90.15551
Lexington	40.646951	-88.784141
Liberty	39.879747	-91.106595
Libertyville	42.284667	-87.966503
Lily Lake	41.957294	-88.472014
Lima	40.177036	-91.378298
Limestone	41.148671	-87.95591
Lincoln	40.150678	-89.370273
Lincolnshire	42.196518	-87.917737
Lincolnwood	42.00543	-87.732959
Lindenhurst	42.417147	-88.026434
Lisbon	41.480629	-88.455906
Lisle	41.792111	-88.087705
Litchfield	39.175963	-89.665482
Literberry	39.851583	-90.197871
Littleton	40.234	-90.622315
Little York	41.01093	-90.747241
Liverpool	40.389905	-90.001642
Livingston	38.968596	-89.763737
Loami	39.6741	-89.847896
Lockport	41.591001	-88.029697
Lockport Heights	41.62149	-88.022401
Loda	40.514887	-88.076169
Lomax	40.679155	-91.075413
Lombard	41.873844	-88.015491
London Mills	40.710577	-90.266154
Long Creek	39.805225	-88.847311
Long Grove	42.195016	-88.011032
Long Lake	42.372117	-88.127342
Long Point	41.005256	-88.893031
Longview	39.885918	-88.06621
Loraine	40.152571	-91.221509
Lorenzo	41.345691	-88.222261
Lostant	41.125273	-89.066753
Lost Nation	41.911952	-89.368492
Louisville	38.769406	-88.506858
Loves Park	42.337843	-88.998649
Lovington	39.715064	-88.633683
Lowpoint	40.872824	-89.313721
Ludlow	40.386619	-88.125864
Lyndon	41.717523	-89.923974
Lynn Center	41.294624	-90.35909
Lynnville	39.685787	-90.345954
Lynwood	41.522565	-87.550491
Lyons	41.812184	-87.818589
McClure	37.312582	-89.43156
McCook	41.798265	-87.841592
McCullom Lake	42.367699	-88.297366
Macedonia	38.054292	-88.7033
McHenry	42.336204	-88.291651
Machesney Park	42.367658	-89.024544
Mackinaw	40.533915	-89.355458
McLean	40.313579	-89.168606
McLeansboro	38.090269	-88.538611
McNabb	41.17705	-89.209743
Macomb	40.470149	-90.683114
Macon	39.708704	-88.996686
Madison	38.686272	-90.101796
Maeystown	38.229728	-90.231012
Magnolia	41.114078	-89.19575
Mahomet	40.190133	-88.389515
Makanda	37.620344	-89.23714
Malden	41.424978	-89.369806
Malta	41.929477	-88.871159
Manchester	39.542318	-90.330298
Manhattan	41.420177	-87.98072
Manito	40.420091	-89.780609
Manlius	41.455613	-89.669155
Mansfield	40.212039	-88.508744
Manteno	41.24785	-87.844308
Maple Park	41.910779	-88.606056
Mapleton	40.573039	-89.724655
Maquon	40.798029	-90.163176
Marcelline	40.118506	-91.368301
Marengo	42.24655	-88.5975
Marietta	40.49945	-90.393016
Marine	38.786528	-89.778559
Marion	37.734445	-88.941164
Marissa	38.249667	-89.771413
Mark	41.262349	-89.255024
Markham	41.600036	-87.690455
Marley	41.548225	-87.926043
Maroa	40.036461	-88.956171
Marquette Heights	40.618404	-89.604725
Marseilles	41.282202	-88.681443
Marshall	39.399532	-87.691168
Martinsville	39.338421	-87.880862
Martinton	40.915334	-87.726429
Maryville	38.728753	-89.966282
Mascoutah	38.518115	-89.800041
Mason	38.954328	-88.627068
Mason City	40.202192	-89.697104
Matherville	41.259149	-90.605856
Matteson	41.508871	-87.746044
Mattoon	39.477833	-88.362225
Maunie	38.035177	-88.045277
Maywood	41.879777	-87.844184
Mazon	41.241461	-88.423101
Mechanicsburg	39.797238	-89.410749
Media	40.769449	-90.832651
Medora	39.176524	-90.1414
Melrose Park	41.902995	-87.863648
Melvin	40.570964	-88.247
Mendon	40.089183	-91.285784
Mendota	41.556655	-89.100507
Menominee	42.474683	-90.542894
Meredosia	39.831496	-90.557239
Merrionette Park	41.681117	-87.701212
Merritt	39.714869	-90.41572
Metamora	40.794964	-89.368401
Metcalf	39.800431	-87.807831
Metropolis	37.149639	-88.687354
Mettawa	42.243369	-87.921418
Meyer	40.14825	-91.503601
Middletown	40.099308	-89.590367
Midlothian	41.625428	-87.724233
Milan	41.435497	-90.562661
Milford	40.627769	-87.696148
Millbrook	41.607131	-88.545416
Mill Creek	37.340904	-89.253148
Milledgeville	41.963665	-89.774695
Millersburg	41.240284	-90.81858
Millington	41.560477	-88.604103
Mill Shoals	38.249536	-88.345683
Millstadt	38.457476	-90.085859
Milton	39.564615	-90.649874
Mineral	41.38222	-89.83631
Minier	40.433713	-89.313903
Minonk	40.910368	-89.038153
Minooka	41.447612	-88.284155
Mitchell	38.763065	-90.081621
Modesto	39.478863	-89.980332
Mokena	41.529863	-87.87771
Moline	41.482333	-90.493407
Momence	41.163576	-87.663504
Monee	41.418083	-87.750136
Monmouth	40.914233	-90.643075
Monroe Center	42.099934	-88.994399
Montgomery	41.721025	-88.35811
Monticello	40.033545	-88.574111
Montrose	39.166026	-88.378046
Moro	38.925152	-90.02636
Morris	41.380229	-88.424332
Morrison	41.807641	-89.961705
Morrisonville	39.421668	-89.459007
Morton	40.61373	-89.4668
Morton Grove	42.042321	-87.789012
Mossville	40.8171	-89.570352
Mound City	37.085676	-89.163005
Mounds	37.116193	-89.202885
Mound Station	40.006596	-90.873729
Mount Auburn	39.765376	-89.25927
Mount Carmel	38.419047	-87.769792
Mount Carroll	42.094787	-89.976908
Mount Clare	39.097292	-89.833673
Mount Erie	38.514641	-88.232391
Mount Morris	42.048345	-89.429328
Mount Olive	39.072656	-89.727885
Mount Prospect	42.064202	-87.937364
Mount Pulaski	40.010101	-89.283758
Mount Sterling	39.985353	-90.764114
Mount Vernon	38.314205	-88.91747
Mount Zion	39.784016	-88.885011
Moweaqua	39.625792	-89.021418
Muddy	37.766811	-88.513894
Mulberry Grove	38.925265	-89.26195
Mulkeytown	37.973869	-89.108467
Muncie	40.116053	-87.842964
Mundelein	42.269106	-88.011478
Murphysboro	37.767183	-89.33241
Murrayville	39.581771	-90.25176
Nachusa	41.833936	-89.385764
Naperville	41.749173	-88.162019
Naplate	41.331529	-88.880205
Naples	39.753456	-90.606908
Nashville	38.353618	-89.377987
Nason	38.176022	-88.966263
Nauvoo	40.544534	-91.382815
Nebo	39.442062	-90.788169
Nekoma	41.171901	-90.191047
Nelson	41.796268	-89.60748
Neoga	39.321598	-88.450289
Neponset	41.29674	-89.789552
Newark	41.536594	-88.580562
New Athens	38.318935	-89.873618
New Baden	38.536765	-89.707193
New Bedford	41.511512	-89.718194
New Berlin	39.726059	-89.914353
New Boston	41.17036	-90.9998
New Burnside	37.578216	-88.773281
New Canton	39.637079	-91.098323
New Douglas	38.968795	-89.667872
New Grand Chain	37.256384	-89.018628
New Haven	37.898433	-88.126763
New Holland	40.183471	-89.582412
New Lenox	41.510022	-87.970002
Newman	39.796957	-87.987728
New Milford	42.169107	-89.069755
New Minden	38.438033	-89.370419
New Salem	39.707644	-90.847859
Newton	38.987252	-88.164363
Niantic	39.854066	-89.165261
Niles	42.027862	-87.809973
Nilwood	39.399506	-89.807736
Niota	40.614409	-91.287715
Noble	38.698126	-88.218784
Nokomis	39.300286	-89.28515
Nora	42.456483	-89.94591
Normal	40.51973	-88.990745
Norridge	41.963726	-87.823192
Norris	40.625778	-90.031987
Norris City	37.978636	-88.327778
North Aurora	41.808736	-88.341981
North Barrington	42.206923	-88.128884
Northbrook	42.128745	-87.835162
North Chicago	42.316696	-87.859201
North City	37.991159	-89.063935
Northfield	42.102968	-87.777376
North Henderson	41.090378	-90.474821
Northlake	41.914316	-87.905486
North Pekin	40.613618	-89.625377
North Riverside	41.846142	-87.826283
North Utica	41.353621	-89.019605
Norwood	40.707809	-89.699548
Oak Brook	41.836395	-87.953173
Oakbrook Terrace	41.85356	-87.969023
Oakdale	38.264832	-89.503487
Oakford	40.100906	-89.96526
Oak Forest	41.60668	-87.753299
Oak Grove	41.411933	-90.574166
Oakland	39.65782	-88.027858
Oak Lawn	41.713885	-87.752777
Oak Park	41.887164	-87.78994
Oak Run	40.95988	-90.130113
Oakwood	40.110126	-87.776925
Oakwood Hills	42.248087	-88.240012
Oblong	39.002301	-87.910526
Oconee	39.286306	-89.10661
Odell	41.002333	-88.523494
Odin	38.615868	-89.054077
O'Fallon	38.600006	-89.915402
Ogden	40.115078	-87.956327
Oglesby	41.29321	-89.071036
Ohio	41.554988	-89.460335
Ohlman	39.343388	-89.218534
Okawville	38.434417	-89.547978
Old Mill Creek	42.433133	-87.9822
Old Ripley	38.892744	-89.572087
Old Shawneetown	37.697103	-88.138934
Olive Branch	37.183658	-89.349516
Olivet	39.946076	-87.639636
Olmsted	37.182358	-89.083976
Olney	38.728108	-88.084219
Olympia Fields	41.521996	-87.691648
Omaha	37.889747	-88.306413
Onarga	40.715308	-88.010822
Oneida	41.07217	-90.224705
Opdyke	38.258245	-88.78981
Ophiem	41.253767	-90.3827
Oquawka	40.937519	-90.949509
Orangeville	42.465789	-89.646857
Oreana	39.937822	-88.868489
Oregon	42.012703	-89.335773
Orient	37.917551	-88.978331
Orion	41.351476	-90.376294
Orland Hills	41.590654	-87.842141
Orland Park	41.608145	-87.85929
Osco	41.346566	-90.282802
Oswego	41.68322	-88.338849
Ottawa	41.354046	-88.823408
Otterville	39.050781	-90.398433
Owaneco	39.481426	-89.194865
Oxville	39.705388	-90.560395
Paderborn	38.35943	-90.046929
Palatine	42.116467	-88.044361
Palestine	39.001621	-87.612584
Palmer	39.458677	-89.407923
Palmyra	39.434497	-89.995913
Paloma	40.023707	-91.198609
Palos Heights	41.663439	-87.796044
Palos Hills	41.700681	-87.825297
Palos Park	41.666163	-87.829602
Pana	39.394604	-89.090809
Panama	39.029261	-89.52441
Panola	40.782841	-89.020247
Papineau	40.967705	-87.716265
Paris	39.615081	-87.689095
Park City	42.353666	-87.892381
Parkersburg	38.589127	-88.056828
Park Forest	41.481747	-87.686801
Park Ridge	42.011762	-87.843434
Patoka	38.754069	-89.095818
Pawnee	39.593652	-89.584623
Paw Paw	41.688243	-88.979805
Paxton	40.456293	-88.103399
Payson	39.816941	-91.244322
Pearl	39.462718	-90.619657
Pearl City	42.266179	-89.827185
Pecatonica	42.308977	-89.357243
Pekin	40.568757	-89.625115
Penfield	40.3047	-87.944307
Peoria	40.751641	-89.617198
Peoria Heights	40.746696	-89.570031
Peotone	41.330733	-87.796345
Percy	38.014674	-89.618105
Perry	39.782195	-90.747296
Peru	41.349215	-89.138573
Pesotum	39.911242	-88.276883
Petersburg	40.014288	-89.845331
Phillipstown	38.142881	-88.018108
Philo	40.003333	-88.156388
Phoenix	41.611781	-87.630852
Pierron	38.779156	-89.591824
Pinckneyville	38.086072	-89.327036
Pingree Grove	42.08762	-88.43599
Piper City	40.756139	-88.188933
Pistakee Highlands	42.403037	-88.210887
Pittsburg	37.776593	-88.850213
Pittsfield	39.600547	-90.81014
Plainfield	41.630301	-88.245282
Plainville	39.784765	-91.181649
Plano	41.680353	-88.536308
Plattville	41.534259	-88.383592
Pleasant Hill	39.44323	-90.872883
Pleasant Plains	39.874668	-89.918326
Plum Valley	41.461075	-87.544237
Plymouth	40.292148	-90.91626
Pocahontas	38.824391	-89.538758
Polo	41.984849	-89.580431
Pontiac	40.889253	-88.641399
Pontoon Beach	38.721845	-90.06357
Pontoosuc	40.628606	-91.210663
Poplar Grove	42.351097	-88.843783
Port Barrington	42.244208	-88.195134
Port Byron	41.624301	-90.330179
Posen	41.629067	-87.685842
Potomac	40.306741	-87.797601
Prairie City	40.620987	-90.464884
Prairie du Rocher	38.081708	-90.097565
Prairie Grove	42.27386	-88.269882
Prairietown	38.966485	-89.92345
Preemption	41.313094	-90.578726
Prestbury	41.785962	-88.423989
Preston Heights	41.495311	-88.080874
Princeton	41.380565	-89.4641
Princeville	40.93475	-89.754709
Prophetstown	41.669656	-89.934681
Prospect Heights	42.103663	-87.928972
Pulaski	37.220853	-89.206564
Quincy	39.933675	-91.379304
Radom	38.27984	-89.192113
Raleigh	37.824449	-88.531202
Ramsey	39.145659	-89.110269
Rankin	40.464391	-87.895913
Ransom	41.158562	-88.654186
Rantoul	40.30256	-88.15488
Rapids City	41.578608	-90.339848
Raritan	40.695781	-90.825065
Raymond	39.31976	-89.574547
Red Bud	38.207482	-90.002389
Reddick	41.098399	-88.248545
Redmon	39.644787	-87.861524
Rentchler	38.49252	-89.868677
Rest Haven	41.258285	-88.12973
Reynolds	41.33181	-90.67222
Richfield	39.814073	-91.115765
Richmond	42.463803	-88.309399
Richton Park	41.480183	-87.742531
Richview	38.375878	-89.180262
Ridge Farm	39.895722	-87.651961
Ridgefield	42.270708	-88.362004
Ridgewood	41.53409	-88.043436
Ridgway	37.797884	-88.260616
Ridott	42.296844	-89.477148
Riggston	39.694609	-90.423292
Riley	42.192927	-88.628705
Ringwood	42.397282	-88.304084
Rio	41.109306	-90.398837
Ripley	40.025188	-90.637957
Ritchie	41.255694	-88.115808
Riverdale	41.642695	-87.63564
River Forest	41.894875	-87.819064
River Grove	41.924277	-87.837934
Riverside	41.830956	-87.815854
Riverton	39.846145	-89.536367
Riverwoods	42.172903	-87.894862
Roanoke	40.798515	-89.201287
Robbins	41.643125	-87.708103
Roberts	40.614823	-88.18421
Robinson	39.008567	-87.73344
Rochelle	41.919149	-89.063661
Rochester	39.745792	-89.566509
Rockbridge	39.269275	-90.206552
Rock City	42.412956	-89.471014
Rockdale	41.504881	-88.124765
Rock Falls	41.772066	-89.694213
Rockford	42.258836	-89.064553
Rock Island	41.470163	-90.583113
Rock Island Arsenal	41.517038	-90.539689
Rockport	39.539101	-91.012697
Rockton	42.447061	-89.063088
Rockwood	37.837063	-89.691776
Rolling Meadows	42.074909	-88.025363
Rome	40.877433	-89.513241
Romeoville	41.627924	-88.101182
Roodhouse	39.484053	-90.374035
Roscoe	42.425559	-89.009455
Rose Hill	39.104302	-88.149888
Roselle	41.980249	-88.08591
Rosemont	41.988978	-87.871739
Roseville	40.730702	-90.663803
Rosewood Heights	38.887788	-90.073246
Rosiclare	37.425633	-88.352263
Rossville	40.381482	-87.669923
Round Lake	42.343181	-88.102099
Round Lake Beach	42.382409	-88.080689
Round Lake Heights	42.38461	-88.105893
Round Lake Park	42.340665	-88.081179
Roxana	38.83204	-90.047422
Royal	40.193129	-87.971874
Royal Lakes	39.113283	-89.95853
Royalton	37.877644	-89.113572
Ruma	38.130604	-90.000327
Rushville	40.119966	-90.566548
Russellville	38.818609	-87.53012
Rutland	40.983794	-89.041327
Sadorus	39.966891	-88.345145
Sailor Springs	38.764462	-88.360228
St. Anne	41.023469	-87.716988
St. Augustine	40.721273	-90.406927
St. Charles	41.919447	-88.310743
St. David	40.491985	-90.052463
St. Elmo	39.021775	-88.851406
Ste. Marie	38.930045	-88.027748
St. Francisville	38.591913	-87.647546
St. Jacob	38.718016	-89.763258
St. Johns	38.034854	-89.238563
St. Joseph	40.114713	-88.03562
St. Libory	38.363067	-89.718104
St. Peter	38.867559	-88.850386
St. Rose	38.682616	-89.553607
Salem	38.627537	-88.959448
Sammons Point	41.032362	-87.858252
Sandoval	38.612137	-89.119345
Sandwich	41.650067	-88.619021
San Jose	40.30515	-89.604761
Sauget	38.585865	-90.153131
Sauk Village	41.490094	-87.570624
Saunemin	40.892186	-88.405325
Savanna	42.093843	-90.139065
Savoy	40.059135	-88.254497
Sawyerville	39.0819	-89.804504
Saybrook	40.428122	-88.526162
Scales Mound	42.474832	-90.252627
Schaumburg	42.0289	-88.083773
Schiller Park	41.958626	-87.869317
Schram City	39.159804	-89.466783
Sciota	40.562619	-90.748029
Scott AFB	38.542974	-89.852127
Scottville	39.477713	-90.103786
Seaton	41.102323	-90.799113
Seatonville	41.367116	-89.274824
Secor	40.741785	-89.135007
Seneca	41.302634	-88.614667
Serena	41.487169	-88.731881
Sesser	38.090336	-89.050813
Seymour	40.106809	-88.427071
Shabbona	41.764305	-88.882179
Shannon	42.152447	-89.740174
Shawneetown	37.715906	-88.18671
Sheffield	41.357972	-89.739174
Shelbyville	39.40948	-88.800038
Sheldon	40.77102	-87.565758
Sheridan	41.529521	-88.6807
Sherman	39.890304	-89.604463
Sherrard	41.314204	-90.497216
Shiloh	38.552025	-89.915139
Shipman	39.119488	-90.045189
Shirley	40.407464	-89.064271
Shorewood	41.517527	-88.215155
Shumway	39.183431	-88.653209
Sibley	40.587623	-88.378217
Sidell	39.909721	-87.823604
Sidney	40.0254	-88.072196
Sigel	39.225473	-88.494659
Silvis	41.49766	-90.410139
Simpson	37.467445	-88.757879
Sims	38.361844	-88.535465
Skokie	42.03597	-87.739994
Sleepy Hollow	42.090287	-88.313712
Smithboro	38.894558	-89.339902
Smithfield	40.474427	-90.29488
Smithton	38.414342	-89.990095
Smithville	40.658954	-89.803114
Solon Mills	42.442125	-88.27641
Somonauk	41.634747	-88.687476
Sorento	39.00079	-89.574839
South Barrington	42.088992	-88.157184
South Beloit	42.484842	-89.027433
South Chicago Heights	41.483406	-87.637201
South Elgin	41.990254	-88.314285
Southern View	39.754617	-89.651724
South Holland	41.598372	-87.602736
South Jacksonville	39.69936	-90.224034
South Pekin	40.495497	-89.652382
South Roxana	38.810614	-90.059939
South Wilmington	41.174495	-88.279455
Sparland	41.029609	-89.44118
Sparta	38.139419	-89.730509
Spaulding	39.866192	-89.545053
Spillertown	37.765239	-88.923928
Spring Bay	40.821249	-89.531131
Springerton	38.178556	-88.355249
Springfield	39.791063	-89.644572
Spring Grove	42.450749	-88.240232
Spring Valley	41.322939	-89.18335
Standard	41.255767	-89.181734
Standard City	39.350198	-89.78385
Stanford	40.432182	-89.220763
Staunton	39.011668	-89.790737
Steeleville	38.008405	-89.662406
Steger	41.472313	-87.617697
Sterling	41.799688	-89.695933
Steward	41.848323	-89.020004
Stewardson	39.263828	-88.630085
Stickney	41.817025	-87.7737
Stillman Valley	42.105427	-89.178989
Stockton	42.352519	-90.002019
Stonefort	37.621542	-88.704066
Stone Park	41.903236	-87.880701
Stonington	39.638517	-89.192044
Stoy	38.996791	-87.833559
Strasburg	39.349737	-88.621813
Strawn	40.653721	-88.399951
Streamwood	42.020586	-88.177771
Streator	41.124979	-88.829592
Stronghurst	40.746222	-90.909395
Sublette	41.643044	-89.228939
Sugar Grove	41.768621	-88.448896
Sullivan	39.595166	-88.608949
Summerfield	38.59567	-89.749591
Summit	41.788452	-87.813921
Sumner	38.715378	-87.866692
Sunnyland	41.571968	-88.144854
Sun River Terrace	41.123409	-87.733299
Swansea	38.551779	-89.987506
Swedona	41.280094	-90.443386
Sycamore	41.996728	-88.677644
Symerton	41.325604	-88.053083
Table Grove	40.365034	-90.425239
Tallula	39.945725	-89.93661
Tamaroa	38.136342	-89.229266
Tamms	37.241541	-89.271329
Tampico	41.630755	-89.785127
Taylor Ridge	41.389188	-90.670504
Taylor Springs	39.131886	-89.494971
Taylorville	39.562729	-89.308259
Tennessee	40.411428	-90.836231
Teutopolis	39.131998	-88.479564
Thawville	40.673121	-88.113651
Thayer	39.540378	-89.758042
Thebes	37.212416	-89.450657
The Galena Territory	42.39373	-90.324986
Third Lake	42.369763	-88.009092
Thomasboro	40.243895	-88.187664
Thompsonville	37.911304	-88.765018
Thomson	41.974701	-90.112224
Thornton	41.574149	-87.6193
Tilden	38.212024	-89.683675
Tilton	40.094978	-87.642148
Timberlane	42.335726	-88.866109
Tinley Park	41.568579	-87.804217
Tiskilwa	41.292414	-89.506591
Toledo	39.272782	-88.242187
Tolono	39.991253	-88.262482
Toluca	41.004431	-89.133879
Tonica	41.21587	-89.069956
Topeka	40.330362	-89.930612
Toulon	41.093372	-89.863178
Tovey	39.588251	-89.448554
Towanda	40.563352	-88.900731
Tower Hill	39.386774	-88.959249
Tower Lakes	42.227844	-88.15524
Tremont	40.525046	-89.488997
Trenton	38.608299	-89.685242
Trilla	39.375124	-88.350713
Triumph	41.499321	-89.019862
Trivoli	40.697528	-89.889067
Trout Valley	42.195703	-88.250688
Troy	38.739674	-89.882544
Troy Grove	41.465701	-89.081542
Tuscola	39.795912	-88.275483
Twin Grove	40.479324	-89.101516
Ullin	37.280226	-89.175797
Union	42.231567	-88.54478
Union Hill	41.107783	-88.146033
Unity	37.152059	-89.27302
University Park	41.446894	-87.712969
Urbana	40.110126	-88.197323
Ursa	40.074171	-91.37238
Valier	38.017971	-89.043689
Valley City	39.70721	-90.649398
Valmeyer	38.305844	-90.298322
Vandalia	38.974564	-89.110695
Varna	41.035246	-89.224316
Venedy	38.396607	-89.645643
Venetian Village	42.406072	-88.045525
Venice	38.671997	-90.169316
Vergennes	37.901933	-89.340158
Vermilion	39.580177	-87.58795
Vermont	40.295715	-90.429018
Vernon	38.801392	-89.087548
Vernon Hills	42.234407	-87.961064
Verona	41.215724	-88.504913
Versailles	39.88385	-90.658982
Victoria	41.033649	-90.087306
Vienna	37.413624	-88.886577
Villa Grove	39.864477	-88.159729
Villa Park	41.885612	-87.978235
Viola	41.205323	-90.586188
Virden	39.506061	-89.771102
Virgil	41.955732	-88.528977
Virginia	39.952942	-90.210446
Volo	42.330324	-88.158743
Wadsworth	42.450687	-87.925147
Waggoner	39.377529	-89.65258
Walnut	41.55706	-89.591338
Walnut Hill	38.477947	-89.044393
Walshville	39.068997	-89.618962
Waltonville	38.216133	-89.038197
Wamac	38.490941	-89.14786
Wapella	40.221774	-88.961188
Warren	42.494827	-89.991229
Warrensburg	39.931953	-89.062761
Warrenville	41.820977	-88.187454
Warsaw	40.351045	-91.428019
Washburn	40.920299	-89.291757
Washington	40.706396	-89.433463
Washington Park	38.628459	-90.092563
Wataga	41.02523	-90.275446
Waterloo	38.341214	-90.152716
Waterman	41.765591	-88.763066
Watseka	40.775105	-87.730374
Watson	39.026137	-88.56856
Wauconda	42.277005	-88.135272
Waukegan	42.369447	-87.870898
Waverly	39.59257	-89.95276
Wayne	41.947255	-88.253231
Wayne City	38.347644	-88.589407
Waynesville	40.241253	-89.124478
Wedron	41.438306	-88.774891
Weldon	40.12163	-88.749742
Wellington	40.541093	-87.679896
Wenona	41.048655	-89.052258
Wenonah	39.319997	-89.28798
West Brooklyn	41.693462	-89.147491
Westchester	41.849196	-87.890619
West Chicago	41.894469	-88.221121
West City	37.996016	-88.948894
West Dundee	42.110583	-88.343677
Western Springs	41.802278	-87.900556
Westervelt	39.479058	-88.861198
Westfield	39.455534	-87.996449
West Frankfort	37.899495	-88.930814
Westlake Village	42.309838	-89.292479
West Liberty	38.852381	-88.085242
Westmont	41.794371	-87.97286
West Peoria	40.696965	-89.639892
West Point	40.255576	-91.183307
West Salem	38.520096	-88.0093
West Union	39.213674	-87.666558
Westville	40.044014	-87.638906
West York	39.168841	-87.67304
Wheaton	41.856833	-88.108126
Wheeler	39.043042	-88.318765
Wheeling	42.129614	-87.921503
Whiteash	37.783799	-88.93068
White City	39.070641	-89.769652
White Hall	39.438554	-90.401075
White Heath	40.086811	-88.511649
Williamsfield	40.926379	-90.018168
Williamson	38.98453	-89.762536
Williamsville	39.956112	-89.543628
Willisville	37.982804	-89.589787
Willowbrook	41.767315	-87.94215
Willowbrook	41.447596	-87.531621
Willow Hill	38.995838	-88.021817
Willow Lake	42.33422	-89.635349
Willow Springs	41.734137	-87.88401
Wilmette	42.077323	-87.728621
Wilmington	39.480683	-90.486766
Wilmington	41.319383	-88.160248
Wilsonville	39.068983	-89.855065
Wilton Center	41.351699	-87.95673
Winchester	39.629778	-90.455964
Windsor	41.201826	-90.444349
Windsor	39.4389	-88.595389
Winfield	41.878435	-88.153033
Winnebago	42.267088	-89.23397
Winnetka	42.10621	-87.742764
Winslow	42.492999	-89.794872
Winthrop Harbor	42.480614	-87.829557
Witt	39.253843	-89.348796
Wonder Lake	42.383405	-88.35004
Wood Dale	41.966306	-87.980851
Woodhull	41.178433	-90.322179
Woodland	40.71511	-87.73111
Woodlawn	38.328269	-89.034467
Woodridge	41.737392	-88.04413
Wood River	38.86327	-90.077644
Woodson	39.62741	-90.225635
Woodstock	42.309548	-88.435344
Worden	38.931113	-89.840233
Worth	41.688211	-87.792577
Wyanet	41.360914	-89.582727
Wyoming	41.063799	-89.772852
Xenia	38.637264	-88.637515
Yale	39.120294	-88.024559
Yates City	40.777647	-90.013897
Yorkville	41.661736	-88.428596
Zeigler	37.9057	-89.053271
Zion	42.459909	-87.851121
Aberdeen	41.441794	-87.116618
Abington	39.733136	-84.967958
Adams	39.382503	-85.561348
Adams Lake	41.549954	-85.329454
Advance	39.995552	-86.619922
Akron	41.038829	-86.024923
Alamo	39.983429	-87.055233
Albany	40.305954	-85.232191
Albion	41.396592	-85.418694
Alexandria	40.262964	-85.673683
Alford	38.493188	-87.246199
Alfordsville	38.560296	-86.948557
Alton	38.1201	-86.418595
Altona	41.35216	-85.152539
Ambia	40.489311	-87.516274
Amboy	40.602756	-85.927359
Americus	40.5257	-86.762821
Amity	39.427029	-86.003895
Amo	39.688878	-86.612692
Anderson	40.089766	-85.689449
Andersonville	39.50049	-85.285862
Andrews	40.859914	-85.602124
Angola	41.64109	-85.010973
Anoka	40.723495	-86.28511
Antioch	40.227365	-86.505704
Arcadia	40.174173	-86.021036
Arcola	41.106295	-85.291138
Ardmore	41.692394	-86.324269
Argos	41.237621	-86.253166
Arlington	39.641107	-85.57711
Arthur	38.346716	-87.244333
Ashley	41.521494	-85.061398
Atlanta	40.213862	-86.027018
Attica	40.287372	-87.245179
Auburn	41.367629	-85.05498
Aurora	39.069774	-84.904746
Austin	38.739986	-85.810587
Avilla	41.363768	-85.231683
Avoca	38.917196	-86.555642
Avon	39.760713	-86.394145
Azalia	39.092387	-85.844814
Bainbridge	39.7614	-86.81126
Barbee	41.292326	-85.718087
Bargersville	39.542637	-86.203247
Bass Lake	41.22297	-86.595949
Batesville	39.297698	-85.213455
Battle Ground	40.507513	-86.852684
Bear Lake	41.325951	-85.514144
Beaver Dam	41.095494	-85.972957
Bedford	38.860167	-86.489503
Beech Grove	39.715669	-86.087018
Belleville	39.669731	-86.479447
Bennetts Switch	40.587243	-86.109933
Benton	41.509784	-85.766227
Berne	40.657271	-84.955505
Bethany	39.533804	-86.378821
Bethel Village	39.151436	-85.925236
Beverly Shores	41.691148	-86.978774
Bicknell	38.774312	-87.307797
Big Lake	41.26883	-85.498282
Billtown	39.510075	-87.187269
Bippus	40.944466	-85.624634
Birdseye	38.312721	-86.698508
Blairsville	38.079461	-87.763101
Blanford	39.668118	-87.520592
Blocher	38.720607	-85.655205
Bloomfield	39.026134	-86.937364
Bloomingdale	39.830562	-87.250166
Blooming Grove	39.50893	-85.068561
Bloomington	39.1637	-86.524264
Blountsville	40.060255	-85.239836
Blue Ridge	39.521197	-85.637948
Bluffton	40.743479	-85.172111
Boggstown	39.562914	-85.912138
Boone Grove	41.35461	-87.134127
Boonville	38.04661	-87.291027
Borden	38.47198	-85.948165
Boston	39.741167	-84.851792
Boswell	40.517189	-87.375343
Bourbon	41.299394	-86.116852
Bowling Green	39.38016	-87.011493
Boxley	40.167783	-86.179067
Brazil	39.522449	-87.124479
Bremen	41.448762	-86.150654
Bretzville	38.296467	-86.866278
Bridgeton	39.645472	-87.176386
Bright	39.224924	-84.862326
Brimfield	41.456792	-85.40175
Bringhurst	40.526877	-86.525167
Bristol	41.718574	-85.824653
Brook	40.866097	-87.365722
Brooklyn	39.544518	-86.369851
Brooksburg	38.735859	-85.245327
Brookston	40.600947	-86.866352
Brookville	39.423273	-85.01016
Brownsburg	39.834436	-86.385693
Browns Crossing	39.40681	-86.501828
Brownstown	38.879079	-86.047693
Brownsville	39.664797	-85.003392
Bruceville	38.75802	-87.4154
Bryant	40.535832	-84.963342
Buck Creek	40.48745	-86.76219
Buckskin	38.225499	-87.414776
Buffalo	40.889394	-86.73609
Bunker Hill	40.660075	-86.101424
Burket	41.154897	-85.968731
Burlington	40.481958	-86.394646
Burnett	39.543967	-87.299173
Burnettsville	40.761179	-86.594687
Burney	39.318098	-85.639796
Burns City	38.817097	-86.89374
Burns Harbor	41.618922	-87.125869
Burrows	40.677155	-86.509156
Butler	41.427148	-84.872266
Butlerville	39.032589	-85.512923
Cadiz	39.950923	-85.486891
Cambridge City	39.812084	-85.17082
Camden	40.609941	-86.539349
Campbellsburg	38.652317	-86.264603
Canaan	38.865377	-85.300834
Cannelburg	38.667901	-86.997585
Cannelton	37.911543	-86.738709
Canton	38.625918	-86.034966
Carbon	39.599219	-87.107745
Carlisle	38.960778	-87.401424
Carmel	39.965479	-86.148369
Carrollton	39.705525	-85.819868
Cartersburg	39.6988	-86.4664
Carthage	39.736817	-85.571422
Cass	39.087607	-87.277283
Cassville	40.556069	-86.12962
Cates	39.997251	-87.338293
Cayuga	39.947334	-87.464571
Cedar Grove	39.355949	-84.937076
Cedar Lake	41.372342	-87.441971
Celestine	38.386497	-86.773151
Centenary	39.659114	-87.471433
Center	40.436781	-86.059566
Center Point	39.415766	-87.075574
Centerton	39.516103	-86.395697
Centerville	39.821987	-84.99925
Chain-O-Lakes	41.707131	-86.388333
Chalmers	40.662473	-86.867741
Chandler	38.037298	-87.374075
Charlestown	38.429839	-85.670366
Charlottesville	39.790879	-85.611941
Chesterfield	40.113022	-85.594339
Chesterton	41.599822	-87.054996
Chili	40.862789	-86.028996
Chrisney	38.010613	-87.030996
Churubusco	41.230946	-85.319619
Cicero	40.121932	-86.034042
Clarksburg	39.435016	-85.349205
Clarks Hill	40.247206	-86.724412
Clarksville	38.322082	-85.767576
Clay City	39.276986	-87.11271
Claypool	41.130758	-85.882272
Clayton	39.688392	-86.521856
Clear Lake	41.738986	-84.834443
Clermont	39.816523	-86.320678
Clifford	39.282638	-85.869051
Clinton	39.660965	-87.404659
Cloverdale	39.521221	-86.798689
Cloverland	39.504261	-87.225697
Coal City	39.228267	-87.044257
Coalmont	39.189623	-87.219495
Coatesville	39.688449	-86.669388
Coesse	41.12755	-85.400676
Colburn	40.518777	-86.712192
Colfax	40.194182	-86.666942
Columbia City	41.163051	-85.478751
Columbus	39.208684	-85.919059
Commiskey	38.860521	-85.642958
Connersville	39.658023	-85.141747
Converse	40.578913	-85.87537
Cordry Sweetwater Lakes	39.30693	-86.123805
Cortland	38.973747	-85.962878
Corunna	41.435859	-85.14415
Cory	39.381256	-87.203888
Corydon	38.212878	-86.125603
Country Club Heights	40.124512	-85.687788
Country Squire Lakes	39.037942	-85.685283
Covington	40.14147	-87.390599
Cowan	40.105751	-85.390762
Craigville	40.776877	-85.091312
Crandall	38.288097	-86.065948
Crane	38.894296	-86.901258
Crawfordsville	40.041861	-86.897624
Cree Lake	41.504837	-85.275027
Cromwell	41.403261	-85.614277
Cross Plains	38.939295	-85.205671
Crothersville	38.794455	-85.840023
Crown Point	41.409108	-87.34695
Crows Nest	39.856481	-86.169064
Culver	41.216606	-86.424283
Cumberland	39.786773	-85.944598
Cutler	40.474407	-86.525221
Cynthiana	38.187258	-87.70853
Dale	38.184861	-86.970411
Daleville	40.118872	-85.556247
Dana	39.807257	-87.494534
Danville	39.758812	-86.495282
Darlington	40.107313	-86.776738
Darmstadt	38.091371	-87.576844
Dayton	40.375159	-86.773972
Decatur	40.828854	-84.927813
Decker	38.518472	-87.52408
Deer Creek	40.615023	-86.390421
Delaware	39.145656	-85.206038
Delphi	40.583408	-86.666811
DeMotte	41.199271	-87.195453
Denver	40.864762	-86.077093
Depauw	38.332711	-86.2216
Deputy	38.795115	-85.652724
Dillsboro	39.018444	-85.052772
Donaldson	41.3621	-86.443597
Dover Hill	38.719172	-86.801256
Dresser	39.463328	-87.423929
Dublin	39.812537	-85.205175
Dubois	38.446328	-86.797466
Dugger	39.070367	-87.259038
Dune Acres	41.651804	-87.088791
Duneland Beach	41.757682	-86.830065
Dunkirk	40.374326	-85.208209
Dunlap	41.634651	-85.922588
Dunreith	39.802817	-85.436633
Dupont	38.891464	-85.516724
Dyer	41.497804	-87.509012
Earl Park	40.685631	-87.420124
East Chicago	41.64813	-87.452885
East Enterprise	38.870804	-84.988095
East Germantown	39.813163	-85.137025
East Oolitic	38.899675	-86.512212
Eaton	40.326892	-85.357029
Eckerty	38.322045	-86.612352
Economy	39.977296	-85.086846
Eden	39.902507	-85.769033
Edgewood	40.103211	-85.737462
Edinburgh	39.350889	-85.962485
Edwardsport	38.812566	-87.251254
Elberfeld	38.16165	-87.448155
Elizabeth	38.124059	-85.973855
Elizabethtown	39.135079	-85.812438
Elizaville	40.12402	-86.377322
Elkhart	41.691543	-85.962248
Ellettsville	39.232212	-86.624136
Elnora	38.876196	-87.084637
Elrod	39.055904	-85.163118
Elwood	40.273823	-85.837288
Eminence	39.521484	-86.642394
Emison	38.797786	-87.461371
Enchanted Hills	41.407043	-85.67023
English	38.340763	-86.459156
Etna Green	41.275521	-86.042699
Eugene	39.962097	-87.472616
Evansville	37.987737	-87.534705
Everton	39.566356	-85.0934
Fairbanks	39.218205	-87.522917
Fairland	39.584783	-85.862391
Fairmount	40.417256	-85.647716
Fair Oaks	41.074583	-87.25727
Fairview	40.298509	-85.198243
Fairview Park	39.682072	-87.414255
Farmersburg	39.252519	-87.380728
Farmland	40.189537	-85.127331
Ferdinand	38.227952	-86.862459
Fillmore	39.669724	-86.753173
Fishers	39.96183	-85.968364
Fishersburg	40.071511	-85.860512
Fish Lake	41.557502	-86.545545
Flat Rock	39.361858	-85.831424
Flora	40.545484	-86.522568
Florence	38.78263	-84.925784
Floyds Knobs	38.333304	-85.884827
Folsomville	38.130019	-87.16188
Fontanet	39.571364	-87.245581
Forest	40.373861	-86.33227
Fort Branch	38.245827	-87.573215
Fortville	39.924807	-85.846348
Fort Wayne	41.089132	-85.1439
Foster	40.14157	-87.468653
Fountain City	39.954741	-84.919137
Fountaintown	39.69404	-85.782009
Fowler	40.617228	-87.317929
Fowlerton	40.409608	-85.572755
Foxcliff Estates	39.479404	-86.393733
Francesville	40.985297	-86.883696
Francisco	38.33268	-87.447985
Frankfort	40.281025	-86.521254
Franklin	39.494903	-86.05057
Frankton	40.221014	-85.771983
Fredericksburg	38.435541	-86.196183
Freelandville	38.865345	-87.310217
Freetown	38.979118	-86.130113
Fremont	41.727622	-84.938855
French Lick	38.545551	-86.619132
Fulton	40.946317	-86.264206
Galena	38.357225	-85.937858
Galveston	40.57669	-86.192327
Garrett	41.352612	-85.123752
Gary	41.59074	-87.347113
Gas City	40.48865	-85.594335
Gaston	40.314005	-85.501005
Geneva	40.596721	-84.957252
Geneva	39.391154	-85.71749
Gentryville	38.110003	-87.033965
Georgetown	38.298796	-85.963055
Gilmer Park	41.614608	-86.247624
Glenwood	39.625586	-85.302437
Glezen	38.417314	-87.309967
Goldsmith	40.29072	-86.150662
Goodland	40.763711	-87.295204
Goshen	41.573884	-85.829986
Gosport	39.350685	-86.666456
Grabill	41.209472	-84.968164
Grammer	39.152641	-85.725931
Grandview	37.936029	-86.983432
Grandview Lake	39.151634	-86.03957
Granger	41.737729	-86.134382
Grantsburg	38.291314	-86.470519
Grayford	38.963369	-85.577908
Graysville	39.118006	-87.555694
Greencastle	39.641841	-86.846339
Greendale	39.147725	-84.829924
Greenfield	39.793283	-85.772548
Green Hill	40.413608	-87.111797
Greensboro	39.878548	-85.463972
Greensburg	39.351019	-85.501189
Greens Fork	39.891458	-85.03915
Greentown	40.4775	-85.962546
Greenville	38.372589	-85.982203
Greenwood	39.60299	-86.108505
Griffin	38.204304	-87.91492
Griffith	41.527645	-87.423887
Grissom AFB	40.657128	-86.145425
Groveland	39.762392	-86.72292
Groverton	41.375783	-86.506007
Gwynneville	39.662009	-85.649119
Hagerstown	39.914581	-85.15425
Hamburg	39.38169	-85.252283
Hamilton	41.540188	-84.919827
Hamlet	41.379372	-86.583216
Hammond	41.618736	-87.494949
Hanna	41.412027	-86.779449
Hanover	38.707483	-85.467168
Hardinsburg	38.466505	-86.276354
Harlan	41.197639	-84.922998
Harmony	39.533682	-87.073125
Harrison Lake	39.184514	-86.026232
Harrodsburg	39.01708	-86.554103
Hartford City	40.453659	-85.373184
Hartsville	39.266964	-85.699189
Hashtown	39.023928	-86.923187
Hatfield	37.904019	-87.220719
Haubstadt	38.203242	-87.574735
Hayden	38.971424	-85.738896
Haysville	38.490103	-86.905855
Hazleton	38.488401	-87.539426
Hartz Lake	41.177881	-86.497975
Hebron	41.325085	-87.201916
Hedrick	40.303093	-87.492397
Helmer	41.532706	-85.171156
Helmsburg	39.267793	-86.296334
Heltonville	38.930162	-86.373715
Hemlock	40.419233	-86.041934
Henryville	38.538634	-85.766283
Herbst	40.513774	-85.787411
Heritage Lake	39.737093	-86.70723
Hessen Cassel	40.977048	-85.072275
Hidden Valley	39.168288	-84.844952
Highland	41.546622	-87.457616
Highland	38.046149	-87.561715
Hillisburg	40.286195	-86.339856
Hillsboro	40.108825	-87.157607
Hillsdale	39.784557	-87.391752
Hoagland	40.951963	-84.995472
Hobart	41.51353	-87.276399
Hobbs	40.284952	-85.952728
Hoffman Lake	41.274869	-85.990634
Holiday Woods	41.623248	-85.071536
Holland	38.246024	-87.038284
Holton	39.07525	-85.384652
Homecroft	39.669584	-86.131174
Homer	39.578441	-85.5774
Hope	39.299263	-85.765976
Hortonville	40.088907	-86.156409
Howe	41.722822	-85.425486
Hudson	41.531821	-85.084035
Hudson Lake	41.711491	-86.550747
Huntertown	41.217276	-85.16139
Huntingburg	38.300925	-86.961909
Huntington	40.880825	-85.505497
Huron	38.72102	-86.67087
Hymera	39.185877	-87.298928
Idaville	40.758765	-86.650563
Independence	40.337949	-87.171645
Indianapolis city (balance)	39.776664	-86.145935
Indian Village	41.714271	-86.23224
Ingalls	39.95895	-85.805753
Ireland	38.414399	-86.998844
Jalapa	40.624826	-85.741206
Jamestown	39.928634	-86.626033
Jasonville	39.161476	-87.199616
Jasper	38.393152	-86.940575
Jefferson	40.279292	-86.591069
Jeffersonville	38.332415	-85.696087
Jerome	40.456596	-85.932874
Jimmerson Lake	41.702213	-85.060468
Johnson	38.274042	-87.748101
Jonesboro	40.479731	-85.630385
Jonesville	39.059813	-85.887855
Judah	38.959599	-86.54239
Judson	39.813527	-87.135947
Judyville	40.358407	-87.396812
Kempton	40.287826	-86.229634
Kendallville	41.443361	-85.258154
Kennard	39.906345	-85.522131
Kent	38.737369	-85.539199
Kentland	40.773951	-87.446454
Kewanna	41.019332	-86.412545
Keystone	40.592152	-85.262463
Kimmell	41.393993	-85.548967
Kingman	39.96635	-87.278181
Kingsbury	41.530212	-86.697191
Kingsford Heights	41.478395	-86.693015
Kirklin	40.192783	-86.359192
Knightstown	39.795537	-85.530811
Knightsville	39.525352	-87.089134
Knox	41.291003	-86.621247
Kokomo	40.464011	-86.127349
Koontz Lake	41.412205	-86.47809
Kouts	41.317175	-87.026581
Kramer	40.338958	-87.285081
Laconia	38.031806	-86.085523
La Crosse	41.31777	-86.889786
Ladoga	39.916642	-86.799029
Lafayette	40.39941	-86.862806
La Fontaine	40.673893	-85.722023
Lagrange	41.648151	-85.418071
Lagro	40.841715	-85.727893
Lake Bruce	41.073456	-86.465203
Lake Cicott	40.765872	-86.536901
Lake Dalecarlia	41.337556	-87.402809
Lake Eliza	41.429123	-87.181697
Lake Everett	41.157461	-85.315589
Lake Holiday	39.963522	-86.959925
Lake Holiday Hideaway	39.993372	-87.309098
Lake of the Woods	41.42226	-86.223227
Lake Santee	39.410327	-85.307703
Lakeshore Resort	39.513186	-85.021009
Lakes of the Four Seasons	41.403672	-87.221375
Lake Station	41.576735	-87.252878
Laketon	40.981213	-85.839996
Lake View	39.481411	-85.248328
Lake Village	41.13083	-87.439024
Lakeville	41.528472	-86.275381
Lakewood	39.396513	-87.302043
Lamb	38.692716	-85.197442
Landess	40.612611	-85.559291
Lanesville	38.239405	-85.982101
Laotto	41.291032	-85.198985
La Paz	41.456159	-86.308131
Lapel	40.033364	-85.84056
La Porte	41.606072	-86.713679
Larwill	41.179332	-85.623856
Laud	41.048284	-85.450054
Laurel	39.502037	-85.187882
Lawrence	39.865956	-85.989646
Lawrenceburg	39.107385	-84.87577
Lawrenceport	38.747134	-86.390128
Leavenworth	38.200084	-86.350105
Lebanon	40.033106	-86.448155
Leesburg	41.330692	-85.848989
Leiters Ford	41.117585	-86.379886
Leo-Cedarville	41.220642	-85.021856
Leopold	38.103669	-86.582829
Leroy	41.359075	-87.271201
Letts	39.233996	-85.568531
Lewis	39.260111	-87.255305
Lewisville	39.806604	-85.353095
Liberty	39.634857	-84.927304
Liberty Center	40.703669	-85.273829
Liberty Mills	41.042064	-85.738283
Libertyville	39.604992	-87.5182
Ligonier	41.461938	-85.595922
Lincoln	40.616431	-86.210292
Linden	40.189009	-86.902291
Linn Grove	40.644952	-85.034704
Linnsburg	40.000507	-86.798351
Linton	39.035534	-87.157128
Little York	38.699306	-85.904558
Livonia	38.550552	-86.276315
Lizton	39.883595	-86.542171
Logansport	40.748067	-86.354722
London	39.627394	-85.916714
Long Beach	41.743122	-86.848519
Loogootee	38.675652	-86.914124
Losantville	40.023528	-85.183459
Lowell	41.290508	-87.419927
Lucerne	40.865937	-86.403817
Lyford	39.646788	-87.369026
Lynn	40.048718	-84.942455
Lynnville	38.19907	-87.317486
Lyons	38.988368	-87.081166
McCordsville	39.897302	-85.91738
Mace	40.008957	-86.797814
Mackey	38.252045	-87.391015
Macy	40.958146	-86.128839
Madison	38.758829	-85.397135
Malden	41.376725	-87.028025
Manchester	39.151103	-85.007575
Manilla	39.572711	-85.622005
Maples	41.010905	-84.96802
Marengo	38.371162	-86.342753
Mariah Hill	38.165468	-86.926903
Marietta	39.440623	-85.881077
Marion	40.549986	-85.66042
Marion	39.589618	-85.755854
Markle	40.829549	-85.342014
Markleville	39.976338	-85.616677
Marshall	39.84768	-87.186785
Marshfield	40.251245	-87.452381
Martinsburg	38.442762	-86.024918
Martinsville	39.414711	-86.431699
Matthews	40.387457	-85.497778
Mauckport	38.024962	-86.199342
Maxwell	39.855749	-85.768279
Mays	39.743743	-85.42885
Mecca	39.727098	-87.331653
Medaryville	41.080356	-86.890549
Medora	38.824615	-86.171126
Mellott	40.164093	-87.148832
Melody Hill	38.024506	-87.513488
Memphis	38.494822	-85.767036
Mentone	41.173818	-86.038439
Meridian Hills	39.887392	-86.15671
Merom	39.055964	-87.56722
Merriam	41.286887	-85.433208
Merrillville	41.472687	-87.31807
Metamora	39.448461	-85.137221
Metz	41.61644	-84.837466
Mexico	40.814166	-86.110406
Miami	40.614298	-86.106648
Michiana Shores	41.756357	-86.818159
Michigan City	41.708776	-86.866875
Michigantown	40.327992	-86.39165
Middlebury	39.264887	-87.119306
Middlebury	41.670559	-85.708679
Middletown	40.05945	-85.542782
Midland	39.118047	-87.189998
Mier	40.574806	-85.82323
Milan	39.125179	-85.120125
Milford	39.350389	-85.619728
Milford	41.417465	-85.843551
Millersburg	41.527711	-85.696391
Millgrove	40.404891	-85.277242
Millhousen	39.211988	-85.434165
Milltown	38.342133	-86.275448
Millville	39.927183	-85.252759
Milroy	39.498077	-85.467614
Milton	39.786503	-85.156199
Mineral Springs	39.132182	-85.860875
Mishawaka	41.676606	-86.165356
Mitchell	38.737092	-86.47522
Modoc	40.045471	-85.126237
Mongo	41.680912	-85.27708
Monon	40.864228	-86.878624
Monroe	40.745109	-84.940859
Monroe City	38.614538	-87.353007
Monroeville	40.97358	-84.867678
Monrovia	39.587186	-86.475356
Monterey	41.156199	-86.482069
Montezuma	39.791049	-87.369423
Montgomery	38.664775	-87.049356
Monticello	40.745231	-86.767256
Montmorenci	40.471107	-87.032629
Montpelier	40.549779	-85.287013
Mooreland	39.997414	-85.251348
Moores Hill	39.112937	-85.089058
Mooresville	39.602494	-86.368715
Morgantown	39.372891	-86.258605
Morocco	40.944536	-87.450279
Morris	39.2843	-85.168976
Morristown	39.692236	-85.729611
Mount Auburn	39.811331	-85.188457
Mount Ayr	40.952289	-87.298956
Mount Carmel	39.407424	-84.875503
Mount Etna	40.741123	-85.561901
Mount Summit	40.003719	-85.386164
Mount Vernon	37.936988	-87.895861
Mulberry	40.345774	-86.667298
Muncie	40.198826	-85.395059
Munster	41.54691	-87.504589
Napoleon	39.204336	-85.327854
Nappanee	41.446074	-85.996768
Nashville	39.207733	-86.236172
Needham	39.531165	-85.9716
Needmore	38.926703	-86.526266
New Albany	38.312179	-85.823987
New Amsterdam	38.102001	-86.276617
Newbern	39.236535	-85.745195
Newberry	38.923856	-87.019383
Newburgh	37.949254	-87.405494
New Carlisle	41.706572	-86.507154
New Castle	39.919835	-85.370064
New Chicago	41.558729	-87.271706
New Goshen	39.580874	-87.460852
New Harmony	38.128615	-87.930867
New Haven	41.067905	-85.016282
New Lebanon	39.040898	-87.471302
New Lisbon	39.862315	-85.262669
New London	40.443072	-86.273847
New Marion	39.008088	-85.358405
New Market	39.95265	-86.921495
New Middletown	38.164399	-86.050656
New Palestine	39.729395	-85.894254
New Paris	41.501906	-85.825507
New Pekin	38.502077	-86.014366
New Point	39.30958	-85.326876
Newport	39.884058	-87.407135
New Richmond	40.194213	-86.977903
New Ross	39.964622	-86.714193
New Salisbury	38.313966	-86.100055
Newtonville	37.998892	-86.939725
Newtown	40.204504	-87.148312
New Trenton	39.308954	-84.897005
New Washington	38.569628	-85.560134
New Whiteland	39.561738	-86.099436
Nineveh	39.361204	-86.092678
Noblesville	40.035299	-86.000163
North Crows Nest	39.866079	-86.162466
North Grove	40.612997	-85.965215
North Judson	41.216095	-86.776973
North Liberty	41.532421	-86.428112
North Manchester	41.004301	-85.775621
North Salem	39.859956	-86.643719
North Terre Haute	39.536998	-87.365279
North Vernon	39.014854	-85.630055
North Webster	41.323814	-85.698573
Norway	40.775012	-86.77238
Notre Dame	41.700283	-86.238679
Nyona Lake	40.965432	-86.186749
Oakland City	38.337987	-87.349082
Oaktown	38.871682	-87.441158
Oakville	40.079692	-85.389287
Odon	38.842336	-86.988506
Ogden Dunes	41.628661	-87.192504
Oldenburg	39.33883	-85.204772
Ontario	41.699187	-85.384724
Onward	40.694735	-86.194789
Oolitic	38.893551	-86.525352
Ora	41.176638	-86.55518
Orestes	40.271556	-85.72496
Orland	41.730543	-85.172226
Orleans	38.661088	-86.4517
Osceola	41.665656	-86.078691
Osgood	39.128625	-85.292646
Ossian	40.87687	-85.168733
Oswego	41.32238	-85.787137
Otisco	38.542563	-85.665803
Otterbein	40.488159	-87.0878
Otter Lake	41.638103	-85.171534
Otwell	38.456211	-87.096029
Owensburg	38.924118	-86.743381
Owensville	38.2719	-87.691775
Oxford	40.521461	-87.248178
Painted Hills	39.398179	-86.349245
Palestine	41.174834	-85.945637
Palmyra	38.408396	-86.109105
Paoli	38.556675	-86.470437
Paragon	39.395002	-86.56277
Paris Crossing	38.831111	-85.646651
Parker City	40.189786	-85.203741
Parkers Settlement	38.044017	-87.714725
Patoka	38.396342	-87.594196
Patricksburg	39.312051	-86.954264
Patriot	38.835164	-84.830252
Paxton	39.021673	-87.388489
Pence	40.363738	-87.51276
Pendleton	40.005799	-85.77142
Penntown	39.270291	-85.091007
Pennville	40.491917	-85.14694
Peppertown	39.39733	-85.178092
Perkinsville	40.144258	-85.858611
Perrysville	40.05321	-87.435928
Peru	40.758651	-86.070561
Petersburg	38.492236	-87.280977
Petersville	39.226305	-85.81918
Petroleum	40.612633	-85.152703
Philadelphia	39.782295	-85.844038
Pierceton	41.199266	-85.703116
Pierceville	39.133077	-85.17862
Pine Village	40.449499	-87.253451
Pittsboro	39.869804	-86.46388
Pittsburg	40.596021	-86.702858
Plainfield	39.693193	-86.371985
Plainville	38.804832	-87.151481
Pleasant Lake	41.574334	-85.01245
Pleasant Mills	40.776613	-84.841758
Pleasant View	39.664378	-85.938631
Pleasant View Village	39.336165	-85.976147
Pleasantville	38.964379	-87.247513
Plymouth	41.34877	-86.319336
Point Isabel	40.421918	-85.822639
Poland	39.444594	-86.954319
Poneto	40.657117	-85.222171
Portage	41.591612	-87.178939
Porter	41.627544	-87.082744
Portland	40.437662	-84.983485
Poseyville	38.169752	-87.783319
Pottawattamie Park	41.72329	-86.867138
Prairie Creek	39.273193	-87.498114
Prairieton	39.372287	-87.471998
Preble	40.832606	-85.00989
Prince's Lakes	39.351101	-86.108422
Princeton	38.354473	-87.579508
Prospect	38.586749	-86.616422
Pulaski	40.98001	-86.652117
Putnamville	39.571656	-86.883015
Raglesville	38.802277	-86.963009
Ragsdale	38.74527	-87.322345
Rainsville	40.414048	-87.315735
Ramsey	38.321668	-86.155688
Raub	40.729287	-87.489774
Reddington	39.038019	-85.837252
Redkey	40.348304	-85.153934
Remington	40.769405	-87.129724
Rensselaer	40.939598	-87.168659
Reo	37.909166	-87.113353
Reynolds	40.749196	-86.87428
Richland	37.946582	-87.169672
Richmond	39.832086	-84.890917
Ridgeville	40.291554	-85.028613
Riley	39.389765	-87.300212
Rising Sun	38.953742	-84.853294
River Forest	40.110567	-85.729214
Riverwood	40.1013	-85.966749
Roachdale	39.849168	-86.80047
Roann	40.911033	-85.924577
Roanoke	40.964461	-85.380757
Rob Roy	40.241353	-87.247996
Rochester	41.060392	-86.198313
Rockfield	40.641551	-86.573143
Rockford	38.985608	-85.88279
Rockport	37.889918	-87.054244
Rockville	39.766458	-87.229465
Rocky Ripple	39.848403	-86.173128
Roll	40.553029	-85.393366
Rolling Prairie	41.674467	-86.619898
Rome City	41.489413	-85.358787
Romney	40.253748	-86.904897
Rosedale	39.622461	-87.281589
Roseland	41.717636	-86.250601
Roselawn	41.15687	-87.292819
Ross	41.535091	-87.375416
Rossville	40.419617	-86.595787
Royal Center	40.864319	-86.500049
Royerton	40.264993	-85.373304
Rushville	39.618563	-85.445837
Russellville	39.856954	-86.983231
Russiaville	40.418891	-86.2728
St. Anthony	38.318687	-86.823061
St. Bernice	39.709554	-87.519943
St. Joe	41.314664	-84.901115
St. John	41.441816	-87.467779
St. Leon	39.29947	-84.966512
St. Mary of the Woods	39.512227	-87.464544
St. Meinrad	38.168142	-86.832128
St. Omer	39.434314	-85.593369
St. Paul	39.428152	-85.628713
St. Wendel	38.105043	-87.699952
Salamonia	40.385961	-84.864935
Salem	38.604584	-86.097459
Saline City	39.366557	-87.132277
Salt Creek Commons	41.511128	-87.141068
Saltillo	38.665225	-86.297484
Sandborn	38.896767	-87.184632
Sandusky	39.420921	-85.480081
San Pierre	41.199265	-86.890696
Santa Claus	38.116065	-86.927244
Saratoga	40.236818	-84.915838
Sardinia	39.153071	-85.631034
Saugany Lake	41.7217	-86.591885
Schaefer Lake	39.28172	-85.749786
Schererville	41.485177	-87.443395
Schneider	41.192033	-87.4457
Schnellville	38.345227	-86.756251
Scipio	39.074343	-85.715006
Scircleville	40.288064	-86.301556
Scotland	38.909139	-86.90475
Scott	41.742779	-85.557668
Scottsburg	38.684468	-85.782217
Seelyville	39.493352	-87.266916
Sellersburg	38.399505	-85.774266
Selma	40.18662	-85.273838
Servia	40.955167	-85.737052
Seymour	38.947516	-85.891285
Shadeland	40.344818	-86.963689
Shamrock Lakes	40.411439	-85.427434
Sharpsville	40.379683	-86.086897
Shelburn	39.179144	-87.397142
Shelby	41.193433	-87.342684
Shelbyville	39.545277	-85.779499
Shepardsville	39.604695	-87.422937
Sheridan	40.130899	-86.218541
Shipshewana	41.674282	-85.576477
Shipshewana Lake	41.683582	-85.609706
Shirley	39.890906	-85.579939
Shoals	38.665465	-86.793733
Shorewood Forest	41.460038	-87.148194
Sidney	41.105045	-85.742936
Silver Lake	41.074317	-85.89287
Simonton Lake	41.754215	-85.97054
Sims	40.500242	-85.857236
Smithville-Sanders	39.059695	-86.510773
Snow Lake	41.730071	-85.029473
Solsberry	39.082599	-86.763545
Somerset	40.670293	-85.831173
Somerville	38.279673	-87.375748
South Bend	41.676643	-86.268809
South Center	41.475126	-86.64767
South Haven	41.538727	-87.140439
South Milford	41.532047	-85.266322
Southport	39.65998	-86.117116
South Whitley	41.084048	-85.624534
Spartanburg	40.067308	-84.852307
Speedway	39.793698	-86.247542
Spencer	39.286215	-86.772462
Spencerville	41.279594	-84.929071
Spiceland	39.843142	-85.426053
Spring Grove	39.847216	-84.891222
Spring Hill	39.834603	-86.192551
Spring Lake	39.777236	-85.855852
Springport	40.047194	-85.392555
Spurgeon	38.255502	-87.259526
Stanford	39.092056	-86.664573
Star City	40.972497	-86.554166
State Line City	40.197348	-87.527069
Staunton	39.48645	-87.188882
Stendal	38.267157	-87.146264
Stewartsville	38.181073	-87.836699
Stilesville	39.636635	-86.633012
Stillwell	41.554936	-86.602279
Stinesville	39.299944	-86.649867
Stockwell	40.28716	-86.774411
Stone Bluff	40.168759	-87.255785
Straughn	39.808384	-85.290842
Stroh	41.583062	-85.198852
Sullivan	39.097292	-87.407329
Sulphur Springs	39.996632	-85.439942
Sumava Resorts	41.165472	-87.43805
Summitville	40.335979	-85.643496
Sunman	39.237281	-85.093112
Swayzee	40.506642	-85.824307
Sweetser	40.568813	-85.765358
Switz City	39.034854	-87.05399
Syracuse	41.421908	-85.749766
Tab	40.414928	-87.477229
Talma	41.152446	-86.137931
Taswell	38.335564	-86.559743
Taylorsville	39.296476	-85.950274
Tecumseh	39.569899	-87.425801
Teegarden	41.464827	-86.378327
Tell City	37.953015	-86.759257
Templeton	40.513291	-87.207388
Tennyson	38.081704	-87.118799
Terre Haute	39.464152	-87.376036
Thayer	41.173958	-87.329505
Thorntown	40.129201	-86.610007
Tippecanoe	41.210962	-86.114939
Tipton	40.282484	-86.043208
Toad Hop	39.457988	-87.464341
Tocsin	40.831113	-85.107193
Topeka	41.539434	-85.547455
Town of Pines	41.688194	-86.951764
Trafalgar	39.412422	-86.149917
Trail Creek	41.696256	-86.855517
Tri-Lakes	41.251123	-85.453407
Troy	38.001969	-86.798992
Tunnelton	38.773154	-86.341153
Twelve Mile	40.864088	-86.215986
Tyner	41.408183	-86.399209
Ulen	40.066119	-86.465224
Underwood	38.589063	-85.766074
Union City	40.199321	-84.820643
Uniondale	40.830072	-85.238851
Union Mills	41.495254	-86.783919
Universal	39.622521	-87.455307
Upland	40.462848	-85.500987
Urbana	40.897429	-85.79212
Utica	38.339357	-85.65576
Vallonia	38.84851	-86.100727
Valparaiso	41.479812	-87.052273
Van Bibber Lake	39.729211	-86.929778
Van Buren	40.615756	-85.503921
Veedersburg	40.115307	-87.257231
Velpen	38.355288	-87.105504
Vera Cruz	40.701418	-85.079747
Vernon	38.985368	-85.610034
Versailles	39.06346	-85.256611
Vevay	38.740556	-85.082151
Vicksburg	39.08845	-87.197999
Vincennes	38.676621	-87.509956
Vistula	41.748829	-85.71234
Wabash	40.802752	-85.829174
Wadesville	38.103842	-87.790231
Wakarusa	41.531156	-86.013334
Waldron	39.453554	-85.662934
Walesboro	39.142497	-85.911877
Walkerton	41.465658	-86.48249
Wallace	39.987109	-87.147115
Wall Lake	41.731487	-85.200894
Walton	40.662293	-86.244122
Wanatah	41.430561	-86.892347
Warren	40.687688	-85.42465
Warren Park	39.783228	-86.051685
Warrington	39.908746	-85.635281
Warsaw	41.246053	-85.848476
Washington	38.658226	-87.160361
Waterloo	41.437398	-85.051661
Waveland	39.877624	-87.045453
Waverly	39.551997	-86.262687
Wawaka	41.459914	-85.483468
Waynesville	39.112935	-85.890993
Waynetown	40.087992	-87.065512
Webster	39.90128	-84.942805
Wellsboro	41.494786	-86.764514
West Baden Springs	38.568162	-86.612285
West College Corner	39.569415	-84.818973
Westfield	40.03601	-86.15221
West Harrison	39.257846	-84.822336
West Lafayette	40.443707	-86.923616
West Lebanon	40.272365	-87.386167
West Middleton	40.441175	-86.214945
Westphalia	38.863317	-87.221851
West Point	40.347355	-87.041812
Westport	39.176306	-85.575029
West Terre Haute	39.463763	-87.4506
Westville	41.537547	-86.904942
Westwood	39.917971	-85.41629
Wheatfield	41.1911	-87.053094
Wheatland	38.663223	-87.306253
Wheeler	41.51047	-87.171223
Whiteland	39.555138	-86.074352
Whitestown	39.971672	-86.371739
Whitewater	39.944804	-84.831098
Whiting	41.672962	-87.48404
Wildwood	41.59294	-85.18955
Wilkinson	39.885506	-85.608122
Williams	38.813343	-86.651316
Williamsburg	39.95106	-84.997196
Williams Creek	39.900153	-86.150243
Williamsport	40.288398	-87.292274
Willow Branch	39.876827	-85.684882
Winamac	41.053501	-86.603678
Winchester	40.172099	-84.977051
Windfall City	40.361821	-85.958321
Windsor	40.155988	-85.214592
Winfield	41.412112	-87.262352
Wingate	40.172223	-87.072421
Winona Lake	41.217143	-85.813135
Winslow	38.382675	-87.212153
Wolcott	40.759034	-87.042098
Wolcottville	41.525484	-85.366525
Wolflake	41.327874	-85.490121
Woodburn	41.128673	-84.850221
Woodlawn Heights	40.118512	-85.696857
Wooster	41.206678	-85.737601
Worthington	39.118379	-86.979796
Wyatt	41.528306	-86.166597
Wynnedale	39.832484	-86.200237
Yeoman	40.667691	-86.723792
Yorktown	40.181891	-85.508155
Young America	40.568237	-86.34874
Zanesville	40.915406	-85.279884
Zionsville	39.99153	-86.32175
Ackley	42.551695	-93.052272
Ackworth	41.364227	-93.472304
Adair	41.500225	-94.644052
Adel	41.609388	-94.012663
Afton	41.027589	-94.195296
Agency	40.996979	-92.307285
Ainsworth	41.29005	-91.554266
Akron	42.826768	-96.557027
Albert City	42.781602	-94.949139
Albia	41.026511	-92.803778
Albion	42.112536	-92.988569
Alburnett	42.148939	-91.620108
Alden	42.511576	-93.380309
Alexander	42.804419	-93.478647
Algona	43.076345	-94.231746
Alleman	41.815182	-93.612637
Allerton	40.70827	-93.368638
Allison	42.751986	-92.795719
Alta	42.671677	-95.304513
Alta Vista	43.196679	-92.416938
Alton	42.987658	-96.009429
Altoona	41.646353	-93.478611
Alvord	43.341745	-96.303675
Amana	41.80363	-91.875235
Ames	42.026327	-93.621264
Anamosa	42.108825	-91.275205
Anderson	40.798309	-95.60849
Andover	41.980058	-90.252835
Andrew	42.153194	-90.592277
Anita	41.443717	-94.765961
Ankeny	41.730171	-93.60251
Anthon	42.388094	-95.865549
Aplington	42.581925	-92.883524
Arcadia	42.086193	-95.043226
Archer	43.115019	-95.74422
Aredale	42.833236	-93.005442
Argo	41.625766	-90.434092
Argyle	40.535848	-91.567696
Arion	41.947755	-95.462354
Arispe	40.948971	-94.218997
Arlington	42.748751	-91.67101
Armstrong	43.394387	-94.483411
Arnolds Park	43.360366	-95.129177
Arthur	42.335353	-95.346906
Asbury	42.511954	-90.779942
Ashton	43.309432	-95.790832
Aspinwall	41.91052	-95.134972
Atalissa	41.571687	-91.166454
Athelstan	40.572702	-94.542631
Atkins	41.994228	-91.858651
Atlantic	41.392994	-95.021882
Auburn	42.249549	-94.877727
Audubon	41.718019	-94.928372
Augusta	40.761765	-91.277226
Aurelia	42.713066	-95.436848
Aurora	42.619445	-91.729491
Avoca	41.482816	-95.337261
Ayrshire	43.039612	-94.83397
Badger	42.614131	-94.144602
Bagley	41.846437	-94.430316
Baldwin	42.073134	-90.838584
Balltown	42.637228	-90.869797
Bancroft	43.292826	-94.217599
Bankston	42.507589	-90.961303
Barnes City	41.507033	-92.469541
Barnum	42.506183	-94.365683
Bartlett	40.885338	-95.794666
Bassett	43.061593	-92.515256
Batavia	40.994954	-92.167346
Battle Creek	42.31702	-95.600013
Baxter	41.8252	-93.152455
Bayard	41.852138	-94.558609
Beacon	41.2761	-92.680999
Beaconsfield	40.807223	-94.050825
Beaman	42.220109	-92.821567
Beaver	42.03826	-94.13998
Beaverdale	40.84857	-91.20225
Bedford	40.671152	-94.724292
Belle Plaine	41.895587	-92.275716
Bellevue	42.262695	-90.431458
Belmond	42.846432	-93.608449
Bennett	41.739777	-90.973587
Bentley	41.375546	-95.622501
Benton	40.70427	-94.359867
Berkley	41.946481	-94.113621
Bernard	42.313244	-90.831734
Bertram	41.95167	-91.537841
Bettendorf	41.566836	-90.476879
Bevington	41.359945	-93.784239
Big Rock	41.769079	-90.826528
Birmingham	40.878494	-91.947895
Blairsburg	42.478373	-93.642798
Blairstown	41.905984	-92.082229
Blakesburg	40.961951	-92.634712
Blanchard	40.580314	-95.221238
Blencoe	41.930322	-96.082057
Blockton	40.616881	-94.477841
Bloomfield	40.749108	-92.417031
Blue Grass	41.510192	-90.76694
Bode	42.867984	-94.286241
Bolan	43.370968	-93.119014
Bonaparte	40.701244	-91.800697
Bondurant	41.698	-93.457741
Boone	42.049257	-93.872526
Bouton	41.85115	-94.010564
Boxholm	42.173633	-94.106085
Boyden	43.189116	-96.003151
Braddyville	40.580603	-95.031244
Bradford	42.636716	-93.252388
Bradgate	42.802997	-94.420562
Brandon	42.315047	-92.003138
Brayton	41.544663	-94.930256
Breda	42.183967	-94.97501
Bridgewater	41.247107	-94.668949
Brighton	41.174692	-91.821185
Bristow	42.773771	-92.907947
Britt	43.098438	-93.803057
Bronson	42.409025	-96.210531
Brooklyn	41.732052	-92.444981
Brunsville	42.810976	-96.266363
Buckeye	42.419533	-93.375825
Buck Grove	41.917703	-95.395193
Buffalo	41.461288	-90.76888
Buffalo Center	43.389371	-93.942821
Burchinal	43.064797	-93.278516
Burlington	40.807102	-91.123676
Burr Oak	43.457984	-91.861927
Burt	43.199109	-94.221313
Bussey	41.205432	-92.884286
Calamus	41.826415	-90.759673
California Junction	41.56017	-95.994752
Callender	42.361634	-94.295473
Calmar	43.181104	-91.867965
Calumet	42.945024	-95.551435
Camanche	41.792708	-90.276227
Cambridge	41.90168	-93.53656
Cantril	40.642898	-92.068372
Carbon	41.04975	-94.824575
Carlisle	41.513593	-93.496811
Carpenter	43.415119	-93.017244
Carroll	42.070267	-94.864283
Carson	41.235658	-95.419811
Carter Lake	41.288533	-95.916872
Cascade	42.3018	-91.004658
Casey	41.507457	-94.521366
Castalia	43.112575	-91.676935
Castana	42.073358	-95.910388
Cedar Falls	42.51907	-92.454009
Cedar Rapids	41.96585	-91.678901
Center Junction	42.114127	-91.09034
Center Point	42.184604	-91.779891
Centerville	40.729839	-92.872033
Central City	42.201429	-91.522977
Centralia	42.4723	-90.836213
Chapin	42.835258	-93.222042
Chariton	41.017447	-93.309629
Charles City	43.06476	-92.674457
Charlotte	41.962169	-90.468252
Charter Oak	42.067838	-95.589526
Chatsworth	42.916301	-96.514499
Chelsea	41.920463	-92.394447
Cherokee	42.749499	-95.552159
Chester	43.491579	-92.363964
Chillicothe	41.085939	-92.529673
Churdan	42.154065	-94.477863
Cincinnati	40.63095	-92.922199
Clare	42.587439	-94.344414
Clarence	41.885751	-91.057925
Clarinda	40.737707	-95.033748
Clarion	42.731971	-93.729808
Clarksville	42.779238	-92.668408
Clayton	42.902269	-91.149305
Clearfield	40.800636	-94.483018
Clear Lake	43.13509	-93.373651
Cleghorn	42.812518	-95.71273
Clemons	42.113915	-93.158684
Clermont	42.999591	-91.652252
Climbing Hill	42.339375	-96.081085
Clinton	41.842365	-90.242816
Clio	40.63603	-93.451392
Clive	41.613243	-93.797871
Clutier	42.079326	-92.403559
Coalville	42.440137	-94.11579
Coburg	40.918635	-95.26549
Coggon	42.277808	-91.529865
Coin	40.655828	-95.234878
Colesburg	42.638761	-91.201119
Colfax	41.679794	-93.23628
College Springs	40.621352	-95.120992
Collins	41.902382	-93.308069
Colo	42.014531	-93.318587
Columbus City	41.259178	-91.374738
Columbus Junction	41.278853	-91.363933
Colwell	43.157245	-92.591611
Conesville	41.379644	-91.348585
Conrad	42.223393	-92.874083
Conroy	41.726613	-91.998528
Conway	40.749048	-94.619349
Coon Rapids	41.874705	-94.678452
Coppock	41.164252	-91.714827
Coralville	41.698795	-91.5968
Corley	41.577719	-95.330558
Corning	40.992369	-94.738794
Correctionville	42.477592	-95.783158
Corwith	42.988882	-93.958164
Corydon	40.75791	-93.317586
Cotter	41.292494	-91.462028
Coulter	42.733039	-93.370071
Council Bluffs	41.235987	-95.853163
Craig	42.895534	-96.309566
Crawfordsville	41.213914	-91.536634
Crescent	41.365275	-95.858937
Cresco	43.371746	-92.116287
Creston	41.060314	-94.364727
Cromwell	41.040489	-94.461779
Crystal Lake	43.223018	-93.792709
Cumberland	41.273178	-94.870503
Cumming	41.484719	-93.761921
Curlew	42.979699	-94.7378
Cushing	42.465068	-95.675727
Cylinder	43.09025	-94.551229
Dakota City	42.72383	-94.19712
Dallas Center	41.685546	-93.980711
Dana	42.107242	-94.23835
Danbury	42.236429	-95.721581
Danville	40.859951	-91.314519
Davenport	41.55682	-90.603948
Davis City	40.640009	-93.812586
Dawson	41.843089	-94.220319
Dayton	42.262208	-94.071108
Decatur	40.742661	-93.832801
Decorah	43.301618	-91.78475
Dedham	41.908421	-94.823323
Deep River	41.581637	-92.37293
Defiance	41.825022	-95.340111
Delaware	42.472106	-91.338269
Delhi	42.433719	-91.325945
Delmar	41.998881	-90.607872
Deloit	42.097191	-95.317341
Delphos	40.663177	-94.339571
Delta	41.322766	-92.33057
Denison	42.016443	-95.352861
Denmark	40.734325	-91.338403
Denver	42.66822	-92.333942
Derby	40.930296	-93.456521
Des Moines	41.57259	-93.610243
De Soto	41.537777	-94.009953
DeWitt	41.822712	-90.544087
Dexter	41.515385	-94.227621
Diagonal	40.810899	-94.341853
Diamondhead Lake	41.554649	-94.259961
Dickens	43.133805	-95.022243
Dike	42.464121	-92.625566
Dixon	41.742124	-90.782371
Dolliver	43.463561	-94.614271
Donahue	41.691534	-90.67463
Donnellson	40.645318	-91.564097
Doon	43.279281	-96.233092
Douds	40.844631	-92.073239
Dougherty	42.922017	-93.036127
Dow City	41.927465	-95.494419
Downey	41.611924	-91.347253
Dows	42.658364	-93.502041
Drakesville	40.798556	-92.481309
Dubuque	42.498901	-90.707258
Dumont	42.752196	-92.973652
Duncan	43.10822	-93.702135
Duncombe	42.469788	-93.996792
Dundee	42.579284	-91.546457
Dunkerton	42.568498	-92.16002
Dunlap	41.851949	-95.601935
Durango	42.561962	-90.775364
Durant	41.601134	-90.91381
Dyersville	42.481486	-91.116598
Dysart	42.172071	-92.309095
Eagle Grove	42.666336	-93.902429
Earlham	41.49441	-94.122283
Earling	41.776283	-95.419014
Earlville	42.482667	-91.27011
Early	42.461098	-95.152411
East Amana	41.808555	-91.852699
East Peru	41.227029	-93.929512
Eddyville	41.159335	-92.630333
Edgewood	42.644237	-91.402209
Elberon	42.005532	-92.316108
Eldon	40.918004	-92.218227
Eldora	42.360533	-93.101295
Eldridge	41.639034	-90.580918
Elgin	42.955417	-91.635366
Elkader	42.857388	-91.402831
Elkhart	41.794237	-93.523233
Elk Horn	41.593091	-95.061252
Elkport	42.741818	-91.274767
Elk Run Heights	42.468845	-92.256048
Elliott	41.149365	-95.162954
Ellston	40.840071	-94.108367
Ellsworth	42.310239	-93.581877
Elma	43.245705	-92.438689
Ely	41.880328	-91.586323
Emerson	41.01798	-95.402725
Emmetsburg	43.114798	-94.679579
Epworth	42.446542	-90.931383
Essex	40.832802	-95.305347
Estherville	43.399735	-94.834216
Evansdale	42.465698	-92.269402
Everly	43.16513	-95.317533
Exira	41.591425	-94.881335
Exline	40.649101	-92.843177
Fairbank	42.640139	-92.047788
Fairfax	41.925493	-91.777812
Fairfield	41.006376	-91.966628
Fairport	41.439676	-90.924078
Farley	42.443736	-91.009182
Farmersburg	42.959343	-91.366709
Farmington	40.638812	-91.738964
Farnhamville	42.276475	-94.407713
Farragut	40.720099	-95.480798
Fayette	42.841755	-91.803755
Fenton	43.218435	-94.427898
Ferguson	41.938595	-92.862908
Fertile	43.262295	-93.423199
Floris	40.8645	-92.332647
Floyd	43.128185	-92.739944
Fonda	42.581699	-94.845519
Fontanelle	41.290039	-94.560204
Forest City	43.257083	-93.636556
Fort Atkinson	43.144264	-91.93449
Fort Dodge	42.509863	-94.175675
Fort Madison	40.620781	-91.34947
Fostoria	43.242964	-95.154941
Franklin	40.666797	-91.511823
Fraser	42.127167	-93.974209
Fredericksburg	42.964777	-92.196496
Frederika	42.883394	-92.306017
Fredonia	41.284311	-91.339167
Fremont	41.212483	-92.433721
Fruitland	41.34745	-91.128785
Frytown	41.571949	-91.732134
Galt	42.693538	-93.604621
Galva	42.505659	-95.418037
Garber	42.744245	-91.260656
Garden City	42.245521	-93.395378
Garden Grove	40.826715	-93.606882
Garnavillo	42.866688	-91.23624
Garner	43.099971	-93.603118
Garrison	42.145031	-92.144201
Garwin	42.093481	-92.679118
Geneva	42.674846	-93.129833
George	43.341873	-96.003257
Gibson	41.480255	-92.392156
Gilbert	42.106197	-93.646053
Gilbertville	42.418279	-92.214115
Gillett Grove	43.016331	-95.036759
Gilman	41.878881	-92.788118
Gilmore City	42.726804	-94.436817
Gladbrook	42.186106	-92.715088
Glenwood	41.044701	-95.740606
Glidden	42.057776	-94.726606
Goldfield	42.735623	-93.917906
Goodell	42.923826	-93.6141
Goose Lake	41.96764	-90.381829
Gowrie	42.277932	-94.289735
Graettinger	43.23702	-94.750469
Graf	42.493853	-90.873191
Grafton	43.330678	-93.068714
Grand Junction	42.032994	-94.236952
Grand Mound	41.823745	-90.650673
Grand River	40.819011	-93.963064
Grandview	41.277115	-91.188077
Granger	41.761696	-93.823577
Grant	41.143271	-94.98417
Granville	42.985344	-95.875011
Gravity	40.76353	-94.74442
Gray	41.841711	-94.985863
Greeley	42.584905	-91.341734
Greene	42.896506	-92.803538
Greenfield	41.305797	-94.459268
Green Mountain	42.101917	-92.819626
Greenville	43.016978	-95.146117
Grimes	41.677848	-93.80231
Grinnell	41.735236	-92.724902
Griswold	41.234332	-95.139368
Grundy Center	42.363729	-92.774017
Gruver	43.393076	-94.703556
Guernsey	41.650551	-92.346018
Guthrie Center	41.677935	-94.499153
Guttenberg	42.788556	-91.108775
Halbur	42.005319	-94.971946
Hamburg	40.606215	-95.654721
Hamilton	41.17049	-92.904095
Hampton	42.741989	-93.204992
Hancock	41.394614	-95.35969
Hanlontown	43.280934	-93.378907
Hansell	42.757771	-93.104119
Harcourt	42.260558	-94.174487
Hardy	42.81017	-94.0512
Harlan	41.649529	-95.326788
Harper	41.363721	-92.050895
Harpers Ferry	43.200815	-91.152153
Harris	43.4451	-95.437199
Hartford	41.457729	-93.403799
Hartley	43.179058	-95.476755
Hartwick	41.785608	-92.345194
Harvey	41.317948	-92.922715
Hastings	41.025153	-95.494742
Havelock	42.833019	-94.701025
Haverhill	41.944144	-92.960721
Hawarden	43.001314	-96.482908
Hawkeye	42.937787	-91.950402
Hayesville	41.2648	-92.247792
Hayfield	43.178562	-93.694828
Hazleton	42.618538	-91.906112
Hedrick	41.171327	-92.307914
Henderson	41.139914	-95.430294
Hiawatha	42.056054	-91.689939
High Amana	41.801129	-91.941871
Hills	41.556611	-91.536295
Hillsboro	40.837159	-91.711321
Hinton	42.62279	-96.29815
Holiday Lake	41.817971	-92.453517
Holland	42.400127	-92.798835
Holstein	42.487149	-95.542877
Holy Cross	42.601087	-90.996177
Homestead	41.761205	-91.871137
Hopkinton	42.342873	-91.249048
Hornick	42.228989	-96.096459
Hospers	43.071919	-95.903678
Houghton	40.783668	-91.610022
Hubbard	42.305793	-93.30166
Hudson	42.434882	-92.451284
Hull	43.189457	-96.1341
Humboldt	42.722928	-94.22502
Humeston	40.860728	-93.497303
Hutchins	43.08778	-93.88657
Huxley	41.896551	-93.591995
Ida Grove	42.34324	-95.473368
Imogene	40.877674	-95.429213
Independence	42.462193	-91.903152
Indianola	41.362971	-93.565545
Inwood	43.309209	-96.434357
Ionia	43.035879	-92.458402
Iowa City	41.655661	-91.530859
Iowa Falls	42.519169	-93.26605
Ireton	42.974897	-96.321609
Irvington	43.012876	-94.195715
Irwin	41.790131	-95.206781
Jackson Junction	43.10133	-92.04622
Jacksonville	41.645074	-95.151693
Jamaica	41.845358	-94.306963
Janesville	42.645805	-92.462397
Jefferson	42.017743	-94.379422
Jesup	42.47454	-92.065636
Jewell Junction	42.311647	-93.638709
Johnston	41.69195	-93.724456
Joice	43.364147	-93.457308
Jolley	42.47938	-94.719076
Kalona	41.487378	-91.701828
Kamrar	42.38965	-93.727857
Kanawha	42.93416	-93.793179
Kellerton	40.710408	-94.049929
Kelley	41.950866	-93.664958
Kellogg	41.718036	-92.907157
Kensett	43.35338	-93.210797
Kent	40.953632	-94.461127
Kent Estates	41.466488	-91.056876
Keokuk	40.409546	-91.402511
Keomah Village	41.286783	-92.536876
Keosauqua	40.73464	-91.960305
Keota	41.365129	-91.953314
Keswick	41.45455	-92.238315
Keystone	41.999484	-92.198186
Kimballton	41.627204	-95.074671
Kingsley	42.586432	-95.967948
Kingston	40.97923	-91.045788
Kinross	41.459056	-91.987297
Kirkman	41.728596	-95.267062
Kirkville	41.142286	-92.503565
Kiron	42.19416	-95.327078
Klemme	43.009644	-93.601345
Knierim	42.456339	-94.455871
Knoxville	41.318484	-93.102624
Lacona	41.190095	-93.385081
Ladora	41.755742	-92.185917
Lake City	42.26767	-94.731054
Lake Mills	43.417081	-93.531588
Lake Panorama	41.721545	-94.404021
Lake Park	43.446938	-95.324947
Lakeside	42.617373	-95.177431
Lake View	42.301996	-95.035761
Lakota	43.378647	-94.096301
Lambs Grove	41.700761	-93.079345
Lamoni	40.619579	-93.930477
Lamont	42.598552	-91.640388
La Motte	42.295638	-90.623289
Lanesboro	42.182541	-94.689769
Lansing	43.359835	-91.222859
La Porte City	42.313759	-92.190878
Larchwood	43.454648	-96.436341
Larrabee	42.861501	-95.544737
Latimer	42.762921	-93.365518
Laurel	41.883997	-92.922312
Laurens	42.847502	-94.847939
Lawler	43.071919	-92.152813
Lawton	42.476974	-96.185092
Leando	40.821203	-92.074516
Le Claire	41.595594	-90.377006
Ledyard	43.419204	-94.159283
Le Grand	42.007186	-92.775058
Lehigh	42.358203	-94.053366
Leighton	41.338839	-92.786348
Leland	43.334026	-93.631824
Le Mars	42.781514	-96.173311
Lenox	40.883177	-94.557932
Leon	40.741341	-93.755571
Le Roy	40.877911	-93.592622
Lester	43.440293	-96.331416
Letts	41.330017	-91.23539
Lewis	41.306403	-95.084269
Libertyville	40.958218	-92.04962
Lidderdale	42.122421	-94.783642
Lime Springs	43.449899	-92.284064
Lincoln	42.262718	-92.69233
Linden	41.64274	-94.27002
Lineville	40.587032	-93.523193
Linn Grove	42.89389	-95.243647
Lisbon	41.92048	-91.391602
Liscomb	42.191262	-93.006282
Little Cedar	43.380049	-92.725683
Little Rock	43.447066	-95.880434
Little Sioux	41.808191	-96.027402
Livermore	42.867823	-94.183803
Lockridge	40.993595	-91.750659
Logan	41.645409	-95.791253
Lohrville	42.266945	-94.551547
Lone Rock	43.220867	-94.325289
Lone Tree	41.485893	-91.426698
Long Grove	41.692236	-90.580271
Lorimor	41.126742	-94.056855
Lost Nation	41.967548	-90.818139
Loveland	41.49702	-95.890225
Lovilia	41.134735	-92.907907
Lowden	41.858932	-90.922906
Lowell	40.834348	-91.438597
Low Moor	41.802944	-90.354992
Luana	43.059422	-91.455727
Lucas	41.03241	-93.461601
Luther	41.966902	-93.817641
Lu Verne	42.90946	-94.083593
Luxemburg	42.604028	-91.072578
Luzerne	41.905434	-92.180366
Lynnville	41.572859	-92.786893
Lytton	42.423252	-94.860874
McCallsburg	42.164883	-93.390781
McCausland	41.743407	-90.445881
McClelland	41.331616	-95.681396
Macedonia	41.192259	-95.426544
McGregor	43.028291	-91.185657
McIntire	43.435949	-92.593634
Macksburg	41.214704	-94.185073
Madrid	41.875688	-93.820526
Magnolia	41.692671	-95.874139
Maharishi Vedic City	41.054451	-92.014608
Malcom	41.706101	-92.55531
Mallard	42.939394	-94.683394
Maloy	40.670645	-94.409645
Malvern	41.003747	-95.584141
Manchester	42.485339	-91.456086
Manilla	41.892555	-95.234506
Manly	43.288254	-93.200815
Manning	41.90963	-95.064442
Manson	42.528638	-94.540064
Mapleton	42.167315	-95.790869
Maquoketa	42.06053	-90.663862
Marathon	42.860193	-94.982866
Marble Rock	42.964608	-92.867772
Marcus	42.822401	-95.806842
Marengo	41.796205	-92.068061
Marion	42.045394	-91.586155
Marne	41.448857	-95.110897
Marquette	43.043143	-91.192527
Marshalltown	42.0343	-92.906266
Martelle	42.02043	-91.357818
Martensdale	41.37375	-93.7388
Martinsburg	41.17877	-92.25189
Marysville	41.180833	-92.953778
Mason City	43.148585	-93.19984
Masonville	42.479808	-91.591513
Massena	41.250632	-94.769859
Matlock	43.244307	-95.934382
Maurice	42.966136	-96.182029
Maxwell	41.891433	-93.396063
Maynard	42.773315	-91.878025
Maysville	41.649545	-90.718487
Mechanicsville	41.905593	-91.253272
Mediapolis	41.007867	-91.16372
Melbourne	41.941623	-93.102304
Melcher-Dallas	41.226962	-93.241634
Melrose	40.979074	-93.050824
Melvin	43.286461	-95.608631
Menlo	41.522126	-94.403754
Meriden	42.794537	-95.634142
Merrill	42.720456	-96.251943
Meservey	42.915648	-93.473276
Meyer	43.461813	-92.701063
Middle Amana	41.794765	-91.901539
Middletown	40.827862	-91.262227
Miles	42.048121	-90.313318
Milford	43.341717	-95.145709
Miller	43.186371	-93.607646
Millersburg	41.573345	-92.159358
Millerton	40.849935	-93.306614
Milo	41.289284	-93.440373
Milton	40.671531	-92.161951
Minburn	41.757564	-94.028481
Minden	41.469409	-95.543198
Mineola	41.141446	-95.694773
Mingo	41.766212	-93.282532
Missouri Valley	41.559319	-95.902635
Mitchell	43.320189	-92.871072
Mitchellville	41.667232	-93.365854
Modale	41.618227	-96.012082
Mona	43.485981	-92.953441
Mondamin	41.710035	-96.021466
Monmouth	42.0751	-90.88223
Monona	43.049843	-91.391056
Monroe	41.518945	-93.103739
Montezuma	41.582991	-92.527828
Monticello	42.230425	-91.185925
Montour	41.980306	-92.715062
Montpelier	41.461433	-90.811395
Montrose	40.525347	-91.418407
Mooar	40.431939	-91.444612
Moorhead	41.923267	-95.851415
Moorland	42.441533	-94.295395
Moravia	40.891662	-92.819972
Morley	42.006145	-91.245878
Morning Sun	41.094139	-91.250598
Morrison	42.34297	-92.673299
Moscow	41.570664	-91.074306
Moulton	40.685492	-92.676302
Mount Auburn	42.257284	-92.093859
Mount Ayr	40.714071	-94.237225
Mount Pleasant	40.962205	-91.547162
Mount Sterling	40.618481	-91.935382
Mount Union	41.057704	-91.391398
Mount Vernon	41.92365	-91.423763
Moville	42.490235	-96.067924
Murray	41.041338	-93.948817
Muscatine	41.419058	-91.067946
Mystic	40.779175	-92.944387
Nashua	42.950393	-92.542538
Nemaha	42.514693	-95.088523
Neola	41.451904	-95.618914
Nevada	42.01749	-93.469674
New Albin	43.496987	-91.287867
Newell	42.609682	-95.003978
Newhall	41.993249	-91.967224
New Hampton	43.056219	-92.314725
New Hartford	42.568201	-92.621391
New Haven	43.283922	-92.642192
New Liberty	41.715953	-90.877832
New London	40.922919	-91.400663
New Market	40.732565	-94.900042
New Providence	42.281328	-93.171623
New Sharon	41.470056	-92.650966
Newton	41.696337	-93.040512
New Vienna	42.54772	-91.113885
New Virginia	41.181764	-93.73107
Nichols	41.479667	-91.30797
Nodaway	40.936099	-94.897373
Nora Springs	43.144083	-93.008927
Northboro	40.60733	-95.29247
North Buena Vista	42.672713	-90.961256
North English	41.5168	-92.077664
North Liberty	41.743623	-91.611233
North Washington	43.117131	-92.41511
Northwood	43.444091	-93.215969
Norwalk	41.483657	-93.695487
Norway	41.902206	-91.922791
Numa	40.685562	-92.980144
Oak Hills	40.755506	-91.149712
Oakland	41.31037	-95.399703
Oakland Acres	41.720862	-92.81987
Oakville	41.097988	-91.04379
Ocheyedan	43.418215	-95.53666
Odebolt	42.311829	-95.254412
Oelwein	42.671581	-91.912787
Ogden	42.039479	-94.028288
Okoboji	43.388082	-95.133244
Olds	41.134292	-91.544026
Olin	41.997473	-91.141242
Ollie	41.199187	-92.092344
Onawa	42.026476	-96.090917
Onslow	42.10685	-91.015062
Orange City	43.001805	-96.055251
Orchard	43.227529	-92.775888
Orient	41.203211	-94.417291
Orleans	43.452724	-95.085873
Osage	43.282673	-92.811317
Osceola	41.029726	-93.785259
Oskaloosa	41.292209	-92.640854
Ossian	43.146976	-91.764555
Osterdock	42.731252	-91.158664
Otho	42.422211	-94.14938
Oto	42.282168	-95.894552
Otranto	43.460856	-92.986294
Ottosen	42.897748	-94.376004
Ottumwa	41.022251	-92.423263
Owasa	42.431854	-93.204663
Oxford	41.722773	-91.791087
Oxford Junction	41.983747	-90.954342
Oyens	42.819816	-96.058042
Pacific Junction	41.017975	-95.799453
Packwood	41.132711	-92.082517
Palmer	42.630096	-94.598517
Palo	42.064233	-91.799285
Panama	41.72621	-95.475376
Panora	41.691126	-94.363909
Panorama Park	41.555701	-90.453769
Parkersburg	42.573851	-92.77845
Park View	41.694347	-90.538985
Parnell	41.583702	-92.004425
Paton	42.164386	-94.25503
Patterson	41.348429	-93.877594
Paullina	42.97986	-95.683443
Pella	41.404715	-92.917412
Peosta	42.447714	-90.844315
Percival	40.751269	-95.813266
Perry	41.837907	-94.093255
Persia	41.578556	-95.570113
Peterson	42.917324	-95.343117
Pierson	42.543586	-95.866538
Pilot Mound	42.159243	-94.018294
Pisgah	41.829855	-95.926167
Plainfield	42.844537	-92.535683
Plainview	41.667177	-90.780098
Plano	40.755625	-93.046942
Pleasant Hill	41.599106	-93.505047
Pleasanton	40.582444	-93.742929
Pleasant Plain	41.147178	-91.85962
Pleasantville	41.387011	-93.272787
Plover	42.876645	-94.622318
Plymouth	43.246394	-93.123281
Pocahontas	42.737021	-94.666046
Polk City	41.781842	-93.722607
Pomeroy	42.551934	-94.677879
Popejoy	42.593766	-93.42782
Portland	43.122622	-93.13748
Portsmouth	41.650302	-95.519491
Postville	43.084157	-91.56769
Prairieburg	42.237527	-91.425728
Prairie City	41.595423	-93.239276
Prescott	41.023587	-94.612816
Preston	42.049179	-90.396957
Primghar	43.086311	-95.620637
Princeton	41.669459	-90.357597
Promise City	40.747648	-93.148345
Protivin	43.216707	-92.088938
Pulaski	40.694358	-92.274173
Quasqueton	42.394773	-91.757679
Quimby	42.629075	-95.644144
Radcliffe	42.31771	-93.434311
Rake	43.480579	-93.919654
Ralston	42.041855	-94.629287
Randalia	42.86339	-91.886736
Randall	42.237033	-93.602579
Randolph	40.873135	-95.564727
Rathbun	40.801838	-92.887863
Raymond	42.469381	-92.229653
Readlyn	42.703703	-92.22503
Reasnor	41.578855	-93.022898
Redding	40.605433	-94.381948
Redfield	41.590442	-94.196243
Red Oak	41.01413	-95.224371
Reinbeck	42.322506	-92.594261
Rembrandt	42.825719	-95.16561
Remsen	42.815833	-95.972633
Renwick	42.826926	-93.981343
Rhodes	41.927815	-93.183723
Riceville	43.361563	-92.553318
Richland	41.185542	-91.993573
Rickardsville	42.581552	-90.876279
Ricketts	42.127962	-95.574864
Ridgeway	43.297113	-91.992422
Rinard	42.33964	-94.484914
Ringsted	43.295074	-94.507408
Rippey	41.933895	-94.200723
Riverdale	41.537276	-90.463583
Riverside	41.483235	-91.572195
River Sioux	41.802439	-96.047988
Riverton	40.686871	-95.568613
Robins	42.078745	-91.673973
Rochester	41.674149	-91.144308
Rock Falls	43.207148	-93.086793
Rockford	43.052435	-92.94769
Rock Rapids	43.426699	-96.166393
Rock Valley	43.202585	-96.289038
Rockwell	42.979972	-93.18718
Rockwell City	42.398125	-94.62887
Rodman	43.026584	-94.527369
Rodney	42.204484	-95.95073
Roland	42.166019	-93.502979
Rolfe	42.813197	-94.531855
Rome	40.982177	-91.681203
Rose Hill	41.320399	-92.463589
Roseville	43.02535	-92.808174
Rossie	43.013661	-95.188612
Rowan	42.739935	-93.550288
Rowley	42.368544	-91.844282
Royal	43.064441	-95.283721
Rudd	43.126262	-92.904722
Runnells	41.513968	-93.360098
Russell	40.980404	-93.201121
Ruthven	43.130054	-94.898691
Rutland	42.761402	-94.29517
Ryan	42.352336	-91.484945
Sabula	42.070188	-90.182499
Sac City	42.422042	-94.997437
Sageville	42.54952	-90.706428
St. Ansgar	43.379893	-92.917791
St. Anthony	42.123547	-93.197512
St. Benedict	43.044008	-94.06095
St. Charles	41.287152	-93.807451
St. Donatus	42.362442	-90.542206
St. Joseph	42.91229	-94.230914
St. Lucas	43.066468	-91.934063
St. Marys	41.307698	-93.733845
St. Olaf	42.926811	-91.387696
St. Paul	40.767847	-91.516424
Salem	40.85217	-91.62066
Salix	42.311921	-96.292189
Sanborn	43.181432	-95.655335
Sandusky	40.448001	-91.389046
Sandyville	41.370935	-93.386159
Saylorville	41.680754	-93.627005
Scarville	43.470963	-93.618419
Schaller	42.496531	-95.296271
Schleswig	42.161028	-95.434646
Scranton	42.019165	-94.549182
Searsboro	41.579124	-92.704124
Sergeant Bluff	42.397549	-96.350934
Sexton	43.074905	-94.089152
Seymour	40.682141	-93.121099
Shambaugh	40.657459	-95.035259
Shannon City	40.898751	-94.263651
Sharpsburg	40.804491	-94.638149
Sheffield	42.888763	-93.207143
Shelby	41.505574	-95.449363
Sheldahl	41.864523	-93.69675
Sheldon	43.179654	-95.843353
Shell Rock	42.712345	-92.581658
Shellsburg	42.092876	-91.871261
Shenandoah	40.758206	-95.372068
Sherrill	42.604588	-90.784178
Shueyville	41.846257	-91.651221
Sibley	43.401476	-95.743031
Sidney	40.745895	-95.644728
Sigourney	41.333974	-92.204448
Silver City	41.111474	-95.637852
Sioux Center	43.07479	-96.170407
Sioux City	42.49529	-96.389858
Sioux Rapids	42.891672	-95.148538
Slater	41.880736	-93.691179
Sloan	42.233062	-96.22483
Smithland	42.228903	-95.931578
Soldier	41.984306	-95.780438
Solon	41.806827	-91.498922
Somers	42.37875	-94.430991
South Amana	41.770357	-91.959912
South English	41.452153	-92.090333
Spencer	43.147025	-95.152691
Sperry	40.961955	-91.164118
Spillville	43.202841	-91.952212
Spirit Lake	43.416659	-95.113071
Spragueville	42.071527	-90.432745
Springbrook	42.165732	-90.479136
Spring Hill	41.412179	-93.650052
Springville	42.040542	-91.461155
Stacyville	43.43921	-92.783935
Stanhope	42.288933	-93.795986
Stanley	42.641963	-91.811891
Stanton	40.981229	-95.10277
Stanwood	41.892697	-91.148758
State Center	42.014821	-93.165304
Steamboat Rock	42.408061	-93.066168
Stockport	40.857266	-91.833349
Stockton	41.590828	-90.856428
Stone City	42.105427	-91.350196
Storm Lake	42.642951	-95.196463
Story City	42.185743	-93.586885
Stout	42.526962	-92.711533
Stratford	42.269593	-93.927416
Strawberry Point	42.680489	-91.53478
Struble	42.894418	-96.194453
Stuart	41.500464	-94.318105
Sully	41.577998	-92.846792
Sumner	42.849372	-92.097154
Sun Valley Lake	40.849185	-94.067487
Superior	43.433646	-94.946634
Sutherland	42.972941	-95.495245
Swaledale	42.976453	-93.3155
Swan	41.467598	-93.309547
Swea City	43.38349	-94.310265
Swedesburg	41.106002	-91.553228
Swisher	41.844583	-91.694646
Tabor	40.89493	-95.673625
Tama	41.965123	-92.573799
Templeton	41.918097	-94.940666
Tennant	41.594115	-95.444963
Terril	43.305794	-94.96892
Thayer	41.028705	-94.049938
Thompson	43.369903	-93.774701
Thor	42.6881	-94.049601
Thornburg	41.455752	-92.332273
Thornton	42.944221	-93.38702
Thurman	40.820118	-95.748813
Tiffin	41.705034	-91.654397
Tingley	40.852837	-94.195749
Tipton	41.770121	-91.128281
Titonka	43.237175	-94.041431
Toeterville	43.440057	-92.887929
Toledo	41.990174	-92.580342
Toronto	41.903118	-90.862815
Traer	42.189577	-92.464042
Trenton	41.065974	-91.639498
Treynor	41.232024	-95.606455
Tripoli	42.808371	-92.257843
Truesdale	42.729257	-95.183407
Truro	41.209794	-93.846711
Turin	42.020881	-95.966158
Twin Lakes	42.480996	-94.629756
Udell	40.78014	-92.743163
Underwood	41.380243	-95.68251
Union	42.243534	-93.062498
Unionville	40.818136	-92.695832
University Heights	41.655036	-91.558868
University Park	41.285546	-92.614978
Urbana	42.229835	-91.885511
Urbandale	41.636794	-93.779833
Ute	42.050259	-95.705776
Vail	42.059715	-95.200454
Valeria	41.729794	-93.325533
Van Horne	42.008311	-92.089718
Van Meter	41.524638	-93.94418
Van Wert	40.870742	-93.792178
Varina	42.658578	-94.898011
Ventura	43.128868	-93.465914
Victor	41.730599	-92.294846
Villisca	40.929875	-94.981108
Vincent	42.59187	-94.01887
Vining	41.99102	-92.387278
Vinton	42.163106	-92.026206
Volga	42.802939	-91.542301
Wadena	42.839676	-91.659402
Wahpeton	43.369515	-95.17591
Walcott	41.587319	-90.780518
Walford	41.879845	-91.830559
Walker	42.287545	-91.781479
Wallingford	43.320285	-94.792177
Wall Lake	42.26732	-95.093226
Walnut	41.489453	-95.219669
Wapello	41.177222	-91.188991
Washburn	42.410291	-92.266866
Washington	41.297913	-91.693671
Washta	42.575575	-95.720125
Waterloo	42.492327	-92.351947
Waterville	43.207661	-91.2966
Watkins	41.893102	-91.984993
Waucoma	43.055629	-92.034459
Waukee	41.59048	-93.882818
Waukon	43.268519	-91.478492
Waverly	42.722049	-92.469462
Wayland	41.148347	-91.657535
Webb	42.949759	-95.012919
Webster	41.438464	-92.171718
Webster City	42.462423	-93.818201
Weldon	40.897314	-93.735023
Wellman	41.469238	-91.835247
Wellsburg	42.433855	-92.926618
Welton	41.907948	-90.596853
Wesley	43.089115	-93.992889
West Amana	41.808457	-91.965539
West Bend	42.959966	-94.445731
West Branch	41.666158	-91.344197
West Burlington	40.821628	-91.175475
West Chester	41.340039	-91.816948
West Des Moines	41.549937	-93.781351
Westfield	42.756206	-96.605527
Westgate	42.768333	-91.995669
West Liberty	41.572995	-91.262639
West Okoboji	43.347705	-95.166396
Weston	41.342261	-95.744822
Westphalia	41.719399	-95.39377
West Point	40.71454	-91.452832
Westside	42.075699	-95.101385
West Union	42.958873	-91.813024
Westwood	40.964955	-91.626773
Wever	40.705655	-91.228102
What Cheer	41.400348	-92.357088
Wheatland	41.833064	-90.83801
Whiting	42.127224	-96.150677
Whittemore	43.063335	-94.425246
Whitten	42.264454	-93.010632
Willey	41.97878	-94.822404
Williams	42.489193	-93.541245
Williamsburg	41.668884	-92.013249
Williamson	41.088234	-93.256955
Wilton	41.589109	-91.025481
Windsor Heights	41.60446	-93.712802
Winfield	41.125904	-91.438127
Winterset	41.349897	-94.018065
Winthrop	42.470766	-91.737378
Wiota	41.40078	-94.887329
Woden	43.230756	-93.911402
Woodbine	41.736338	-95.711055
Woodburn	41.010852	-93.59632
Woodward	41.852764	-93.92073
Woolstock	42.564776	-93.843131
Worthington	42.397928	-91.120703
Wyoming	42.059542	-91.005188
Yale	41.77512	-94.3578
Yarmouth	41.024513	-91.322067
Yetter	42.316107	-94.843199
Yorktown	40.735257	-95.154337
Zearing	42.158925	-93.297182
Zwingle	42.297192	-90.687436
Abbyville	37.970576	-98.202961
Abilene	38.924503	-97.228004
Ada	39.1622	-97.885948
Admire	38.640995	-96.102009
Agenda	39.706567	-97.432239
Agra	39.761262	-99.119427
Albert	38.453959	-99.011129
Alden	38.243839	-98.31173
Alexander	38.469417	-99.552998
Allen	38.655123	-96.169636
Alma	39.015681	-96.287096
Almena	39.891274	-99.709613
Altamont	37.185366	-95.291832
Alta Vista	38.862942	-96.488838
Alton	39.467804	-98.948639
Altoona	37.524517	-95.661498
Americus	38.506385	-96.261282
Ames	39.568894	-97.450965
Andale	37.791285	-97.627417
Andover	37.687166	-97.130753
Anthony	37.158533	-98.042776
Arcadia	37.641172	-94.624019
Argonia	37.267876	-97.762939
Arkansas City	37.072499	-97.038436
Arlington	37.89629	-98.178064
Arma	37.542775	-94.701807
Asherville	39.407469	-97.9732
Ashland	37.186661	-99.769671
Assaria	38.680203	-97.604142
Atchison	39.562552	-95.136611
Athol	39.766191	-98.919748
Atlanta	37.435738	-96.766978
Attica	37.242605	-98.227624
Atwood	39.8099	-101.041893
Auburn	38.907756	-95.815555
Augusta	37.698016	-96.97316
Aurora	39.451924	-97.529846
Axtell	39.871258	-96.256896
Baileyville	39.85012	-96.192719
Bala	39.310829	-96.950392
Baldwin City	38.777506	-95.18748
Barnard	39.189171	-98.044252
Barnes	39.711551	-96.873404
Bartlett	37.05486	-95.211569
Basehor	39.135325	-94.929047
Bassett	37.907206	-95.405651
Bavaria	38.795399	-97.75474
Baxter Springs	37.019951	-94.734961
Bazine	38.446126	-99.693006
Beattie	39.862371	-96.41779
Beaumont	37.655975	-96.531814
Beaver	38.64552	-98.673715
Bel Aire	37.775943	-97.246571
Belle Plaine	37.393428	-97.279548
Belleville	39.824337	-97.633855
Beloit	39.464698	-98.10834
Belpre	37.950669	-99.099822
Belvue	39.216297	-96.179001
Bendena	39.743541	-95.181057
Benedict	37.626883	-95.743483
Bennington	39.033146	-97.593228
Bentley	37.886762	-97.514712
Benton	37.788136	-97.107753
Bern	39.961415	-95.971065
Beverly	39.013831	-97.975454
Big Bow	37.560851	-101.557372
Bird City	39.749514	-101.532765
Bison	38.519915	-99.19789
Blue Mound	38.089357	-95.009926
Blue Rapids	39.678439	-96.658901
Bluff City	37.076116	-97.874701
Bogue	39.359522	-99.68739
Bonner Springs	39.075368	-94.871739
Bremen	39.897772	-96.795507
Brewster	39.363054	-101.37713
Bridgeport	38.62714	-97.614004
Bronson	37.895806	-95.073113
Brookville	38.773557	-97.864544
Brownell	38.640619	-99.744275
Bucklin	37.548647	-99.634419
Bucyrus	38.720917	-94.708347
Buffalo	37.709108	-95.69693
Buhler	38.138426	-97.770569
Bunker Hill	38.875298	-98.698938
Burden	37.315609	-96.755372
Burdett	38.193523	-99.526452
Burdick	38.558943	-96.847244
Burlingame	38.751864	-95.835775
Burlington	38.193289	-95.745428
Burns	38.089738	-96.887668
Burr Oak	39.870347	-98.305708
Burrton	38.023719	-97.671452
Bushong	38.6428	-96.256735
Bushton	38.512275	-98.396003
Byers	37.787896	-98.867055
Caldwell	37.034877	-97.608827
Cambridge	37.317776	-96.667166
Caney	37.013573	-95.931931
Canton	38.385862	-97.43005
Carbondale	38.821793	-95.693154
Carlton	38.686663	-97.293159
Cassoday	38.038665	-96.638665
Catharine	38.930206	-99.214353
Cawker City	39.509511	-98.433107
Cedar	39.65712	-98.940178
Cedar Point	38.260047	-96.823743
Cedar Vale	37.105135	-96.502623
Centerville	38.229623	-95.015662
Centralia	39.724413	-96.130955
Centropolis	38.719537	-95.349447
Chanute	37.669661	-95.464162
Chapman	38.974372	-97.023258
Chase	38.35532	-98.348666
Chautauqua	37.023897	-96.177144
Cheney	37.635291	-97.779716
Cherokee	37.345041	-94.821338
Cherryvale	37.269148	-95.553354
Chetopa	37.037437	-95.092249
Chicopee	37.38341	-94.743461
Cimarron	37.80971	-100.345327
Circleville	39.509437	-95.855674
Claflin	38.524577	-98.536855
Clay Center	39.381182	-97.127372
Clayton	39.736866	-100.176484
Clearwater	37.509992	-97.497507
Clifton	39.568095	-97.280552
Climax	37.719168	-96.224032
Clyde	39.59183	-97.400212
Coats	37.51078	-98.825338
Codell	39.195378	-99.170123
Coffeyville	37.032717	-95.65158
Colby	39.384668	-101.045129
Coldwater	37.267543	-99.3234
Collyer	39.037322	-100.11826
Colony	38.072839	-95.362225
Columbus	37.171614	-94.844076
Colwich	37.78181	-97.536277
Concordia	39.566865	-97.646767
Conway Springs	37.389861	-97.642942
Coolidge	38.041425	-102.007819
Copeland	37.54024	-100.628607
Corning	39.657089	-96.028789
Cottonwood Falls	38.368211	-96.542755
Council Grove	38.663149	-96.491782
Courtland	39.783242	-97.896159
Coyville	37.68724	-95.895938
Crestline	37.170073	-94.706448
Croweburg	37.553621	-94.672338
Cuba	39.802346	-97.457422
Cullison	37.630321	-98.905266
Culver	38.970159	-97.759078
Cunningham	37.644623	-98.43113
Damar	39.319152	-99.584459
Danville	37.285952	-97.892071
Dearing	37.053363	-95.695365
Deerfield	37.981869	-101.133182
Delia	39.239365	-95.964992
Delphos	39.274577	-97.764852
Denison	39.393795	-95.628451
Dennis	37.348635	-95.4031
Denton	39.731933	-95.269536
Derby	37.559559	-97.255786
De Soto	38.972306	-94.951141
Detroit	38.935999	-97.126851
Devon	37.922248	-94.815308
Dexter	37.179567	-96.716039
Dighton	38.48101	-100.466367
Dodge City	37.760677	-100.018438
Dorrance	38.846891	-98.590044
Douglass	37.516905	-97.010456
Downs	39.50457	-98.547305
Dresden	39.622762	-100.41905
Dunlap	38.576286	-96.367568
Durham	38.484456	-97.226885
Dwight	38.845213	-96.592181
Earlton	37.587421	-95.469787
Eastborough	37.684623	-97.258588
Easton	39.34554	-95.117128
Eastshore	38.384506	-97.06642
Edgerton	38.790773	-94.943611
Edmond	39.627144	-99.819865
Edna	37.058485	-95.359175
Edson	39.33496	-101.549499
Edwardsville	39.078168	-94.818818
Effingham	39.522909	-95.396919
Elbing	38.05341	-97.128336
El Dorado	37.821624	-96.862203
Elgin	37.001645	-96.280647
Elk City	37.289083	-95.910317
Elk Falls	37.372961	-96.192904
Elkhart	37.003754	-101.894418
Ellinwood	38.357349	-98.583847
Ellis	38.934654	-99.556791
Ellsworth	38.732638	-98.228568
Elmdale	38.372965	-96.645988
Elsmore	37.794175	-95.149913
Elwood	39.751505	-94.893411
Elyria	38.289582	-97.633885
Emmett	39.307314	-96.057609
Emporia	38.402869	-96.192906
Englewood	37.040449	-99.987616
Ensign	37.653118	-100.232823
Enterprise	38.903403	-97.116367
Erie	37.571658	-95.241786
Esbon	39.821841	-98.433716
Eskridge	38.859508	-96.105262
Eudora	38.934664	-95.094123
Eureka	37.826047	-96.289001
Everest	39.676974	-95.424757
Fairview	39.839579	-95.728101
Fairway	39.024525	-94.628718
Fall River	37.607772	-96.028555
Falun	38.674449	-97.751145
Farlington	37.615415	-94.822662
Florence	38.243075	-96.929155
Fontana	38.421515	-94.844657
Ford	37.636652	-99.753778
Formoso	39.77848	-97.992873
Fort Dodge	37.730399	-99.937003
Fort Riley	39.106344	-96.812547
Fort Scott	37.828	-94.704141
Fowler	37.383265	-100.195793
Frankfort	39.704121	-96.417807
Franklin	37.519979	-94.696366
Frederick	38.512859	-98.267582
Fredonia	37.533095	-95.822348
Frontenac	37.458763	-94.700771
Fulton	38.009842	-94.719734
Furley	37.880071	-97.211869
Galatia	38.641082	-98.957757
Galena	37.075194	-94.635517
Galesburg	37.472162	-95.356398
Galva	38.383604	-97.53808
Garden City	37.975022	-100.85087
Garden Plain	37.66225	-97.677288
Gardner	38.811467	-94.929226
Garfield	38.077054	-99.244542
Garland	37.730483	-94.624384
Garnett	38.285873	-95.241231
Gas	37.92257	-95.344956
Gaylord	39.646268	-98.847311
Gem	39.426	-100.897249
Geneseo	38.51702	-98.154473
Geuda Springs	37.111447	-97.150447
Girard	37.508855	-94.84552
Glade	39.683745	-99.311557
Glasco	39.361	-97.836963
Glen Elder	39.500166	-98.30649
Goddard	37.67177	-97.559748
Goessel	38.247072	-97.345742
Goff	39.664116	-95.931762
Goodland	39.348512	-101.713819
Gorham	38.880676	-99.023701
Gove City	38.959462	-100.487071
Grainfield	39.114283	-100.468369
Grandview Plaza	39.032811	-96.792765
Grantville	39.080594	-95.561169
Great Bend	38.359792	-98.799514
Greeley	38.367374	-95.126349
Greeley County unified government (balance)	38.480413	-101.806024
Green	39.430124	-96.999896
Greenleaf	39.726706	-96.979827
Greensburg	37.604875	-99.289569
Greenwich	37.783374	-97.203149
Grenola	37.350289	-96.449671
Gridley	38.10105	-95.881541
Grinnell	39.126617	-100.631071
Gypsum	38.705775	-97.426623
Haddam	39.855282	-97.304262
Hallowell	37.173362	-95.002735
Halstead	38.001757	-97.508522
Hamilton	37.980583	-96.163836
Hamlin	39.915513	-95.62754
Hanover	39.89317	-96.875067
Hanston	38.123008	-99.712712
Hardtner	37.014417	-98.649178
Harper	37.285072	-98.027592
Harris	38.320836	-95.447459
Hartford	38.308378	-95.956649
Harveyville	38.789117	-95.962523
Havana	37.092113	-95.941917
Haven	37.901633	-97.783094
Havensville	39.511228	-96.076352
Haviland	37.617413	-99.105821
Hays	38.882227	-99.322225
Haysville	37.566059	-97.353513
Hazelton	37.089447	-98.401541
Healy	38.603042	-100.61759
Hepler	37.663398	-94.969967
Herington	38.696867	-96.807236
Herkimer	39.892367	-96.708932
Herndon	39.90916	-100.786496
Hesston	38.140072	-97.426984
Hiawatha	39.851686	-95.537965
Highland	39.860407	-95.265269
Hill City	39.368726	-99.840476
Hillsboro	38.352652	-97.199572
Hillsdale	38.661396	-94.856905
Hoisington	38.518063	-98.777375
Holcomb	37.985983	-100.993619
Hollenberg	39.98105	-96.991914
Holton	39.469861	-95.732555
Holyrood	38.587748	-98.410685
Home	39.841028	-96.519378
Hope	38.691222	-97.076496
Horace	38.476841	-101.790499
Horton	39.663791	-95.532532
Howard	37.469432	-96.263019
Hoxie	39.355828	-100.439844
Hoyt	39.249358	-95.707921
Hudson	38.104878	-98.660685
Hugoton	37.174515	-101.344693
Humboldt	37.812392	-95.436146
Hunnewell	37.004128	-97.407613
Hunter	39.235043	-98.396117
Huron	39.638233	-95.351199
Hutchinson	38.067291	-97.90952
Idana	39.361521	-97.266409
Independence	37.232948	-95.71363
Ingalls	37.828578	-100.453323
Inman	38.232423	-97.772212
Iola	37.927427	-95.400669
Ionia	39.662632	-98.343964
Isabel	37.467151	-98.551517
Iuka	37.729006	-98.732717
Jamestown	39.599548	-97.861255
Jennings	39.680547	-100.293208
Jetmore	37.98662	-99.8847
Jewell	39.671551	-98.152408
Johnson City	37.570442	-101.744783
Junction City	39.02722	-96.852271
Kanopolis	38.708111	-98.158069
Kanorado	39.336542	-102.037255
Kansas City	39.122539	-94.741781
Keats	39.216782	-96.707417
Kechi	37.794756	-97.26646
Kelly	39.736844	-96.000723
Kensington	39.766702	-99.03285
Kickapoo Site 1	39.714452	-95.648428
Kickapoo Site 2	39.702941	-95.649533
Kickapoo Site 5	39.673481	-95.684199
Kickapoo Site 6	39.691751	-95.690494
Kickapoo Site 7	39.689531	-95.671328
Kickapoo Tribal Center	39.672245	-95.645276
Kincaid	38.080732	-95.156157
Kingman	37.647712	-98.115993
Kinsley	37.922377	-99.411407
Kiowa	37.017405	-98.484819
Kipp	38.78499	-97.456822
Kirwin	39.669807	-99.12175
Kismet	37.204485	-100.70166
Labette	37.230015	-95.18355
La Crosse	38.531837	-99.309498
La Cygne	38.347833	-94.761793
Lafontaine	37.399839	-95.842408
La Harpe	37.916446	-95.30305
Lake City	37.356957	-98.827864
Lake Quivira	39.04019	-94.768526
Lakin	37.940016	-101.258444
Lancaster	39.571159	-95.303712
Lane	38.440047	-95.082091
Langdon	37.853192	-98.32418
Lansing	39.242592	-94.89632
Larned	38.18339	-99.101261
Latham	37.535587	-96.642529
Latimer	38.738592	-96.84596
Lawrence	38.960029	-95.26293
Leavenworth	39.322717	-94.925013
Leawood	38.907263	-94.62524
Lebanon	39.810176	-98.557294
Lebo	38.416179	-95.862482
Lecompton	39.025851	-95.395034
Lehigh	38.374407	-97.30241
Lenexa	38.965268	-94.803937
Lenora	39.610868	-100.001406
Leon	37.689745	-96.783771
Leona	39.785986	-95.321367
Leonardville	39.36405	-96.859637
Leoti	38.483388	-101.357648
LeRoy	38.085957	-95.63297
Levant	39.388111	-101.194773
Lewis	37.937028	-99.254671
Liberal	37.046108	-100.927706
Liberty	37.156361	-95.597674
Liebenthal	38.654479	-99.320027
Lincoln Center	39.042955	-98.146737
Lincolnville	38.494273	-96.961481
Lindsborg	38.577142	-97.674009
Linn	39.67929	-97.086794
Linn Valley	38.375386	-94.710899
Linwood	39.001999	-95.037101
Little River	38.398214	-98.014947
Logan	39.661656	-99.567282
Lone Elm	38.079628	-95.243056
Longford	39.172096	-97.329074
Long Island	39.946121	-99.533914
Longton	37.377463	-96.081839
Lorraine	38.569049	-98.317331
Lost Springs	38.566619	-96.965767
Louisburg	38.620506	-94.677082
Louisville	39.249865	-96.314479
Lowell	37.051305	-94.70267
Lucas	39.058653	-98.537708
Ludell	39.856568	-100.958426
Luray	39.114989	-98.692151
Lyndon	38.611908	-95.684424
Lyons	38.346138	-98.204672
McConnell AFB	37.634437	-97.258492
McCracken	38.582085	-99.568446
McCune	37.353804	-95.019203
McDonald	39.784746	-101.370194
McFarland	39.054691	-96.237983
Macksville	37.95723	-98.968862
McLouth	39.196439	-95.208614
McPherson	38.369881	-97.664518
Madison	38.133558	-96.13718
Mahaska	39.987269	-97.353609
Maize	37.77486	-97.459134
Manchester	39.093313	-97.320156
Manhattan	39.188307	-96.605864
Mankato	39.787339	-98.208267
Manter	37.524515	-101.883166
Maple Hill	39.085423	-96.028015
Mapleton	38.015693	-94.884081
Marienthal	38.48908	-101.220035
Marion	38.353315	-97.007777
Marquette	38.555844	-97.834428
Marysville	39.84369	-96.638878
Matfield Green	38.159651	-96.562014
Mayetta	39.338642	-95.721806
Mayfield	37.263088	-97.540402
Meade	37.283612	-100.343022
Medicine Lodge	37.285137	-98.581185
Melvern	38.507339	-95.637764
Menlo	39.356106	-100.72425
Mentor	38.740665	-97.597925
Meriden	39.189512	-95.568127
Merriam	39.017607	-94.693955
Milan	37.257474	-97.673998
Mildred	38.024205	-95.172299
Milford	39.172929	-96.910427
Milton	37.443211	-97.769393
Miltonvale	39.349571	-97.452302
Minneapolis	39.124289	-97.699655
Minneola	37.442029	-100.013078
Mission	39.026774	-94.656962
Mission Hills	39.014035	-94.617552
Mission Woods	39.034188	-94.610605
Moline	37.36365	-96.302384
Montezuma	37.59242	-100.450087
Mont Ida	38.216923	-95.364009
Monument	39.104992	-101.008059
Moran	37.916542	-95.171429
Morganville	39.466715	-97.203674
Morland	39.348999	-100.074352
Morrill	39.929169	-95.694323
Morrowville	39.845303	-97.172769
Moscow	37.325106	-101.206777
Mound City	38.139532	-94.821245
Moundridge	38.201912	-97.514802
Mound Valley	37.207018	-95.404763
Mount Hope	37.872566	-97.655168
Mulberry	37.556082	-94.623442
Mullinville	37.588574	-99.47556
Mulvane	37.476451	-97.235365
Munden	39.912633	-97.53845
Munjor	38.808856	-99.267461
Murdock	37.611115	-97.931648
Muscotah	39.553567	-95.520419
Narka	39.959763	-97.426729
Nashville	37.438445	-98.422751
Natoma	39.188486	-99.024156
Navarre	38.801737	-97.107739
Neal	37.833753	-96.080848
Neodesha	37.424177	-95.684586
Neosho Falls	38.006009	-95.555289
Neosho Rapids	38.368481	-95.991856
Ness City	38.454055	-99.904656
Netawaka	39.602967	-95.718909
New Albany	37.567822	-95.936288
Newbury	39.082363	-96.174106
New Cambria	38.879046	-97.506602
New Salem	37.314282	-96.889719
New Strawn	38.264027	-95.742731
Newton	38.037683	-97.345018
Nickerson	38.148899	-98.08826
Nicodemus	39.386144	-99.613519
Niles	38.968842	-97.457474
Niotaze	37.067346	-96.014469
Norcatur	39.834753	-100.188804
North Newton	38.077603	-97.346315
Norton	39.836219	-99.891596
Nortonville	39.415419	-95.330042
Norway	39.696533	-97.77377
Norwich	37.457242	-97.847916
Oak Hill	39.246544	-97.342954
Oaklawn-Sunview	37.608411	-97.298464
Oakley	39.123456	-100.844973
Oberlin	39.82304	-100.530737
Odin	38.573005	-98.616693
Offerle	37.890723	-99.56035
Ogallah	38.994596	-99.732583
Ogden	39.11092	-96.702353
Oketo	39.96323	-96.598951
Olathe	38.882031	-94.820054
Olivet	38.481496	-95.751276
Olmitz	38.516444	-98.936644
Olpe	38.264738	-96.165072
Olsburg	39.432095	-96.615959
Onaga	39.489283	-96.170241
Oneida	39.866799	-95.93982
Opolis	37.348316	-94.624352
Osage City	38.634098	-95.821002
Osawatomie	38.49993	-94.945895
Osborne	39.440452	-98.699469
Oskaloosa	39.215988	-95.314713
Oswego	37.167641	-95.112052
Otis	38.5348	-99.053498
Ottawa	38.60008	-95.262777
Overbrook	38.779367	-95.556967
Overland Park	38.889042	-94.690584
Oxford	37.273704	-97.169349
Ozawkie	39.235333	-95.465837
Palco	39.25321	-99.563541
Palmer	39.632875	-97.140377
Paola	38.57893	-94.860401
Paradise	39.114525	-98.918444
Park	39.111786	-100.361362
Park City	37.808385	-97.325287
Parker	38.328646	-94.989179
Parkerfield	37.067798	-96.995578
Parkerville	38.763315	-96.66092
Parsons	37.334013	-95.264998
Partridge	37.966874	-98.092259
Pawnee Rock	38.264941	-98.98235
Paxico	39.068904	-96.167021
Peabody	38.168306	-97.104348
Peck	37.477724	-97.36948
Penalosa	37.71565	-98.320248
Perry	39.073876	-95.387528
Peru	37.08033	-96.096138
Phillipsburg	39.751215	-99.320973
Piedmont	37.615291	-96.379285
Pierceville	37.88241	-100.676805
Pilsen	38.467952	-97.034406
Piqua	37.921704	-95.537682
Pittsburg	37.412576	-94.69834
Plains	37.264239	-100.589759
Plainville	39.234109	-99.30085
Pleasanton	38.177877	-94.705328
Plevna	37.97162	-98.309592
Pomona	38.611184	-95.454439
Portis	39.563743	-98.691582
Potwin	37.938624	-97.01835
Powhattan	39.761734	-95.634011
Prairie View	39.831989	-99.573294
Prairie Village	38.986835	-94.636195
Pratt	37.698576	-98.765936
Prescott	38.063122	-94.692512
Preston	37.758445	-98.557787
Pretty Prairie	37.780063	-98.022482
Princeton	38.486239	-95.270092
Protection	37.200391	-99.480775
Quenemo	38.580223	-95.526614
Quinter	39.066626	-100.234742
Radium	38.173812	-98.894475
Radley	37.484928	-94.762042
Ramona	38.597867	-97.063699
Randall	39.641613	-98.045572
Randolph	39.429359	-96.759431
Ransom	38.636525	-99.932724
Rantoul	38.548394	-95.100897
Raymond	38.277972	-98.414314
Reading	38.519149	-95.957377
Redfield	37.836556	-94.881987
Republic	39.923935	-97.824472
Reserve	39.97696	-95.565145
Rexford	39.470415	-100.743906
Richfield	37.265276	-101.782786
Richmond	38.400333	-95.251949
Riley	39.299222	-96.827775
Ringo	37.506274	-94.769887
Riverton	37.073242	-94.70697
Robinson	39.815538	-95.411582
Rock	37.441789	-97.007062
Roeland Park	39.035854	-94.637409
Rolla	37.117929	-101.63183
Rosalia	37.815847	-96.625002
Rose Hill	37.570271	-97.136044
Roseland	37.280487	-94.843845
Rossville	39.135799	-95.949624
Roxbury	38.550549	-97.427721
Rozel	38.195387	-99.403253
Rush Center	38.46488	-99.310798
Russell	38.887455	-98.851392
Russell Springs	38.912778	-101.17574
Sabetha	39.910228	-95.792832
St. Benedict	39.892851	-96.102919
St. Francis	39.771479	-101.801428
St. George	39.192606	-96.418284
St. John	38.000024	-98.761071
St. Marks	37.7393	-97.55908
St. Marys	39.194168	-96.064174
St. Paul	37.51841	-95.174091
Salina	38.813085	-97.614477
Satanta	37.437777	-100.988043
Savonburg	37.749136	-95.141834
Sawyer	37.498457	-98.682951
Scammon	37.279173	-94.823556
Scandia	39.796886	-97.784001
Schoenchen	38.712895	-99.332255
Scott City	38.478872	-100.903053
Scottsville	39.542577	-97.952304
Scranton	38.778028	-95.74109
Sedan	37.128456	-96.184825
Sedgwick	37.918059	-97.420164
Selden	39.541447	-100.567185
Seneca	39.837998	-96.069608
Severance	39.766819	-95.249236
Severy	37.621955	-96.227525
Seward	38.177828	-98.794281
Shallow Water	38.373774	-100.910446
Sharon	37.249734	-98.417669
Sharon Springs	38.894334	-101.751163
Shawnee	39.017488	-94.805801
Silverdale	37.042394	-96.901749
Silver Lake	39.099849	-95.856655
Simpson	39.386038	-97.934005
Smith Center	39.773939	-98.783474
Smolan	38.738116	-97.684352
Soldier	39.537227	-95.965584
Solomon	38.921471	-97.369235
Somerset	38.604854	-94.779367
South Haven	37.049495	-97.401264
South Hutchinson	38.023082	-97.944845
South Mound	37.436028	-95.219853
Spearville	37.848067	-99.754714
Speed	39.676325	-99.42099
Spivey	37.44839	-98.165734
Spring Hill	38.756685	-94.820976
Stafford	37.962372	-98.599332
Stark	37.68972	-95.144108
Sterling	38.209293	-98.206463
Stockton	39.425124	-99.276399
Strong City	38.395431	-96.536666
Stuttgart	39.799521	-99.454667
Sublette	37.482226	-100.846492
Summerfield	39.99687	-96.349293
Sun City	37.378518	-98.916813
Susank	38.640677	-98.774491
Sycamore	37.318641	-95.715476
Sylvan Grove	39.012291	-98.394369
Sylvia	37.95887	-98.408674
Syracuse	37.953578	-101.796759
Talmage	39.02689	-97.259713
Tampa	38.548087	-97.154181
Tecumseh	39.034955	-95.57965
Tescott	39.01297	-97.878286
Thayer	37.489012	-95.47674
The Highlands	38.165949	-97.949637
Timken	38.473175	-99.177998
Tipton	39.33951	-98.470904
Tonganoxie	39.10789	-95.07909
Topeka	39.03468	-95.694825
Toronto	37.798525	-95.949752
Towanda	37.792511	-96.993066
Tribune	38.472037	-101.754525
Troy	39.785178	-95.094088
Turon	37.807537	-98.42775
Tyro	37.038569	-95.824277
Udall	37.389028	-97.117673
Ulysses	37.577342	-101.354864
Uniontown	37.847198	-94.975688
Urbana	37.557959	-95.399858
Utica	38.642705	-100.169767
Valley Center	37.833615	-97.36495
Valley Falls	39.339329	-95.461198
Vassar	38.648597	-95.610011
Vermillion	39.718858	-96.265066
Victoria	38.853758	-99.147397
Vining	39.567319	-97.293613
Viola	37.482855	-97.644393
Virgil	37.9805	-96.011209
Wabaunsee	39.143642	-96.342309
Wakarusa	38.893829	-95.70491
WaKeeney	39.023449	-99.881455
Wakefield	39.21639	-97.018779
Waldo	39.120026	-98.798325
Waldron	37.001753	-98.182545
Wallace	38.912663	-101.593016
Walnut	37.603628	-95.074138
Walton	38.118663	-97.258257
Wamego	39.205263	-96.310126
Washington	39.815798	-97.048422
Waterville	39.691738	-96.746774
Wathena	39.761058	-94.927518
Waverly	38.395809	-95.605082
Wayside	37.126402	-95.870237
Webber	39.934371	-98.035063
Weir	37.309594	-94.774468
Welda	38.172177	-95.291643
Wellington	37.278109	-97.406672
Wells	39.139086	-97.551183
Wellsville	38.717662	-95.077862
Weskan	38.865253	-101.968141
West Mineral	37.283906	-94.926801
Westmoreland	39.39416	-96.41367
Westphalia	38.182184	-95.490351
Westwood	39.039379	-94.61558
Westwood Hills	39.038905	-94.609664
Wetmore	39.63558	-95.811378
Wheaton	39.502205	-96.318574
White City	38.793344	-96.734992
White Cloud	39.974342	-95.299039
Whitewater	37.96356	-97.146028
Whiting	39.587874	-95.6112
Wichita	37.690638	-97.345836
Willard	39.094061	-95.942916
Williamsburg	38.481056	-95.467501
Williamstown	39.064201	-95.332323
Willis	39.722642	-95.505789
Willowbrook	38.10117	-97.991932
Wilmore	37.335036	-99.210197
Wilroads Gardens	37.715279	-99.926841
Wilsey	38.635718	-96.676455
Wilson	38.825332	-98.474923
Winchester	39.32272	-95.26916
Windom	38.384134	-97.910165
Winfield	37.242774	-96.979674
Winona	39.061717	-101.244927
Woodbine	38.795602	-96.959307
Woodruff	39.987637	-99.431559
Woodston	39.453885	-99.098307
Wright	37.775286	-99.890469
Yale	37.4894	-94.647355
Yates Center	37.867484	-95.75481
Yoder	37.945462	-97.86811
Zeandale	39.162791	-96.427893
Zenda	37.444077	-98.281996
Zurich	39.232265	-99.4347
Adairville	36.67504	-86.858204
Ages	36.859361	-83.241591
Albany	36.690546	-85.135489
Alexandria	38.967818	-84.384601
Allen	37.61157	-82.729063
Allensville	36.717032	-87.068586
Anchorage	38.269786	-85.537633
Annville	37.331655	-83.962758
Anthoston	37.755117	-87.528404
Arjay	36.806136	-83.642083
Arlington	36.789805	-89.013153
Artemus	36.837512	-83.84
Ashland	38.459492	-82.645081
Auburn	36.864533	-86.709646
Audubon Park	38.205002	-85.727013
Augusta	38.77262	-84.000201
Auxier	37.734988	-82.767631
Bancroft	38.286423	-85.610396
Bandana	37.144901	-88.942121
Barbourmeade	38.298579	-85.600914
Barbourville	36.865741	-83.883225
Bardstown	37.817665	-85.455345
Bardwell	36.875352	-89.008943
Barlow	37.05079	-89.044991
Beattyville	37.586809	-83.70688
Beaver Dam	37.403758	-86.873606
Bedford	38.596242	-85.317138
Beech Grove	37.62126	-87.387256
Beechmont	37.169309	-87.039144
Beechwood Village	38.25668	-85.629554
Belfry	37.619408	-82.268434
Bellefonte	38.498682	-82.69032
Bellemeade	38.25098	-85.591026
Belleview	38.981315	-84.826847
Bellevue	39.101248	-84.477492
Bellewood	38.260825	-85.659376
Benham	36.964197	-82.951756
Benton	36.848003	-88.36165
Berea	37.589296	-84.294502
Berry	38.518409	-84.381661
Betsy Layne	37.552007	-82.62473
Big Clifty	37.544999	-86.15097
Blackey	37.137159	-82.985603
Blaine	38.025213	-82.843245
Blandville	36.945955	-88.963573
Bloomfield	37.913637	-85.315553
Blue Ridge Manor	38.243407	-85.564699
Bonnieville	37.377687	-85.901509
Booneville	37.473465	-83.682773
Boston	37.781189	-85.687244
Bowling Green	36.975653	-86.435962
Bradfordsville	37.494725	-85.145042
Brandenburg	37.996955	-86.180328
Breckinridge Center	37.6833	-87.865417
Bremen	37.363729	-87.222204
Briarwood	38.278087	-85.592483
Brodhead	37.406538	-84.416616
Broeck Pointe	38.295908	-85.585145
Bromley	39.077713	-84.561327
Brooks	38.06653	-85.716504
Brooksville	38.679432	-84.06532
Brownsboro Farm	38.303624	-85.593025
Brownsboro Village	38.262917	-85.665854
Brownsville	37.194914	-86.265255
Buckhorn	37.34661	-83.469802
Buckner	38.389919	-85.452558
Buffalo	37.506995	-85.698986
Burgin	37.757493	-84.760655
Burkesville	36.790074	-85.364614
Burlington	39.02229	-84.721647
Burna	37.244806	-88.35788
Burnside	37.004307	-84.643673
Butler	38.787476	-84.371242
Cadiz	36.861544	-87.817206
Calhoun	37.540312	-87.259037
California	38.918418	-84.263563
Calvert City	37.046422	-88.395537
Camargo	37.999694	-83.888489
Cambridge	38.221736	-85.616975
Campbellsburg	38.513715	-85.231708
Campbellsville	37.34392	-85.352238
Campton	37.735161	-83.547241
Caneyville	37.42298	-86.499732
Cannonsburg	38.380841	-82.696428
Carlisle	38.315787	-84.03337
Carrollton	38.679621	-85.165764
Carrsville	37.398039	-88.375361
Catlettsburg	38.417041	-82.603017
Cave City	37.139504	-85.964426
Cawood	36.79156	-83.232515
Cayce	36.559202	-89.034252
Cecilia	37.661742	-85.948848
Centertown	37.417761	-86.995962
Central City	37.296777	-87.128988
Cerulean	36.95137	-87.714515
Chaplin	37.899121	-85.220977
Clarkson	37.492904	-86.227045
Claryville	38.914	-84.409519
Clay	37.47586	-87.820311
Clay City	37.86076	-83.929701
Cleaton	37.251421	-87.09063
Clinton	36.665793	-88.994089
Cloverport	37.830913	-86.630159
Coal Run Village	37.532973	-82.554398
Coldiron	36.828288	-83.452879
Cold Spring	39.015632	-84.434455
Coldstream	38.314275	-85.526321
Columbia	37.103437	-85.307537
Columbus	36.759751	-89.101907
Combs	37.269213	-83.215709
Concord	38.688146	-83.492079
Corbin	36.931584	-84.10079
Corinth	38.499633	-84.608194
Corydon	37.739611	-87.706652
Covington	39.035109	-84.519648
Coxton	36.858625	-83.270906
Crab Orchard	37.462313	-84.507019
Crayne	37.282626	-88.086164
Creekside	38.291516	-85.570017
Crescent Springs	39.056162	-84.57982
Crestview	39.024615	-84.415616
Crestview Hills	39.024344	-84.569906
Crestwood	38.343668	-85.477656
Crittenden	38.788501	-84.601918
Crofton	37.047926	-87.483496
Crossgate	38.279274	-85.629606
Cumberland	36.986971	-82.996098
Cunningham	36.912289	-88.887199
Curdsville	37.736065	-87.332439
Cynthiana	38.382954	-84.301757
Danville	37.639256	-84.776013
Dawson Springs	37.17424	-87.688598
Dayton	39.112308	-84.46284
Dexter	36.7394	-88.295999
Diablock	37.228549	-83.170957
Dixon	37.513677	-87.688432
Doe Valley	37.976261	-86.107918
Douglass Hills	38.23609	-85.553202
Dover	38.75669	-83.888348
Drakesboro	37.217302	-87.049945
Druid Hills	38.264936	-85.661769
Dry Ridge	38.685414	-84.600215
Dunmor	37.076178	-86.986018
Dwale	37.626668	-82.731295
Earlington	37.275163	-87.506135
East Bernstadt	37.192677	-84.129211
Eddyville	37.077409	-88.074945
Edgewood	39.008725	-84.55988
Edmonton	36.985237	-85.622284
Ekron	37.930252	-86.176395
Elizabethtown	37.704002	-85.878881
Elizaville	38.41498	-83.820152
Elk Creek	38.115191	-85.37163
Elkhorn City	37.3203	-82.352334
Elkton	36.816081	-87.161139
Elsmere	38.99367	-84.60188
Eminence	38.363687	-85.176904
Emlyn	36.699271	-84.141922
Erlanger	39.039429	-84.600135
Eubank	37.278412	-84.652572
Evarts	36.865066	-83.192506
Ewing	38.427754	-83.862066
Ezel	37.891396	-83.443528
Fairfield	37.931209	-85.386124
Fairview	36.842226	-87.310768
Fairview	38.999132	-84.483353
Falmouth	38.671796	-84.330855
Fancy Farm	36.800734	-88.793673
Farley	37.039997	-88.572895
Farmers	38.137206	-83.542951
Farmington	36.669248	-88.528572
Ferguson	37.062755	-84.598642
Fincastle	38.308194	-85.541468
Flat Lick	36.834463	-83.761607
Flatwoods	38.523148	-82.719299
Fleming-Neon	37.199025	-82.703315
Flemingsburg	38.424568	-83.740487
Florence	38.993405	-84.648186
Fordsville	37.634843	-86.718345
Forest Hills	38.216769	-85.585637
Fort Campbell North	36.663198	-87.47648
Fort Knox	37.891641	-85.967151
Fort Mitchell	39.045546	-84.556154
Fort Thomas	39.082436	-84.457111
Fort Wright	39.045754	-84.536071
Fountain Run	36.726047	-85.956233
Fox Chase	38.045029	-85.69063
Francisville	39.10675	-84.727714
Frankfort	38.194966	-84.865877
Franklin	36.718029	-86.557576
Fredonia	37.20783	-88.061725
Freeburn	37.561957	-82.151368
Frenchburg	37.953412	-83.622852
Fulton	36.514477	-88.882391
Gamaliel	36.640297	-85.793521
Garrison	38.606721	-83.181911
Georgetown	38.260181	-84.534921
Germantown	38.655922	-83.964156
Ghent	38.732485	-85.063734
Gilbertsville	37.024782	-88.310973
Glasgow	37.004842	-85.925876
Glencoe	38.72499	-84.823276
Glenview	38.301619	-85.652127
Glenview Hills	38.295174	-85.638332
Glenview Manor	38.290719	-85.633199
Goose Creek	38.293409	-85.589562
Goshen	38.403427	-85.58372
Gracey	36.879411	-87.663697
Grand Rivers	37.004736	-88.23184
Gratz	38.47342	-84.946449
Graymoor-Devondale	38.273241	-85.616647
Grayson	38.333895	-82.935811
Greensburg	37.259499	-85.49335
Green Spring	38.316691	-85.614555
Greenup	38.571798	-82.826295
Greenville	37.210487	-87.177572
Guthrie	36.651281	-87.171473
Hanson	37.418766	-87.480694
Hardin	36.76506	-88.302175
Hardinsburg	37.771444	-86.450842
Hardyville	37.254159	-85.793336
Harlan	36.841269	-83.319484
Harrodsburg	37.768072	-84.848781
Hartford	37.45338	-86.889849
Hawesville	37.892121	-86.755526
Hazard	37.260506	-83.198235
Hazel	36.505471	-88.325254
Hazel Green	37.802792	-83.419791
Hebron	39.063817	-84.708281
Hebron Estates	38.050051	-85.668132
Henderson	37.838416	-87.580971
Hendron	37.033087	-88.645602
Heritage Creek	38.090735	-85.609209
Hickman	36.566636	-89.184029
Hickory	36.81737	-88.647909
Hickory Hill	38.287707	-85.567875
High Bridge	37.831885	-84.704372
Highland Heights	39.035525	-84.45658
Hills and Dales	38.300236	-85.623978
Hillview	38.06198	-85.696525
Hindman	37.334999	-82.981897
Hiseville	37.10007	-85.815432
Hodgenville	37.563367	-85.731155
Hollow Creek	38.152645	-85.624468
Hollyvilla	38.092771	-85.748111
Hopkinsville	36.839284	-87.473544
Horse Cave	37.169795	-85.91719
Houston Acres	38.214826	-85.614484
Hunters Hollow	38.078357	-85.6933
Hurstbourne	38.239385	-85.591435
Hurstbourne Acres	38.220205	-85.590655
Hustonville	37.479949	-84.814112
Hyden	37.156789	-83.375755
Independence	38.957442	-84.547372
Indian Hills	38.288218	-85.670877
Inez	37.869342	-82.539801
Ironville	38.457474	-82.6986
Irvine	37.696432	-83.968343
Irvington	37.878074	-86.285528
Island	37.44258	-87.147199
Jackson	37.565446	-83.376244
Jamestown	36.990587	-85.06443
Jeff	37.210779	-83.138459
Jeffersontown	38.205547	-85.569661
Jeffersonville	37.974536	-83.85546
Jenkins	37.169495	-82.647968
Junction City	37.585247	-84.78929
Keene	37.942173	-84.642798
Kenton Vale	39.051436	-84.519894
Kenvir	36.853131	-83.153816
Kevil	37.084213	-88.882921
Kingsley	38.221933	-85.672657
Knottsville	37.772971	-86.911503
Kuttawa	37.060467	-88.114389
La Center	37.074919	-88.975058
LaFayette	36.660214	-87.658132
La Grange	38.397251	-85.376804
Lakeside Park	39.034204	-84.566756
Lakeview Heights	38.152026	-83.504312
Lancaster	37.616956	-84.581818
Langdon Place	38.286552	-85.58492
Lawrenceburg	38.033873	-84.904701
Lebanon	37.570164	-85.260129
Lebanon Junction	37.835239	-85.722355
Ledbetter	37.052414	-88.496814
Leitchfield	37.48624	-86.284687
Lewisburg	36.98723	-86.950188
Lewisport	37.930668	-86.902816
Lexington-Fayette urban county	38.040678	-84.458272
Liberty	37.317988	-84.930487
Lincolnshire	38.223784	-85.62156
Livermore	37.492045	-87.134135
Livingston	37.29718	-84.215093
London	37.109952	-84.081679
Loretto	37.642039	-85.393147
Louisa	38.111611	-82.61517
Louisville	38.224728	-85.740614
Louisville/Jefferson County metro government (balance)	38.165376	-85.647377
Lovelaceville	36.967427	-88.832446
Lowes	36.882838	-88.766366
Loyall	36.851937	-83.349013
Ludlow	39.088749	-84.548476
Lynch	36.964178	-82.914259
Lyndon	38.263001	-85.587871
Lynnview	38.179135	-85.711215
McCarr	37.61778	-82.170574
McDowell	37.46017	-82.728012
Maceo	37.85631	-86.993641
McHenry	37.377828	-86.922694
McKee	37.430203	-83.985628
McKinney	37.453318	-84.758653
Mackville	37.734077	-85.069651
McRoberts	37.221077	-82.667983
Madisonville	37.341036	-87.503475
Magnolia	37.45654	-85.734686
Manchester	37.148067	-83.763792
Manitou	37.37395	-87.575537
Manor Creek	38.297913	-85.588201
Marion	37.331666	-88.081244
Marrowbone	36.834803	-85.503116
Martin	37.566755	-82.760342
Maryhill Estates	38.266379	-85.653229
Masonville	37.672112	-87.056086
Massac	37.032071	-88.686155
Mayfield	36.737459	-88.644491
Mayking	37.136254	-82.774607
Mays Lick	38.51977	-83.846142
Maysville	38.650015	-83.792961
Maytown	37.533495	-82.801483
Meadowbrook Farm	38.278271	-85.574311
Meadow Vale	38.283323	-85.572513
Meadowview Estates	38.223054	-85.635686
Melbourne	39.031927	-84.370706
Mentor	38.890848	-84.248201
Middlesborough	36.613468	-83.722453
Middletown	38.242082	-85.520741
Midway	38.146461	-84.686144
Millersburg	38.305154	-84.143153
Millstone	37.163373	-82.749749
Milton	38.72226	-85.380318
Mockingbird Valley	38.270389	-85.679309
Monterey	38.4248	-84.871441
Monticello	36.841142	-84.851327
Moorland	38.272402	-85.580252
Morehead	38.190026	-83.449072
Morganfield	37.688895	-87.881394
Morgantown	37.21741	-86.700155
Mortons Gap	37.2422	-87.467543
Moseleyville	37.679486	-87.19565
Mount Olivet	38.530874	-84.033867
Mount Sterling	38.065465	-83.948822
Mount Vernon	37.357071	-84.332869
Mount Washington	38.042622	-85.556024
Muldraugh	37.936572	-85.991515
Munfordville	37.27887	-85.898704
Murray	36.614202	-88.322075
Murray Hill	38.290888	-85.587644
Nebo	37.383211	-87.641568
New Castle	38.433564	-85.169238
New Haven	37.659187	-85.589135
New Hope	37.62605	-85.503954
Newport	39.0861	-84.486933
Nicholasville	37.889969	-84.566825
Norbourne Estates	38.246551	-85.646517
North Corbin	36.965634	-84.095575
Northfield	38.285765	-85.636266
North Middletown	38.142537	-84.110202
Nortonville	37.185089	-87.45545
Norwood	38.252175	-85.610868
Oakbrook	38.996731	-84.680417
Oak Grove	36.673774	-87.422506
Oakland	37.046199	-86.246902
Old Brownsboro Place	38.28928	-85.613135
Olive Hill	38.305839	-83.168204
Oneida	37.272878	-83.647116
Onton	37.561373	-87.43933
Orchard Grass Hills	38.321708	-85.523181
Owensboro	37.757146	-87.116725
Owenton	38.539027	-84.839225
Owingsville	38.136568	-83.755352
Paducah	37.070892	-88.644477
Paintsville	37.820304	-82.805967
Panther	37.639467	-87.228259
Paris	38.200157	-84.272689
Park City	37.093499	-86.048077
Park Hills	39.06713	-84.532674
Parkway Village	38.211308	-85.738108
Pathfork	36.76222	-83.474259
Payne Gap	37.147722	-82.671108
Pembroke	36.774545	-87.359488
Perryville	37.650182	-84.950771
Petersburg	39.047618	-84.853725
Pewee Valley	38.312178	-85.489569
Phelps	37.509058	-82.160558
Philpot	37.735181	-87.000357
Pikeville	37.476891	-82.528796
Pine Knot	36.665597	-84.439748
Pineville	36.747515	-83.706854
Pioneer Village	38.056261	-85.679328
Pippa Passes	37.334244	-82.873346
Plano	36.877183	-86.416528
Plantation	38.283384	-85.593578
Pleasant Ridge	37.595399	-86.992492
Pleasant View	36.679194	-84.127988
Pleasureville	38.35151	-85.111163
Plum Springs	37.022806	-86.380119
Poole	37.639557	-87.648004
Poplar Hills	38.178011	-85.693006
Powderly	37.239409	-87.153865
Prestonsburg	37.681556	-82.76587
Prestonville	38.682048	-85.193543
Princeton	37.106477	-87.884902
Prospect	38.346892	-85.608871
Providence	37.39908	-87.751666
Pryorsburg	36.689842	-88.706433
Rabbit Hash	38.929206	-84.852074
Raceland	38.537369	-82.73875
Radcliff	37.820058	-85.936371
Ravenna	37.686986	-83.950234
Raywick	37.562313	-85.436291
Reidland	37.008198	-88.526997
Richlawn	38.254671	-85.641203
Richmond	37.729145	-84.299364
Rineyville	37.742249	-85.966409
River Bluff	38.37192	-85.604041
Riverwood	38.283565	-85.661871
Robards	37.67858	-87.534629
Rochester	37.20863	-86.89237
Rockholds	36.831563	-84.107664
Rockport	37.337839	-86.988984
Rolling Fields	38.268926	-85.670841
Rolling Hills	38.28251	-85.578404
Rosine	37.454984	-86.736351
Russell	38.513035	-82.696048
Russell Springs	37.050696	-85.080481
Russellville	36.839518	-86.895579
Ryland Heights	38.980272	-84.432207
Sacramento	37.416599	-87.267897
Sadieville	38.387768	-84.551346
St. Charles	37.190546	-87.549655
St. Joseph	37.69229	-87.328458
St. Mary	37.582523	-85.341478
St. Matthews	38.249334	-85.637758
St. Regis Park	38.228699	-85.616826
Salem	37.264664	-88.241185
Salt Lick	38.119484	-83.615675
Salvisa	37.925519	-84.863194
Salyersville	37.741893	-83.063584
Sanders	38.654728	-84.946727
Sandy Hook	38.093366	-83.122628
Sardis	38.533567	-83.951689
Science Hill	37.173216	-84.633655
Scottsville	36.749261	-86.207621
Sebree	37.601221	-87.511459
Sedalia	36.648588	-88.601387
Seneca Gardens	38.228037	-85.676395
Sharpsburg	38.201662	-83.925106
Shelbyville	38.2068	-85.23062
Shepherdsville	37.981425	-85.702007
Shively	38.198839	-85.813916
Silver Grove	39.040106	-84.400325
Simpsonville	38.216856	-85.349602
Slaughters	37.489607	-87.505281
Smithfield	38.386589	-85.254816
Smithland	37.138794	-88.404811
Smiths Grove	37.050205	-86.208076
Somerset	37.086473	-84.60535
Sonora	37.532294	-85.895608
Sorgho	37.74587	-87.212854
South Carrollton	37.335337	-87.140168
Southgate	39.064135	-84.470578
South Park View	38.118416	-85.719954
South Shore	38.721936	-82.964164
South Wallins	36.810909	-83.400029
South Williamson	37.663198	-82.287764
Sparta	38.695435	-84.906136
Spottsville	37.85517	-87.419338
Springfield	37.69391	-85.222892
Spring Mill	38.14361	-85.631572
Spring Valley	38.29689	-85.610149
Stamping Ground	38.270881	-84.679832
Stanford	37.530739	-84.657031
Stanley	37.818811	-87.240587
Stanton	37.849199	-83.855609
Stearns	36.694321	-84.474473
Strathmoor Manor	38.219019	-85.683576
Strathmoor Village	38.22079	-85.677871
Sturgis	37.546222	-87.987441
Summer Shade	36.883933	-85.711934
Summersville	37.326075	-85.536795
Sycamore	38.246832	-85.561224
Symsonia	36.918482	-88.525534
Taylor Mill	39.008834	-84.499482
Taylorsville	38.03227	-85.349486
Ten Broeck	38.297653	-85.577982
Thornhill	38.287737	-85.624995
Thruston	37.792982	-87.020603
Tolu	37.433669	-88.244822
Tompkinsville	36.701296	-85.693035
Trenton	36.720944	-87.262156
Union	38.946914	-84.673689
Uniontown	37.773409	-87.932225
Upton	37.458675	-85.900204
Utica	37.601741	-87.112383
Vanceburg	38.594531	-83.323614
Van Lear	37.776616	-82.74789
Verona	38.805207	-84.663659
Versailles	38.049073	-84.724968
Vicco	37.216087	-83.060823
Villa Hills	39.065495	-84.598025
Vine Grove	37.811861	-85.984416
Virgie	37.332268	-82.582418
Wallins Creek	36.830014	-83.417533
Walton	38.862427	-84.615043
Warfield	37.839092	-82.422279
Warsaw	38.783557	-84.892533
Water Valley	36.568737	-88.809996
Watterson Park	38.195283	-85.682236
Waverly	37.709733	-87.815111
Wayland	37.4559	-82.802598
Wellington	38.21657	-85.670344
West Buechel	38.194196	-85.667574
West Liberty	37.918042	-83.26741
West Louisville	37.698565	-87.286346
West Point	37.984801	-85.95495
Westport	38.491805	-85.47213
West Van Lear	37.782065	-82.78724
Westwood	38.478816	-82.6809
Westwood	38.279581	-85.584171
Wheatcroft	37.489269	-87.861185
Wheelwright	37.339217	-82.718618
White Plains	37.169433	-87.378922
Whitesburg	37.117754	-82.823017
Whitesville	37.683144	-86.869833
Whitley City	36.722795	-84.475469
Wickliffe	36.966236	-89.0819
Wilder	39.041323	-84.481546
Wildwood	38.249038	-85.574695
Williamsburg	36.738714	-84.165651
Williamstown	38.639811	-84.572517
Willisburg	37.810316	-85.119581
Wilmore	37.877835	-84.663902
Winchester	38.002364	-84.190586
Windy Hills	38.271699	-85.639605
Wingo	36.641446	-88.741052
Woodburn	36.84151	-86.531062
Woodbury	37.183225	-86.634943
Woodland Hills	38.23926	-85.529764
Woodlawn	39.090901	-84.47277
Woodlawn Park	38.261427	-85.630727
Worthington	38.551106	-82.734954
Worthington Hills	38.309321	-85.526958
Worthville	38.610138	-85.066911
Wurtland	38.549598	-82.779018
Yelvington	37.849144	-86.977855
Abbeville	29.975395	-92.127157
Abita Springs	30.473491	-90.020328
Addis	30.369535	-91.263648
Albany	30.499193	-90.583817
Alexandria	31.293449	-92.470189
Ama	29.943492	-90.295565
Amelia	29.663226	-91.110906
Amite City	30.732164	-90.515286
Anacoco	31.256902	-93.346545
Angie	30.961335	-89.821139
Arabi	29.953037	-89.996264
Arcadia	32.550848	-92.921373
Arnaudville	30.401718	-91.932391
Ashland	32.120379	-93.11254
Athens	32.657978	-93.027702
Atlanta	31.806402	-92.738334
Avondale	29.901029	-90.19702
Baker	30.583197	-91.158179
Baldwin	29.841277	-91.554886
Ball	31.418749	-92.408398
Banks Springs	32.076423	-92.085063
Barataria	29.714032	-90.121496
Basile	30.485511	-92.60102
Baskin	32.259068	-91.74733
Bastrop	32.774858	-91.907756
Baton Rouge	30.440443	-91.133166
Bawcomville	32.468722	-92.173702
Bayou Blue	29.632482	-90.668963
Bayou Cane	29.624353	-90.751036
Bayou Corne	30.015944	-91.152951
Bayou Country Club	29.779551	-90.789251
Bayou Gauche	29.80686	-90.422153
Bayou Goula	30.216979	-91.180871
Bayou L'Ourse	29.717411	-91.06061
Bayou Vista	29.690571	-91.26698
Belcher	32.75217	-93.837213
Belle Chasse	29.858697	-90.00329
Belle Rose	30.042205	-91.049721
Belmont	31.718182	-93.508178
Benton	32.68958	-93.740132
Bernice	32.827661	-92.658465
Berwick	29.700548	-91.235184
Bienville	32.363209	-92.974847
Blanchard	32.602696	-93.883118
Bogalusa	30.775378	-89.86166
Bonita	32.92051	-91.675066
Boothville	29.332516	-89.405729
Bordelonville	31.101164	-91.90047
Bossier City	32.523674	-93.655426
Bourg	29.563648	-90.614968
Boutte	29.887384	-90.38876
Boyce	31.389895	-92.670374
Branch	30.338617	-92.285691
Breaux Bridge	30.283099	-91.905919
Bridge City	29.940771	-90.156566
Broussard	30.140831	-91.95606
Brownfields	30.543351	-91.124057
Brownsville	32.488265	-92.161844
Brusly	30.39425	-91.251608
Bryceland	32.445027	-92.990067
Bunkie	30.953661	-92.188111
Buras	29.353663	-89.523973
Cade	30.092568	-91.899633
Calhoun	32.515309	-92.353926
Calvin	31.961692	-92.775806
Cameron	29.795189	-93.291532
Campti	31.897965	-93.116367
Cankton	30.345533	-92.113084
Carencro	30.312561	-92.038706
Carlyss	30.176743	-93.369589
Castor	32.254878	-93.165963
Catahoula	30.211999	-91.719555
Cecilia	30.3364	-91.847921
Center Point	31.252379	-92.209957
Centerville	29.756277	-91.425631
Central	30.559305	-91.035507
Chackbay	29.858534	-90.807044
Chalmette	29.944015	-89.966005
Charenton	29.867069	-91.53998
Chataignier	30.56957	-92.316831
Chatham	32.309171	-92.451437
Chauvin	29.445323	-90.593603
Cheneyville	31.010995	-92.290112
Choctaw	29.845682	-90.72384
Choudrant	32.533076	-92.526216
Church Point	30.403706	-92.214483
Claiborne	32.541238	-92.196154
Clarence	31.820258	-93.029088
Clarks	32.028817	-92.140839
Clayton	31.722159	-91.534567
Clinton	30.861679	-91.015454
Colfax	31.519572	-92.69974
Collinston	32.689283	-91.871813
Columbia	32.102102	-92.076434
Convent	30.015211	-90.820234
Converse	31.779538	-93.70013
Cottonport	30.989174	-92.050952
Cotton Valley	32.8134	-93.423119
Coushatta	32.025834	-93.340597
Covington	30.480184	-90.111826
Creola	31.426946	-92.480966
Crescent	30.243178	-91.288157
Crowley	30.217897	-92.37484
Cullen	32.967708	-93.446542
Cut Off	29.516283	-90.329714
Darrow	30.121219	-90.984343
Delacroix	29.762366	-89.789511
Delcambre	29.951052	-91.991712
Delhi	32.452843	-91.489976
Delta	32.322201	-90.958549
Denham Springs	30.474329	-90.959027
DeQuincy	30.44896	-93.44566
DeRidder	30.845003	-93.2952
Des Allemands	29.815368	-90.470513
Destrehan	29.972092	-90.354156
Deville	31.344944	-92.141801
Dixie Inn	32.596841	-93.332232
Dodson	32.079118	-92.658624
Donaldsonville	30.095069	-90.992544
Dorseyville	30.177361	-91.161391
Downsville	32.626437	-92.41292
Doyline	32.520731	-93.415702
Dry Prong	31.581305	-92.531418
Dubach	32.703291	-92.66153
Dubberly	32.547618	-93.232335
Dulac	29.400812	-90.693235
Duson	30.23836	-92.18907
East Hodge	32.277599	-92.713689
Eastwood	32.560703	-93.56249
Echo	31.108499	-92.240593
Eden Isle	30.225247	-89.809246
Edgard	30.03083	-90.544105
Edgefield	32.050081	-93.335962
Egan	30.245515	-92.511594
Elizabeth	30.865729	-92.801824
Elmwood	29.95397	-90.18741
Elton	30.481253	-92.697609
Empire	29.445183	-89.614383
Epps	32.603824	-91.481412
Erath	29.958787	-92.037424
Eros	32.392558	-92.423933
Erwinville	30.541007	-91.38848
Estelle	29.84146	-90.094151
Estherwood	30.181614	-92.463315
Eunice	30.490429	-92.419064
Evergreen	30.952759	-92.105168
Farmerville	32.775105	-92.400519
Fenton	30.364334	-92.916965
Ferriday	31.63418	-91.556169
Fifth Ward	31.120697	-92.158388
Fisher	31.493273	-93.459738
Florien	31.45748	-93.459199
Folsom	30.632433	-90.196123
Fordoche	30.594028	-91.617924
Forest	32.792366	-91.412555
Forest Hill	31.049909	-92.525253
Fort Jesup	31.611391	-93.406195
Fort Polk North	31.100417	-93.174531
Fort Polk South	31.054209	-93.216714
Franklin	29.784946	-91.509567
Franklinton	30.848234	-90.145869
French Settlement	30.331871	-90.814253
Frierson	32.246949	-93.686859
Galliano	29.445857	-90.307745
Gardere	30.358265	-91.134553
Garyville	30.065727	-90.634729
Georgetown	31.758547	-92.380277
Gibsland	32.540236	-93.055298
Gilbert	32.051157	-91.657704
Gilliam	32.828238	-93.841788
Gillis	30.376885	-93.199845
Glencoe	29.811226	-91.670377
Glenmora	30.973315	-92.582382
Gloster	32.190384	-93.804695
Golden Meadow	29.387034	-90.274954
Goldonna	32.011203	-92.930026
Gonzales	30.212739	-90.922402
Good Pine	31.69349	-92.162946
Grambling	32.526332	-92.708019
Gramercy	30.061913	-90.693634
Grand Cane	32.083851	-93.80895
Grand Coteau	30.420237	-92.04379
Grand Isle	29.212857	-90.029115
Grand Point	30.047208	-90.750071
Gray	29.678003	-90.783138
Grayson	32.049173	-92.111571
Greensburg	30.82964	-90.669859
Greenwood	32.43147	-93.959889
Gretna	29.910946	-90.051721
Grosse Tete	30.415418	-91.4394
Gueydan	30.029017	-92.506985
Hackberry	29.964958	-93.410178
Hahnville	29.961289	-90.423964
Hall Summit	32.177023	-93.305105
Hammond	30.50565	-90.456493
Harahan	29.936366	-90.202659
Harrisonburg	31.768456	-91.823014
Harvey	29.888796	-90.06641
Haughton	32.527609	-93.504172
Hayes	30.111069	-92.923911
Haynesville	32.966337	-93.138141
Heflin	32.459066	-93.273075
Henderson	30.31781	-91.803708
Hessmer	31.053373	-92.121487
Hester	30.025982	-90.770238
Hodge	32.270019	-92.72968
Homer	32.793797	-93.059087
Hornbeck	31.326045	-93.395808
Hosston	32.88608	-93.882689
Houma	29.578681	-90.708023
Ida	32.998902	-93.896379
Independence	30.636052	-90.505172
Inniswold	30.398219	-91.070948
Iota	30.326054	-92.495612
Iowa	30.241367	-93.013028
Jackson	30.83463	-91.208479
Jamestown	32.341862	-93.206609
Jeanerette	29.915237	-91.676308
Jean Lafitte	29.753403	-90.101568
Jefferson	29.960355	-90.155912
Jena	31.690215	-92.128582
Jennings	30.223978	-92.658295
Jonesboro	32.233544	-92.710619
Jonesville	31.622318	-91.83443
Jordan Hill	31.859105	-92.515624
Joyce	31.9347	-92.585073
Junction City	33.007273	-92.722416
Kaplan	30.005958	-92.283875
Keachi	32.168	-93.914523
Kenner	30.010227	-90.25482
Kentwood	30.933755	-90.515162
Kilbourne	32.997184	-91.313905
Killian	30.352612	-90.580925
Killona	29.996836	-90.484239
Kinder	30.483093	-92.851983
Kraemer	29.859217	-90.625597
Krotz Springs	30.5294	-91.754876
Labadieville	29.824616	-90.952554
Lacassine	30.233129	-92.920831
Lacombe	30.314145	-89.930581
Lafayette	30.2056	-92.028058
Lafitte	29.710879	-90.096784
Lafourche Crossing	29.767458	-90.769686
Lake Arthur	30.079967	-92.67741
Lake Charles	30.19902	-93.210835
Lake Providence	32.801973	-91.175232
Lakeshore	32.53487	-92.033806
Lakeview	32.523847	-93.829755
Laplace	30.072157	-90.477008
Larose	29.565196	-90.376167
Lawtell	30.512644	-92.183207
Lebeau	30.732778	-91.96945
Lecompte	31.088156	-92.39987
Leesville	31.14112	-93.28423
Lemannville	30.100975	-90.928409
Leonville	30.461914	-91.983452
Lewisburg	30.367567	-90.102032
Lillie	32.920012	-92.661297
Lisbon	32.789367	-92.867206
Livingston	30.495289	-90.746698
Livonia	30.562248	-91.550112
Lockport	29.644075	-90.531558
Lockport Heights	29.658958	-90.550607
Logansport	31.975805	-93.993363
Longstreet	32.097976	-93.949851
Longville	30.610611	-93.225046
Loreauville	30.05885	-91.738831
Lucky	32.244082	-93.013336
Luling	29.898452	-90.353161
Lutcher	30.06305	-90.711681
Lydia	29.926286	-91.781258
McNary	30.990436	-92.581458
Madisonville	30.398489	-90.166044
Mamou	30.634871	-92.417918
Mandeville	30.376735	-90.101067
Mangham	32.309276	-91.779435
Mansfield	32.035341	-93.699665
Mansura	31.067324	-92.052825
Many	31.566074	-93.477234
Maringouin	30.490776	-91.518562
Marion	32.897914	-92.240401
Marksville	31.125431	-92.065119
Marrero	29.885726	-90.113221
Marthaville	31.737983	-93.389964
Martin	32.099862	-93.219128
Mathews	29.682154	-90.5559
Maurice	30.104115	-92.12108
Melville	30.691974	-91.750508
Meraux	29.927459	-89.91921
Mermentau	30.188007	-92.58381
Mer Rouge	32.776921	-91.794367
Merrydale	30.499807	-91.108129
Merryville	30.755974	-93.525588
Metairie	29.997837	-90.177781
Midland	30.180455	-92.501474
Midway	31.675565	-92.146581
Milton	30.11395	-92.069079
Minden	32.619146	-93.272754
Minorca	31.572989	-91.490688
Monroe	32.518986	-92.07718
Montegut	29.440619	-90.560803
Monterey	31.444332	-91.718679
Montgomery	31.667442	-92.887108
Monticello	30.488097	-91.044734
Montpelier	30.685207	-90.656568
Montz	30.024836	-90.460395
Moonshine	29.96495	-90.813015
Mooringsport	32.679359	-93.960152
Moreauville	31.034175	-91.981714
Morgan City	29.710332	-91.191542
Morganza	30.738125	-91.591594
Morrow	30.829385	-92.082036
Morse	30.122097	-92.498435
Moss Bluff	30.308838	-93.207913
Mound	32.331847	-91.024535
Mount Lebanon	32.505248	-93.049923
Napoleonville	29.938267	-91.026361
Natalbany	30.548924	-90.487542
Natchez	31.674069	-93.045496
Natchitoches	31.734775	-93.100942
Newellton	32.072601	-91.239269
New Iberia	30.005493	-91.820307
New Llano	31.105733	-93.269609
New Orleans	30.05342	-89.934502
New Orleans Station	29.827388	-90.024987
New Roads	30.695921	-91.453794
New Sarpy	29.979168	-90.383494
Noble	31.689902	-93.683209
Norco	29.998287	-90.404535
North Hodge	32.282505	-92.718413
North Vacherie	30.007471	-90.711935
Norwood	30.973378	-91.110346
Oakdale	30.816418	-92.655855
Oak Grove	32.862421	-91.391173
Oak Hills Place	30.370683	-91.087723
Oak Ridge	32.624353	-91.773125
Oberlin	30.608097	-92.774982
Oil City	32.745752	-93.975098
Old Jefferson	30.377548	-91.006
Olla	31.898075	-92.240406
Opelousas	30.524897	-92.081654
Oretta	30.528934	-93.439092
Ossun	30.283394	-92.107027
Paincourtville	29.988584	-91.055436
Palmetto	30.717738	-91.909118
Paradis	29.866462	-90.439998
Parks	30.217809	-91.827593
Patterson	29.690891	-91.309533
Paulina	30.036972	-90.722028
Pearl River	30.371353	-89.750359
Perry	29.953208	-92.152919
Pierre Part	29.955356	-91.202843
Pine Prairie	30.782025	-92.421989
Pineville	31.342926	-92.40893
Pioneer	32.738099	-91.438129
Pitkin	30.93636	-92.930018
Plain Dealing	32.907025	-93.699237
Plaquemine	30.283156	-91.243812
Plaucheville	30.964692	-91.983655
Pleasant Hill	31.815363	-93.5164
Pleasure Bend	29.922091	-90.641206
Pointe a la Hache	29.573756	-89.780848
Point Place	31.68758	-93.024981
Pollock	31.494069	-92.441289
Ponchatoula	30.440598	-90.442791
Port Allen	30.443835	-91.20741
Port Barre	30.555523	-91.955962
Port Sulphur	29.504507	-89.721978
Port Vincent	30.336352	-90.843602
Powhatan	31.873775	-93.203239
Poydras	29.859573	-89.887271
Prairieville	30.313529	-90.958112
Presquille	29.558619	-90.638566
Prien	30.15104	-93.274152
Prospect	31.446402	-92.496403
Provencal	31.654738	-93.200118
Quitman	32.353094	-92.72347
Raceland	29.723489	-90.629751
Rayne	30.240513	-92.267335
Rayville	32.470982	-91.757449
Red Chute	32.570318	-93.613073
Reddell	30.668747	-92.426825
Reeves	30.521695	-93.036234
Reserve	30.072962	-90.555022
Richmond	32.388372	-91.180409
Richwood	32.448648	-92.07732
Ridgecrest	31.601805	-91.530421
Ringgold	32.326545	-93.283599
Rio	30.691387	-89.889641
River Ridge	29.95861	-90.222046
Roanoke	30.235526	-92.748141
Robeline	31.689825	-93.303937
Rock Hill	31.43903	-92.575935
Rodessa	32.973605	-93.997163
Romeville	30.068681	-90.827406
Rosedale	30.4429	-91.460114
Roseland	30.763881	-90.5106
Rosepine	30.924461	-93.288479
Ruston	32.532986	-92.635327
St. Francisville	30.784234	-91.376417
St. Gabriel	30.255202	-91.100363
St. James	30.018643	-90.850881
St. Joseph	31.920284	-91.24004
St. Martinville	30.127002	-91.831118
St. Maurice	31.761274	-92.938907
St. Rose	29.963475	-90.307893
Saline	32.163124	-92.976778
Sarepta	32.895017	-93.451462
Schriever	29.728672	-90.835398
Scott	30.23982	-92.094826
Shenandoah	30.402581	-91.003741
Shongaloo	32.9403	-93.293215
Shreveport	32.466879	-93.792193
Sibley	32.542462	-93.293939
Sicily Island	31.848832	-91.659358
Sikes	32.078981	-92.48627
Simmesport	30.980959	-91.814269
Simpson	31.264633	-93.016124
Simsboro	32.532325	-92.783913
Singer	30.651199	-93.41172
Siracusaville	29.688022	-91.151052
Slaughter	30.727639	-91.136122
Slidell	30.288913	-89.782926
Sorrel	29.888402	-91.626585
Sorrento	30.183623	-90.866567
South Mansfield	32.017057	-93.718039
South Vacherie	29.940238	-90.687698
Spearsville	32.93201	-92.600113
Spokane	31.704064	-91.460529
Springfield	30.425552	-90.544414
Springhill	33.001934	-93.461511
Stanley	31.956654	-93.904775
Starks	30.310462	-93.666698
Start	32.491661	-91.867816
Sterlington	32.688888	-92.060339
Stonewall	32.271272	-93.807388
Sugartown	30.840061	-93.012615
Sulphur	30.229792	-93.356343
Sun	30.652478	-89.910499
Sunset	30.405875	-92.062366
Supreme	29.861876	-90.992667
Swartz	32.580871	-91.986889
Taft	29.985128	-90.452429
Tallulah	32.406696	-91.1917
Tangipahoa	30.875781	-90.51384
Terrytown	29.902462	-90.028139
Thibodaux	29.794874	-90.814578
Tickfaw	30.576939	-90.487126
Timberlane	29.876985	-90.029193
Triumph	29.339544	-89.48155
Trout	31.696724	-92.179709
Tullos	31.81735	-92.326714
Turkey Creek	30.873238	-92.416982
Union	30.086131	-90.888951
Urania	31.863373	-92.291275
Varnado	30.895301	-89.831865
Venice	29.287639	-89.364396
Ventress	30.678922	-91.430525
Vidalia	31.566751	-91.440444
Vienna	32.609177	-92.64806
Vienna Bend	31.739651	-93.034627
Village St. George	30.359799	-91.067205
Ville Platte	30.689858	-92.274165
Vinton	30.195435	-93.582246
Violet	29.896744	-89.892881
Vivian	32.871072	-93.986249
Waggaman	29.937754	-90.231218
Walker	30.486375	-90.865623
Wallace	30.024587	-90.658997
Wallace Ridge	31.68406	-91.828708
Washington	30.615559	-92.059866
Waterproof	31.807159	-91.386146
Watson	30.5749	-90.950797
Welcome	30.044277	-90.883526
Welsh	30.235589	-92.812387
Westlake	30.260994	-93.263496
Westminster	30.407648	-91.089997
West Monroe	32.51234	-92.15107
Westwego	29.905363	-90.143545
White Castle	30.161694	-91.148535
Wilson	30.925561	-91.105287
Winnfield	31.923969	-92.642475
Winnsboro	32.16469	-91.720647
Wisner	31.980428	-91.65509
Woodmere	29.838725	-90.077427
Woodworth	31.173893	-92.520418
Youngsville	30.095751	-91.996506
Zachary	30.664377	-91.165778
Zwolle	31.639433	-93.641138
Alfred	43.478568	-70.727091
Anson	44.796732	-69.900241
Ashland	46.616868	-68.392826
Auburn	44.084537	-70.249649
Augusta	44.334904	-69.734199
Bangor	44.829625	-68.788767
Bar Harbor	44.381307	-68.211131
Bath	43.93253	-69.847186
Belfast	44.425874	-69.026418
Berwick	43.269956	-70.86243
Bethel	44.403804	-70.786351
Biddeford	43.438733	-70.392943
Bingham	45.05808	-69.873054
Blaine	46.498998	-67.868766
Blue Hill	44.398651	-68.581027
Boothbay Harbor	43.855619	-69.623337
Bowdoinham	44.021214	-69.901263
Bradley	44.911832	-68.621528
Brewer	44.784461	-68.734559
Bridgton	44.076464	-70.715469
Brownville Junction	45.348651	-69.056093
Brunswick	43.887452	-69.942623
Bucksport	44.588434	-68.798635
Calais	45.142952	-67.217529
Camden	44.213771	-69.068463
Cape Neddick	43.171985	-70.623743
Caribou	46.836549	-67.936056
Casco	44.00169	-70.532759
Castine	44.393981	-68.806019
Chisholm	44.492894	-70.1926
Clinton	44.644629	-69.488656
Corinna	44.922741	-69.265852
Cornish	43.800122	-70.795141
Cousins Island	43.766803	-70.143025
Cumberland Center	43.794744	-70.24406
Damariscotta	44.017173	-69.520232
Danforth	45.659603	-67.868308
Dexter	45.016208	-69.294664
Dixfield	44.537951	-70.446031
Dover-Foxcroft	45.205071	-69.223215
Dunstan	43.569119	-70.386202
Eagle Lake	47.034443	-68.588953
East Millinocket	45.627097	-68.573771
Eastport	44.910939	-67.009163
Ellsworth	44.58293	-68.480094
Fairfield	44.590339	-69.605215
Falmouth	43.716012	-70.231058
Falmouth Foreside	43.732346	-70.21802
Farmingdale	44.25096	-69.783526
Farmington	44.668373	-70.144039
Fort Fairfield	46.767065	-67.83194
Fort Kent	47.251738	-68.587216
Freeport	43.857051	-70.102593
Fryeburg	44.02011	-70.971998
Gardiner	44.195091	-69.793771
Gorham	43.693238	-70.434962
Grand Isle	47.307363	-68.158702
Gray	43.886386	-70.324087
Greene	44.189754	-70.145088
Greenville	45.466113	-69.577856
Guilford	45.178621	-69.395037
Hallowell	44.287241	-69.81804
Hampden	44.747602	-68.839879
Hartland	44.885558	-69.469166
Houlton	46.121447	-67.83221
Howland	45.269601	-68.658098
Island Falls	46.008708	-68.263937
Jonesport	44.535373	-67.607594
Kennebunk	43.384106	-70.544165
Kennebunkport	43.363237	-70.460284
Kezar Falls	43.807122	-70.875302
Kingfield	44.954503	-70.164518
Kittery	43.089985	-70.738321
Kittery Point	43.09381	-70.69096
Lake Arrowhead	43.661676	-70.742002
Lewiston	44.089513	-70.172095
Limestone	46.911205	-67.830828
Lincoln	45.362677	-68.50173
Lisbon	44.029707	-70.107521
Lisbon Falls	44.008612	-70.057636
Little Falls	43.735434	-70.43538
Littlejohn Island	43.760664	-70.126559
Livermore Falls	44.472574	-70.180804
Lubec	44.855069	-66.989856
Machias	44.70064	-67.478612
Madawaska	47.34245	-68.333444
Madison	44.807789	-69.850366
Mapleton	46.68076	-68.151187
Mars Hill	46.51919	-67.869714
Mattawamkeag	45.517717	-68.351659
Mechanic Falls	44.11167	-70.394051
Mexico	44.556949	-70.533745
Milbridge	44.529183	-67.894896
Milford	44.95743	-68.630943
Millinocket	45.659216	-68.698148
Milo	45.248324	-68.950555
Naples	43.960578	-70.602285
Newcastle	44.048601	-69.53326
Newport	44.836429	-69.254846
Norridgewock	44.722822	-69.763068
North Anson	44.863866	-69.898983
North Berwick	43.296215	-70.730953
Northeast Harbor	44.290163	-68.290853
North Windham	43.826344	-70.431252
Norway	44.23076	-70.563437
Oakfield	46.101981	-68.151648
Oak Hill	43.596355	-70.34085
Oakland	44.552474	-69.706143
Old Orchard Beach	43.533771	-70.356845
Old Town	44.954171	-68.739689
Orono	44.878261	-68.688144
Oxford	44.14487	-70.523871
Patten	46.004343	-68.442762
Pittsfield	44.763273	-69.372732
Portland	43.633157	-70.185305
Presque Isle	46.688952	-67.991914
Randolph	44.237286	-69.751247
Rangeley	44.965902	-70.652146
Richmond	44.099038	-69.809567
Rockland	44.123883	-69.130452
Rumford	44.544842	-70.560194
Sabattus	44.120119	-70.103776
Saco	43.527959	-70.419571
Sanford	43.424142	-70.757859
Searsport	44.474953	-68.915604
Skowhegan	44.778149	-69.712196
South Berwick	43.230047	-70.798143
South Eliot	43.135079	-70.793156
South Paris	44.217818	-70.513021
South Portland	43.631402	-70.285989
Southwest Harbor	44.27839	-68.32858
South Windham	43.738793	-70.421901
Standish	43.735342	-70.552499
Steep Falls	43.791219	-70.613863
Thomaston	44.081867	-69.179452
Topsham	43.947393	-69.931653
Turner	44.257811	-70.257865
Unity	44.618683	-69.344585
Van Buren	47.167047	-67.948881
Vanceboro	45.567243	-67.429217
Veazie	44.847442	-68.714189
Waldoboro	44.093318	-69.378435
Washburn	46.788399	-68.139604
Waterville	44.545285	-69.661396
Westbrook	43.70792	-70.352602
West Kennebunk	43.414187	-70.580993
Wilton	44.59435	-70.237522
Winslow	44.553429	-69.60845
Winter Harbor	44.392798	-68.091657
Winterport	44.648126	-68.861253
Winthrop	44.323383	-69.950795
Wiscasset	44.010754	-69.678028
Woodland	45.158208	-67.409736
Yarmouth	43.803815	-70.18858
York Harbor	43.143022	-70.647489
Aberdeen	39.516403	-76.174518
Aberdeen Proving Ground	39.454232	-76.133542
Abingdon	39.463472	-76.27314
Accident	39.625688	-79.319958
Accokeek	38.676533	-77.000518
Adamstown	39.307001	-77.469296
Adelphi	38.997067	-76.966783
Algonquin	38.589853	-76.091558
Allen	38.288387	-75.693051
Andrews AFB	38.809803	-76.869158
Annapolis	38.972152	-76.505332
Annapolis Neck	38.936562	-76.498084
Antietam	39.415082	-77.736484
Aquasco	38.591534	-76.697125
Arbutus	39.242673	-76.692133
Arden on the Severn	39.06771	-76.596488
Arnold	39.043227	-76.504985
Ashton-Sandy Spring	39.148685	-76.999085
Aspen Hill	39.093635	-77.081985
Baden	38.669485	-76.744221
Bagtown	39.582982	-77.613885
Bakersville	39.514829	-77.757048
Ballenger Creek	39.381131	-77.420179
Baltimore	39.300032	-76.610476
Baltimore Highlands	39.235932	-76.637402
Barclay	39.146454	-75.864433
Barnesville	39.22392	-77.376106
Barrelville	39.702653	-78.842454
Barton	39.532283	-79.016785
Bartonsville	39.388795	-77.352961
Beaver Creek	39.581545	-77.651338
Bel Air	39.581262	-78.855471
Bel Air	39.534942	-76.346323
Bel Air North	39.553404	-76.372942
Bel Air South	39.508061	-76.309365
Beltsville	39.039903	-76.920443
Benedict	38.511529	-76.67967
Bensville	38.612971	-77.004735
Berlin	38.331533	-75.215434
Berwyn Heights	38.992854	-76.913451
Bethesda	38.987292	-77.118612
Betterton	39.367115	-76.072496
Bier	39.55513	-78.871122
Big Pool	39.625094	-78.016168
Big Spring	39.625902	-77.939632
Bishopville	38.438642	-75.209507
Bivalve	38.306205	-75.880628
Bladensburg	38.942368	-76.92591
Bloomington	39.481331	-79.07851
Boonsboro	39.510648	-77.664745
Bowie	38.954703	-76.738834
Bowleys Quarters	39.31281	-76.38227
Bowling Green	39.62713	-78.805046
Bowmans Addition	39.686344	-78.755028
Braddock Heights	39.409522	-77.493564
Brandywine	38.682077	-76.885314
Breathedsville	39.54601	-77.724548
Brentwood	38.943883	-76.957046
Brock Hall	38.855852	-76.742435
Brookeville	39.182514	-77.059725
Brooklyn Park	39.2195	-76.620921
Brookmont	38.953831	-77.12902
Brookview	38.574011	-75.792963
Broomes Island	38.411433	-76.548803
Brown Station	38.855332	-76.797065
Brownsville	39.378174	-77.661555
Brunswick	39.31799	-77.62528
Bryans Road	38.6044	-77.092279
Bryantown	38.548839	-76.842182
Buckeystown	39.324138	-77.428135
Burkittsville	39.393497	-77.627788
Burnt Mills	39.033984	-76.998272
Burtonsville	39.120921	-76.936675
Butlertown	39.282194	-76.099165
Cabin John	38.974014	-77.163841
California	38.297599	-76.492143
Callaway	38.233918	-76.528932
Calvert Beach	38.472799	-76.489676
Calverton	39.058085	-76.950848
Cambridge	38.554063	-76.077116
Camp Springs	38.805072	-76.918565
Cape St. Claire	39.043634	-76.445339
Capitol Heights	38.876687	-76.907569
Carlos	39.623743	-78.95668
Carney	39.404896	-76.522725
Catonsville	39.264456	-76.741694
Cavetown	39.642658	-77.5932
Cearfoss	39.699133	-77.77634
Cecilton	39.404824	-75.867412
Cedar Heights	38.903738	-76.905879
Cedarville	38.656912	-76.82201
Centreville	39.042265	-76.062538
Chance	38.17804	-75.938788
Charlestown	39.582121	-75.986712
Charlotte Hall	38.468236	-76.782645
Charlton	39.634401	-77.894364
Chesapeake Beach	38.689456	-76.554404
Chesapeake City	39.527212	-75.811653
Chesapeake Landing	39.269347	-76.157236
Chesapeake Ranch Estates	38.357625	-76.417351
Chester	38.960094	-76.287616
Chestertown	39.220419	-76.070517
Cheverly	38.925931	-76.913468
Chevy Chase	38.981893	-77.083197
Chevy Chase	38.992542	-77.074905
Chevy Chase Section Five	38.98398	-77.074027
Chevy Chase Section Three	38.979259	-77.074187
Chevy Chase View	39.019201	-77.081104
Chevy Chase Village	38.969781	-77.07934
Chewsville	39.648415	-77.631239
Chillum	38.966667	-76.978885
Choptank	38.682282	-75.949398
Church Creek	38.504888	-76.15403
Church Hill	39.145	-75.98077
Clarksburg	39.222893	-77.266079
Clarysville	39.642026	-78.888947
Clear Spring	39.65605	-77.930373
Clinton	38.750917	-76.902669
Cloverly	39.103947	-76.994829
Cobb Island	38.263698	-76.848986
Cockeysville	39.478003	-76.630796
Colesville	39.07284	-77.00058
College Park	38.996276	-76.935594
Colmar Manor	38.926833	-76.943842
Columbia	39.201146	-76.85905
Coral Hills	38.872313	-76.920979
Cordova	38.86801	-75.998885
Corriganville	39.694646	-78.79726
Cottage City	38.938399	-76.949445
Crellin	39.388631	-79.468471
Cresaptown	39.593506	-78.83505
Crisfield	37.975457	-75.854542
Crofton	39.014439	-76.680007
Croom	38.739799	-76.755192
Crownsville	39.022462	-76.590377
Crumpton	39.233174	-75.922049
Cumberland	39.651902	-78.758378
Damascus	39.270995	-77.196834
Dames Quarter	38.17292	-75.890024
Danville	39.510165	-78.917545
Dargan	39.376676	-77.734045
Darlington	39.642448	-76.203521
Darnestown	39.088709	-77.311779
Dawson	39.477083	-78.945207
Deale	38.786091	-76.540708
Deal Island	38.152793	-75.939954
Deer Park	39.423961	-79.325986
Delmar	38.442149	-75.560422
Denton	38.879421	-75.824452
Derwood	39.114116	-77.150228
Detmold	39.557365	-78.991143
District Heights	38.858871	-76.888436
Downsville	39.55482	-77.80163
Drum Point	38.330395	-76.435985
Dundalk	39.266824	-76.496531
Dunkirk	38.718193	-76.676782
Eagle Harbor	38.566453	-76.687125
Eakles Mill	39.467067	-77.68596
East New Market	38.597025	-75.923126
Easton	38.776262	-76.070478
East Riverdale	38.959762	-76.91102
Eckhart Mines	39.655233	-78.89411
Eden	38.278223	-75.654776
Edesville	39.153861	-76.207235
Edgemere	39.220671	-76.456375
Edgemont	39.676611	-77.546948
Edgewater	38.939653	-76.551401
Edgewood	39.42029	-76.296846
Edmonston	38.949965	-76.932196
Eldersburg	39.404192	-76.952585
Eldorado	38.58304	-75.790281
Elkridge	39.195483	-76.741082
Elkton	39.605776	-75.821686
Ellerslie	39.713709	-78.776181
Ellicott City	39.276691	-76.833952
Elliott	38.308141	-76.010718
Emmitsburg	39.705192	-77.321301
Ernstville	39.630387	-78.023955
Essex	39.301359	-76.444426
Fairland	39.08085	-76.952544
Fairlee	39.22587	-76.166332
Fairmount	38.109765	-75.820564
Fairmount Heights	38.901591	-76.915339
Fairplay	39.53567	-77.74631
Fairview	39.711079	-77.840616
Fairwood	38.954713	-76.776544
Fallston	39.533804	-76.438545
Federalsburg	38.692265	-75.772465
Ferndale	39.18696	-76.633107
Finzel	39.701721	-78.951997
Fishing Creek	38.336953	-76.221683
Flintstone	39.703531	-78.575786
Flower Hill	39.168443	-77.184443
Forest Glen	39.018914	-77.045085
Forest Heights	38.803776	-77.011691
Forestville	38.851737	-76.870765
Fort Meade	39.1057	-76.743278
Fort Ritchie	39.703659	-77.506386
Fort Washington	38.731868	-77.008662
Fountainhead-Orchard Hills	39.687838	-77.717298
Four Corners	39.023312	-77.010204
Franklin	39.498927	-79.051562
Frederick	39.434089	-77.414539
Frenchtown-Rumbly	38.07445	-75.853323
Friendly	38.760284	-76.966952
Friendship	38.735845	-76.58782
Friendship Heights Village	38.963311	-77.089792
Friendsville	39.662448	-79.404414
Frostburg	39.650523	-78.926793
Fruitland	38.320393	-75.626502
Fulton	39.15311	-76.911629
Funkstown	39.606743	-77.705137
Gaithersburg	39.148601	-77.195131
Galena	39.342568	-75.878656
Galestown	38.562606	-75.715814
Galesville	38.84077	-76.554368
Gambrills	39.092725	-76.651034
Gapland	39.40196	-77.658288
Garrett Park	39.036129	-77.093547
Garretts Mill	39.353335	-77.688911
Garrison	39.402274	-76.751847
Georgetown	39.221577	-76.191772
Germantown	39.174252	-77.263754
Gilmore	39.58326	-78.951127
Girdletree	38.098879	-75.400257
Glassmanor	38.818138	-76.983152
Glenarden	38.929288	-76.857691
Glen Burnie	39.156271	-76.606996
Glen Echo	38.968167	-77.141101
Glenmont	39.070413	-77.046628
Glenn Dale	38.984395	-76.800322
Golden Beach	38.489734	-76.700689
Goldsboro	39.030003	-75.780955
Gorman	39.292702	-79.35275
Graceham	39.617423	-77.387024
Grahamtown	39.644861	-78.922288
Grantsville	39.696916	-79.152849
Grasonville	38.957459	-76.197803
Greenbelt	38.99467	-76.885399
Greensboro	38.976354	-75.808076
Greensburg	39.68075	-77.561545
Green Valley	39.341841	-77.240301
Hagerstown	39.640182	-77.722691
Halfway	39.61567	-77.771068
Hampstead	39.614597	-76.854801
Hampton	39.424788	-76.566473
Hancock	39.704578	-78.16327
Havre de Grace	39.546572	-76.113576
Hebron	38.424257	-75.687135
Henderson	39.074942	-75.766077
Herald Harbor	39.051265	-76.57492
Highfield-Cascade	39.713592	-77.494566
Highland	39.187223	-76.956731
Highland Beach	38.931139	-76.467018
Hillandale	39.026341	-76.975202
Hillcrest Heights	38.836453	-76.970583
Hillsboro	38.917043	-75.941779
Honeygo	39.404969	-76.430016
Hughesville	38.53742	-76.772789
Huntingtown	38.61235	-76.62154
Hurlock	38.625712	-75.867186
Hutton	39.414494	-79.480044
Hyattsville	38.961205	-76.954935
Ilchester	39.21611	-76.762058
Indian Head	38.598622	-77.155654
Indian Springs	39.645634	-78.007402
Jarrettsville	39.600745	-76.47241
Jefferson	39.365345	-77.540671
Jennings	39.648657	-79.183497
Jessup	39.149094	-76.776388
Jesterville	38.290479	-75.889929
Joppatowne	39.416594	-76.352171
Jugtown	39.614277	-77.5943
Keedysville	39.486338	-77.697552
Kemp Mill	39.041101	-77.021995
Kemps Mill	39.62687	-77.813902
Kennedyville	39.303213	-75.994244
Kensington	39.026837	-77.07371
Kent Narrows	38.976483	-76.243412
Kettering	38.889656	-76.790302
Kingstown	39.207626	-76.04391
Kingsville	39.451907	-76.430345
Kitzmiller	39.389159	-79.183284
Klondike	39.610247	-78.96314
Konterra	39.080797	-76.899575
Lake Arbor	38.90957	-76.830236
Lake Shore	39.091978	-76.489628
Landover	38.924395	-76.887604
Landover Hills	38.942465	-76.894505
Langley Park	38.989499	-76.980742
Lanham	38.962124	-76.839173
Lansdowne	39.235573	-76.664629
La Plata	38.543467	-76.96979
Largo	38.88035	-76.829266
Laurel	39.095075	-76.861245
La Vale	39.67164	-78.826759
Layhill	39.089652	-77.039971
Laytonsville	39.208748	-77.135313
Leisure World	39.104079	-77.06894
Leitersburg	39.692806	-77.620642
Leonardtown	38.303891	-76.639653
Lewistown	39.54021	-77.420555
Lexington Park	38.249403	-76.443556
Libertytown	39.48911	-77.256919
Linganore	39.413664	-77.301232
Linthicum	39.209567	-76.664741
Lisbon	39.336634	-77.070491
Little Orleans	39.630509	-78.395843
Lochearn	39.34793	-76.727214
Loch Lynn Heights	39.391832	-79.372671
Lonaconing	39.565581	-78.978791
Long Beach	38.45884	-76.473643
Luke	39.478781	-79.058903
Lusby	38.362356	-76.437915
Lutherville	39.423965	-76.61767
McCoole	39.453357	-78.973088
Madison	38.508928	-76.204222
Manchester	39.653159	-76.886735
Mapleville	39.535702	-77.646244
Mardela Springs	38.459517	-75.757123
Marlboro Meadows	38.841853	-76.711958
Marlboro Village	38.834902	-76.768824
Marlow Heights	38.821119	-76.944294
Marlton	38.761088	-76.786536
Martin's Additions	38.979552	-77.069235
Marydel	39.113071	-75.74951
Maryland City	39.101609	-76.805188
Maryland Park	38.889009	-76.907551
Maugansville	39.693681	-77.747151
Mayo	38.904436	-76.512842
Mays Chapel	39.442523	-76.658627
Mechanicsville	38.42743	-76.74664
Melwood	38.801893	-76.841624
Mercersville	39.49921	-77.765825
Middleburg	39.71768	-77.723878
Middle River	39.339519	-76.428702
Middletown	39.44134	-77.535216
Midland	39.589623	-78.9487
Midlothian	39.631868	-78.951501
Milford Mill	39.348002	-76.769409
Millington	39.261617	-75.842564
Mitchellville	38.936432	-76.808246
Monrovia	39.359462	-77.274891
Montgomery Village	39.188512	-77.205143
Morningside	38.826589	-76.889622
Moscow	39.538292	-79.009674
Mount Aetna	39.59888	-77.612768
Mountain Lake Park	39.40003	-79.381051
Mount Airy	39.374693	-77.153807
Mount Briar	39.442571	-77.687346
Mount Lena	39.554029	-77.621891
Mount Rainier	38.942361	-76.964578
Mount Savage	39.696684	-78.876833
Mount Vernon	38.239562	-75.785308
Myersville	39.510233	-77.571363
Nanticoke	38.265488	-75.886973
Nanticoke Acres	38.257873	-75.905841
National	39.611928	-78.940444
National Harbor	38.783231	-77.008114
Naval Academy	38.984784	-76.482628
Newark	38.268109	-75.288638
New Carrollton	38.965593	-76.877516
New Market	39.39142	-77.273431
New Windsor	39.542947	-77.099154
Nikep	39.551568	-78.99773
North Beach	38.707736	-76.5345
North Bethesda	39.036753	-77.120336
North Brentwood	38.944806	-76.950742
North Chevy Chase	39.002145	-77.074145
North East	39.608037	-75.941655
North Kensington	39.039196	-77.071562
North Laurel	39.128849	-76.846597
North Potomac	39.09677	-77.238503
Oakland	39.417143	-79.402352
Ocean	39.601533	-78.945033
Ocean City	38.393125	-75.071208
Ocean Pines	38.384784	-75.148009
Odenton	39.06614	-76.693788
Oldtown	39.544966	-78.614743
Olney	39.14434	-77.071429
Overlea	39.364143	-76.517548
Owings	38.711906	-76.603723
Owings Mills	39.410494	-76.789371
Oxford	38.687407	-76.168182
Oxon Hill	38.788793	-76.971864
Paramount-Long Meadow	39.679776	-77.692106
Parkville	39.383198	-76.551876
Parole	38.987941	-76.552716
Parsonsburg	38.391673	-75.479581
Pasadena	39.155703	-76.559807
Pecktonville	39.665971	-78.048184
Peppermill Village	38.893998	-76.887694
Perry Hall	39.406741	-76.477793
Perryman	39.464679	-76.215865
Perryville	39.572968	-76.064923
Pikesville	39.391773	-76.699634
Pinesburg	39.626891	-77.856121
Piney Point	38.147854	-76.522283
Pittsville	38.394002	-75.407178
Pleasant Grove	39.680201	-78.690514
Pleasant Hills	39.486182	-76.393933
Pocomoke City	38.063177	-75.559199
Point of Rocks	39.278194	-77.529101
Pomfret	38.569904	-77.030372
Pondsville	39.62341	-77.591619
Poolesville	39.141827	-77.410508
Port Deposit	39.610566	-76.098074
Port Tobacco Village	38.512292	-77.020487
Potomac	39.013332	-77.193579
Potomac Heights	38.598207	-77.132328
Potomac Park	39.612588	-78.808251
Powellville	38.330069	-75.374698
Preston	38.710212	-75.907528
Prince Frederick	38.543791	-76.587906
Princess Anne	38.205137	-75.696384
Pylesville	39.687921	-76.388427
Quantico	38.379983	-75.755014
Queen Anne	38.906451	-76.706271
Queen Anne	38.91907	-75.953567
Queensland	38.795192	-76.795634
Queenstown	38.986731	-76.163342
Randallstown	39.371868	-76.801926
Rawlings	39.539229	-78.886762
Redland	39.132868	-77.145448
Reid	39.712508	-77.679313
Reisterstown	39.454112	-76.816023
Ridgely	38.952933	-75.882704
Ringgold	39.709169	-77.568892
Rising Sun	39.701401	-76.060181
Riva	38.945219	-76.589928
Riverdale Park	38.966707	-76.92715
Riverside	39.480652	-76.241866
Riviera Beach	39.164543	-76.527418
Robinwood	39.62647	-77.662668
Rock Hall	39.137865	-76.23951
Rock Point	38.275467	-76.84275
Rockville	39.083666	-77.155585
Rohrersville	39.434897	-77.665474
Romancoke	38.891825	-76.36078
Rosaryville	38.767603	-76.828092
Rosedale	39.327159	-76.508377
Rosemont	39.333729	-77.62276
Rossville	39.356566	-76.477894
Sabillasville	39.699364	-77.457277
St. George Island	38.11554	-76.476965
St. James	39.573816	-77.748248
St. Leonard	38.467369	-76.49863
St. Michaels	38.788451	-76.222622
Salisbury	38.375328	-75.585925
Sandy Hook	39.328505	-77.705149
San Mar	39.552216	-77.640901
Savage	39.146463	-76.821637
Scaggsville	39.140653	-76.882576
Seabrook	38.982111	-76.851115
Seat Pleasant	38.894689	-76.899451
Secretary	38.608193	-75.946955
Severn	39.13549	-76.6956
Severna Park	39.086633	-76.564883
Shady Side	38.829011	-76.519647
Shaft	39.622319	-78.942893
Sharpsburg	39.457618	-77.749312
Sharptown	38.538196	-75.718947
Silver Hill	38.839841	-76.938593
Silver Spring	39.002441	-77.020791
Smith Island	37.97722	-76.028791
Smithsburg	39.654733	-77.579941
Snow Hill	38.172519	-75.390403
Solomons	38.339089	-76.461901
Somerset	38.96657	-77.096319
South Kensington	39.016149	-77.066293
South Laurel	39.061466	-76.846194
Spencerville	39.120024	-76.983527
Springdale	38.935802	-76.844233
Spring Gap	39.565335	-78.705332
Spring Ridge	39.405041	-77.33988
Stevensville	38.974441	-76.318511
Still Pond	39.325957	-76.042355
Stockton	38.065387	-75.40842
Sudlersville	39.183261	-75.85354
Suitland	38.848615	-76.92252
Summerfield	38.904538	-76.868297
Swanton	39.459864	-79.232695
Sykesville	39.372069	-76.97172
Takoma Park	38.980306	-77.002326
Tall Timbers	38.169777	-76.539277
Taneytown	39.657516	-77.168973
Taylors Island	38.471135	-76.316009
Temple Hills	38.810549	-76.949477
Templeville	39.136364	-75.766849
Ten Mile Creek	39.229361	-77.298206
Thurmont	39.619976	-77.407695
Tilghman Island	38.703188	-76.336282
Tilghmanton	39.528604	-77.743683
Timonium	39.445744	-76.600758
Tolchester	39.218004	-76.232083
Towson	39.39421	-76.617751
Trappe	38.663461	-76.05192
Travilah	39.059263	-77.250633
Trego-Rohrersville Station	39.429107	-77.674853
Tyaskin	38.320408	-75.872635
Union Bridge	39.571028	-77.172753
University Park	38.971867	-76.944432
Upper Marlboro	38.816495	-76.75367
Urbana	39.32577	-77.341519
Vale Summit	39.615229	-78.908354
Vienna	38.481132	-75.831813
Waldorf	38.609172	-76.919776
Walker Mill	38.875642	-76.885442
Walkersville	39.474323	-77.363352
Washington Grove	39.140699	-77.174533
Waterview	38.248736	-75.900009
West Denton	38.889605	-75.83884
Westernport	39.487468	-79.042087
West Laurel	39.115711	-76.892291
Westminster	39.579675	-77.008392
West Ocean City	38.347321	-75.111243
Westphalia	38.840142	-76.824037
West Pocomoke	38.096527	-75.579197
Whaleyville	38.387037	-75.297538
Wheaton	39.04949	-77.058209
Whitehaven	38.269761	-75.79474
White Marsh	39.381546	-76.45842
White Oak	39.044212	-76.987251
Wildewood	38.30351	-76.547052
Willards	38.392425	-75.349406
Williamsport	39.597345	-77.817972
Williston	38.830321	-75.851454
Wilson-Conococheague	39.651247	-77.827072
Woodland	39.608341	-78.950111
Woodlawn	39.305504	-76.747783
Woodlawn	38.950327	-76.900261
Woodmore	38.923412	-76.777931
Woodsboro	39.534026	-77.30991
Worton	39.270657	-76.091824
Yarrowsburg	39.376172	-77.684346
Zihlman	39.674021	-78.913129
Abington	42.115764	-70.956597
Acushnet Center	41.684996	-70.906686
Adams	42.629085	-73.118747
Agawam Town	42.063891	-72.652959
Amesbury Town	42.851277	-70.955792
Amherst Town	42.363534	-72.507291
Andover	42.655672	-71.142244
Arlington	42.418722	-71.163912
Athol	42.593384	-72.230228
Attleboro	41.931653	-71.294503
Ayer	42.562221	-71.584844
Baldwinville	42.604845	-72.078823
Barnstable Town	41.661478	-70.356951
Barre	42.423007	-72.10638
Belchertown	42.271889	-72.402806
Bellingham	42.094041	-71.478631
Belmont	42.395317	-71.180284
Beverly	42.556659	-70.84496
Blandford	42.175006	-72.923862
Bliss Corner	41.605131	-70.942369
Boston	42.338551	-71.018253
Bourne	41.732015	-70.615767
Boxford	42.663712	-70.984216
Braintree Town	42.206188	-71.00232
Brewster	41.760926	-70.07037
Bridgewater Town	41.972376	-70.978773
Brockton	42.082543	-71.024638
Brookfield	42.215	-72.102736
Brookline	42.323853	-71.142003
Burlington	42.503227	-71.201713
Buzzards Bay	41.754194	-70.616317
Cambridge	42.376043	-71.11868
Cedar Crest	42.076447	-70.661403
Chatham	41.673853	-69.962961
Chelsea	42.396824	-71.031348
Cheshire	42.561139	-73.162344
Chester	42.280713	-72.980145
Chicopee	42.177586	-72.570189
Clinton	42.41888	-71.686202
Cochituate	42.327726	-71.352313
Cordaville	42.272062	-71.522795
Danvers	42.574174	-70.950516
Dedham	42.246872	-71.179462
Deerfield	42.547902	-72.602404
Dennis	41.730245	-70.197392
Dennis Port	41.668067	-70.136979
Devens	42.543366	-71.614028
Dover	42.246673	-71.268071
Duxbury	42.044352	-70.679239
East Brookfield	42.229099	-72.052431
East Dennis	41.735429	-70.157408
East Douglas	42.081104	-71.719485
East Falmouth	41.568248	-70.55744
Easthampton Town	42.265435	-72.670813
East Harwich	41.708596	-70.031785
East Pepperell	42.66253	-71.562103
East Sandwich	41.734256	-70.430675
Edgartown	41.389913	-70.519672
Essex	42.640451	-70.771165
Everett	42.405938	-71.054649
Fall River	41.725351	-71.094162
Falmouth	41.551391	-70.608849
Fiskdale	42.124703	-72.110911
Fitchburg	42.601977	-71.81587
Forestdale	41.683488	-70.510786
Foxborough	42.064024	-71.248401
Framingham	42.307905	-71.436196
Franklin Town	42.084858	-71.410571
Gardner	42.584206	-71.988737
Gloucester	42.62885	-70.685875
Granby	42.265955	-72.528851
Great Barrington	42.19397	-73.361473
Greenfield	42.614671	-72.597063
Green Harbor	42.065998	-70.648727
Groton	42.611636	-71.564743
Hanscom AFB	42.458233	-71.279322
Hanson	42.065029	-70.849766
Harwich Center	41.692084	-70.066316
Harwich Port	41.67344	-70.065417
Hatfield	42.372883	-72.603741
Haverhill	42.782945	-71.087436
Hingham	42.233136	-70.889526
Holbrook	42.140346	-70.997861
Holland	42.051054	-72.152813
Holyoke	42.211658	-72.642448
Hopedale	42.126886	-71.540295
Hopkinton	42.225563	-71.524096
Housatonic	42.241176	-73.356221
Hudson	42.392092	-71.564949
Hull	42.340233	-70.883301
Huntington	42.243835	-72.89182
Ipswich	42.67573	-70.822007
Kingston	41.996182	-70.721545
Lawrence	42.700273	-71.161357
Lee	42.306836	-73.250736
Lenox	42.361228	-73.286788
Lenox Dale	42.333734	-73.249199
Leominster	42.520876	-71.770611
Lexington	42.445222	-71.230015
Littleton Common	42.534482	-71.472129
Longmeadow	42.048054	-72.569275
Lowell	42.638995	-71.32102
Lunenburg	42.593421	-71.726968
Lynn	42.474766	-70.962035
Lynnfield	42.534146	-71.038333
Madaket	41.282385	-70.183306
Malden	42.42938	-71.058706
Mansfield Center	42.02196	-71.217844
Marblehead	42.495629	-70.83582
Marion Center	41.696609	-70.755499
Marlborough	42.349617	-71.547214
Marshfield	42.102231	-70.689396
Marshfield Hills	42.143314	-70.729075
Mashpee Neck	41.612716	-70.467933
Mattapoisett Center	41.671964	-70.799167
Maynard	42.425955	-71.456256
Medfield	42.187014	-71.300408
Medford	42.423844	-71.109231
Melrose	42.455723	-71.059019
Methuen Town	42.742641	-71.178651
Middleborough Center	41.894223	-70.925689
Milford	42.150664	-71.517783
Millers Falls	42.579182	-72.492235
Millis-Clicquot	42.166821	-71.34923
Milton	42.241559	-71.082437
Monomoscoy Island	41.575946	-70.499206
Monson Center	42.097854	-72.296139
Monument Beach	41.718895	-70.59999
Nahant	42.41824	-70.932728
Nantucket	41.271448	-70.095881
Needham	42.281593	-71.242414
New Bedford	41.661303	-70.937913
Newburyport	42.812141	-70.886646
New Seabury	41.574852	-70.479032
Newton	42.331768	-71.2084
North Adams	42.675565	-73.118114
Northampton	42.327044	-72.67463
North Attleborough Town	41.970454	-71.33493
Northborough	42.31195	-71.647734
North Brookfield	42.271168	-72.084211
North Eastham	41.833318	-70.003787
North Falmouth	41.641994	-70.630719
Northfield	42.713247	-72.422674
North Lakeville	41.86001	-70.939271
North Pembroke	42.097738	-70.783273
North Plymouth	41.9753	-70.68064
North Scituate	42.212807	-70.766295
North Seekonk	41.884648	-71.330363
Northwest Harwich	41.693625	-70.105289
North Westport	41.673107	-71.111141
Norton Center	41.974456	-71.188548
Norwood	42.187364	-71.195971
Oak Bluffs	41.453812	-70.56486
Ocean Bluff-Brant Rock	42.10221	-70.657581
Ocean Grove	41.728811	-71.209192
Onset	41.745999	-70.668256
Orange	42.605437	-72.292074
Orleans	41.787762	-70.00151
Oxford	42.115881	-71.870094
Palmer Town	42.188862	-72.30648
Peabody	42.53431	-70.969443
Pepperell	42.675487	-71.592088
Petersham	42.491042	-72.187249
Pinehurst	42.533516	-71.233491
Pittsfield	42.45184	-73.260685
Plymouth	41.958343	-70.6638
Pocasset	41.687021	-70.649637
Popponesset	41.573602	-70.463407
Popponesset Island	41.583856	-70.46014
Provincetown	42.056519	-70.178454
Quincy	42.261006	-71.008988
Randolph Town	42.178993	-71.052654
Raynham Center	41.93048	-71.046214
Reading	42.535183	-71.105423
Revere	42.421005	-70.99036
Rockport	42.640699	-70.62025
Rowley	42.717971	-70.866915
Russell	42.203935	-72.861862
Rutland	42.371533	-71.957737
Sagamore	41.782818	-70.532103
Salem	42.499248	-70.898204
Salisbury	42.831098	-70.847109
Sandwich	41.757066	-70.498025
Saugus	42.468432	-71.013946
Scituate	42.180292	-70.734385
Seabrook	41.585381	-70.497953
Seconsett Island	41.566793	-70.512224
Sharon	42.117516	-71.186029
Shelburne Falls	42.609512	-72.746979
Shirley	42.536467	-71.667352
Siasconset	41.265264	-69.97303
Smith Mills	41.646744	-70.998368
Somerset	41.738483	-71.165053
Somerville	42.390445	-71.101033
South Ashburnham	42.621064	-71.943433
Southbridge Town	42.059737	-72.033908
South Deerfield	42.481395	-72.589793
South Dennis	41.704066	-70.150651
South Duxbury	42.018108	-70.689652
South Lancaster	42.437021	-71.697093
South Yarmouth	41.667083	-70.200793
Spencer	42.248575	-71.99313
Springfield	42.115454	-72.539978
Stoneham	42.474208	-71.097665
Sturbridge	42.097106	-72.054995
Swampscott	42.468059	-70.89126
Taunton	41.903324	-71.094987
Teaticket	41.562579	-70.587349
The Pinehills	41.895788	-70.594853
Topsfield	42.639401	-70.955279
Townsend	42.676668	-71.70977
Turners Falls	42.596675	-72.556496
Upton	42.182147	-71.610847
Vineyard Haven	41.457176	-70.607459
Wakefield	42.504361	-71.064061
Walpole	42.13386	-71.240298
Waltham	42.388921	-71.242268
Ware	42.250064	-72.247655
Wareham Center	41.747468	-70.720092
Warren	42.218285	-72.185597
Watertown Town	42.369451	-71.177925
Webster	42.046314	-71.874522
Wellesley	42.305932	-71.282917
Westborough	42.267441	-71.617492
West Brookfield	42.24188	-72.146862
West Chatham	41.680978	-69.992569
West Concord	42.451857	-71.403179
West Dennis	41.666716	-70.165855
West Falmouth	41.601499	-70.639319
Westfield	42.138838	-72.755911
West Springfield Town	42.125451	-72.649734
West Wareham	41.791736	-70.757872
West Warren	42.219308	-72.231228
West Yarmouth	41.647227	-70.249978
Weweantic	41.747597	-70.740024
Weymouth Town	42.2073	-70.943687
White Island Shores	41.797819	-70.637167
Whitinsville	42.1188	-71.672496
Wilbraham	42.132114	-72.438154
Williamstown	42.708906	-73.201361
Wilmington	42.564647	-71.164516
Winchendon	42.680415	-72.04204
Winchester	42.452752	-71.144319
Winthrop Town	42.375541	-70.970646
Woburn	42.488703	-71.154383
Woods Hole	41.528692	-70.666481
Worcester	42.269478	-71.807783
Yarmouth Port	41.707149	-70.220928
Addison	41.985887	-84.349076
Adrian	41.89878	-84.044829
Advance	45.217651	-85.078603
Ahmeek	47.298448	-88.397112
Akron	43.566723	-83.514295
Alanson	45.442484	-84.786903
Alba	44.978598	-84.969468
Albion	42.247855	-84.759191
Alden	44.879187	-85.272985
Algonac	42.620867	-82.533915
Allegan	42.531075	-85.839236
Allen	41.957991	-84.768367
Allendale	42.981962	-85.944126
Allen Park	42.259473	-83.21039
Alma	43.380336	-84.654445
Almont	42.920766	-83.043472
Alpena	45.074475	-83.443571
Alpha	46.044033	-88.378444
Amasa	46.228799	-88.458198
Ann Arbor	42.276147	-83.73086
Applegate	43.359512	-82.639197
Arcadia	44.492683	-86.236542
Argentine	42.790313	-83.838026
Armada	42.842083	-82.881108
Ashley	43.186885	-84.476007
Athens	42.087394	-85.236217
Atlanta	45.004164	-84.154815
Atlantic Mine	47.10369	-88.628112
Attica	43.024395	-83.160982
Auburn	43.602011	-84.075106
Auburn Hills	42.67472	-83.243606
Au Gres	44.044186	-83.693409
Augusta	42.337672	-85.352464
Au Sable	44.412586	-83.339039
Bad Axe	43.804919	-82.998319
Baldwin	43.897633	-85.857218
Bancroft	42.876641	-84.065809
Bangor	42.31243	-86.113441
Baraga	46.775344	-88.501207
Barnes Lake	43.182757	-83.303283
Baroda	41.954018	-86.487965
Barryton	43.751409	-85.144572
Barton Hills	42.316673	-83.756053
Bath	42.818964	-84.454437
Battle Creek	42.299176	-85.229267
Bay City	43.590062	-83.888421
Bay Port	43.837078	-83.368888
Bay Shore	45.36082	-85.11155
Bay View	45.385819	-84.929198
Beal City	43.667159	-84.907957
Bear Lake	44.717532	-84.94367
Bear Lake	44.419859	-86.14525
Beaverton	43.880664	-84.487676
Beecher	43.090466	-83.704538
Beechwood	42.798987	-86.1218
Belding	43.096485	-85.233029
Bellaire	44.96995	-85.205033
Belleville	42.201917	-83.482812
Bellevue	42.444303	-85.01871
Bendon	44.637099	-85.847916
Benton Harbor	42.113495	-86.44725
Benton Heights	42.122196	-86.415051
Benzonia	44.616077	-86.098936
Bergland	46.591152	-89.574924
Berkley	42.498602	-83.185342
Berrien Springs	41.947262	-86.340238
Bessemer	46.477579	-90.049836
Beulah	44.627315	-86.09975
Beverly Hills	42.522543	-83.24034
Big Bay	46.817343	-87.708012
Big Rapids	43.699671	-85.48125
Bingham Farms	42.517595	-83.277997
Birch Run	43.250743	-83.791674
Birmingham	42.544805	-83.216576
Blissfield	41.831034	-83.864239
Bloomfield Hills	42.581359	-83.246418
Bloomingdale	42.386364	-85.965151
Boon	44.28768	-85.601314
Boyne City	45.212987	-85.012443
Boyne Falls	45.16808	-84.913482
Breckenridge	43.407686	-84.478549
Breedsville	42.350328	-86.067386
Brethren	44.304838	-86.016741
Bridgeport	43.370815	-83.881964
Bridgman	41.935169	-86.56711
Brighton	42.529705	-83.784545
Brimley	46.407293	-84.583295
Britton	41.987656	-83.830455
Bronson	41.872087	-85.190768
Brooklyn	42.105526	-84.248804
Brown City	43.211479	-82.988376
Brownlee Park	42.328278	-85.133657
Bruce Crossing	46.539364	-89.177876
Brutus	45.494438	-84.781778
Buchanan	41.828291	-86.365974
Buckley	44.499953	-85.674382
Buena Vista	43.417451	-83.900535
Burlington	42.103795	-85.077531
Burr Oak	41.847416	-85.323948
Burt	43.235651	-83.903124
Burton	43.000745	-83.618151
Byron	42.820703	-83.949907
Byron Center	42.80946	-85.726365
Caberfae	44.249154	-85.725636
Cadillac	44.251327	-85.413986
Caledonia	42.794743	-85.5171
Calumet	47.247744	-88.453416
Cambria	41.815055	-84.660595
Camden	41.754934	-84.756249
Canada Creek Ranch	45.17289	-84.209931
Canadian Lakes	43.580629	-85.303402
Cannonsburg	43.054116	-85.474287
Capac	43.003889	-82.92228
Carleton	42.057195	-83.389838
Carney	45.59354	-87.554685
Caro	43.489303	-83.401744
Carp Lake	45.696939	-84.750297
Carson City	43.181536	-84.845223
Carsonville	43.42571	-82.672952
Caseville	43.94164	-83.275289
Casnovia	43.231998	-85.787451
Caspian	46.065305	-88.626646
Cass City	43.600321	-83.176455
Cassopolis	41.912485	-86.008184
Cedar	44.846668	-85.794058
Cedar Springs	43.220424	-85.554367
Cement City	42.068395	-84.327619
Center Line	42.480563	-83.027424
Central Lake	45.069781	-85.263236
Centreville	41.920791	-85.525944
Charlevoix	45.313796	-85.25563
Charlotte	42.566202	-84.831839
Chassell	47.036116	-88.530745
Chatham	46.344074	-86.931268
Cheboygan	45.641914	-84.468763
Chelsea	42.311392	-84.019416
Chesaning	43.185505	-84.119881
Chums Corner	44.67652	-85.658151
Clare	43.826006	-84.761755
Clarksville	42.842091	-85.242539
Clawson	42.536672	-83.150409
Clayton	41.864801	-84.234718
Clifford	43.315129	-83.1796
Climax	42.238303	-85.336021
Clinton	42.068279	-83.965732
Clio	43.176951	-83.735633
Coldwater	41.94601	-84.999302
Coleman	43.75916	-84.586917
Coloma	42.18657	-86.309346
Colon	41.962674	-85.319439
Columbiaville	43.154309	-83.404164
Comstock Northwest	42.321348	-85.517045
Comstock Park	43.04412	-85.676323
Concord	42.176996	-84.645489
Constantine	41.837955	-85.665212
Conway	45.409086	-84.870914
Coopersville	43.065467	-85.933752
Copemish	44.481667	-85.92515
Copper City	47.284199	-88.387549
Copper Harbor	47.467908	-87.869878
Corunna	42.983392	-84.115863
Covington	46.538599	-88.54562
Cross Village	45.643907	-85.031197
Croswell	43.272784	-82.616688
Crystal	43.259014	-84.931941
Crystal Downs Country Club	44.701445	-86.230862
Crystal Falls	46.090199	-88.321439
Crystal Mountain	44.524268	-86.002247
Custer	43.951136	-86.219584
Cutlerville	42.838729	-85.672784
Daggett	45.46201	-87.604684
Dansville	42.555453	-84.302516
Davison	43.031783	-83.518677
Dearborn	42.313057	-83.211488
Dearborn Heights	42.335671	-83.288832
Decatur	42.10767	-85.975022
Deckerville	43.526531	-82.742039
Deerfield	41.890188	-83.778855
Delton	42.494554	-85.413167
De Tour Village	45.983001	-83.913229
Detroit	42.383037	-83.102237
Detroit Beach	41.931078	-83.328277
DeWitt	42.838828	-84.583837
Dexter	42.332256	-83.881027
Dimondale	42.65066	-84.645512
Dodgeville	47.091218	-88.57971
Dollar Bay	47.127287	-88.507035
Dorr	42.726723	-85.716885
Douglas	42.638926	-86.207604
Dowagiac	41.983432	-86.112844
Dowling	42.529764	-85.234176
Dryden	42.945581	-83.123986
Dundee	41.966485	-83.669419
Durand	42.912759	-83.989076
Eagle	42.809794	-84.79089
Eagle Harbor	47.451539	-88.153496
Eagle River	47.404434	-88.261155
East Grand Rapids	42.946581	-85.606762
East Jordan	45.152234	-85.130389
Eastlake	44.245531	-86.292896
East Lansing	42.748913	-84.482442
Eastpointe	42.46608	-82.946341
Eastport	45.111759	-85.351098
East Tawas	44.290803	-83.48377
Eastwood	42.302281	-85.544559
Eaton Rapids	42.509741	-84.651875
Eau Claire	41.983877	-86.307533
Ecorse	42.249592	-83.140439
Edgemont Park	42.746736	-84.59261
Edmore	43.407605	-85.03675
Edwardsburg	41.795374	-86.083498
Elberta	44.620668	-86.234159
Elk Rapids	44.898015	-85.40454
Elkton	43.818268	-83.180951
Ellsworth	45.167207	-85.242917
Elm Hall	43.357328	-84.830703
Elsie	43.089262	-84.388514
Emmett	42.993413	-82.765289
Empire	44.812606	-86.059268
Escanaba	45.746289	-87.083605
Essexville	43.61229	-83.841983
Estral Beach	41.98597	-83.23586
Eureka	43.103604	-84.513605
Evart	43.898807	-85.270534
Ewen	46.533156	-89.285196
Fairgrove	43.524484	-83.543436
Fair Plain	42.08186	-86.45354
Falmouth	44.239804	-85.080085
Farmington	42.461379	-83.378385
Farmington Hills	42.485648	-83.375961
Farwell	43.83684	-84.867335
Fennville	42.59472	-86.105066
Fenton	42.800606	-83.717708
Ferndale	42.45921	-83.131366
Ferrysburg	43.087541	-86.227024
Fife Lake	44.575764	-85.347772
Filer City	44.214721	-86.288768
Flat Rock	42.097866	-83.269827
Flint	43.02442	-83.691971
Flushing	43.062786	-83.842628
Forest Hills	42.960191	-85.489674
Forestville	43.659867	-82.612562
Fostoria	43.253097	-83.361765
Fountain	44.048439	-86.180986
Fowler	43.003991	-84.741698
Fowlerville	42.65938	-84.073743
Frankenmuth	43.332832	-83.739129
Frankfort	44.636844	-86.231999
Franklin	42.518759	-83.303027
Fraser	42.537633	-82.946742
Freeland	43.517527	-84.114738
Freeport	42.763631	-85.315757
Free Soil	44.10714	-86.210978
Fremont	43.462476	-85.954758
Fruitport	43.12552	-86.156144
Fulton	47.299161	-88.360809
Gaastra	46.055724	-88.60497
Gagetown	43.658122	-83.244605
Gaines	42.872516	-83.910809
Galesburg	42.290862	-85.41756
Galien	41.801528	-86.499564
Garden	45.7693	-86.557321
Garden City	42.324383	-83.341192
Gaylord	45.021342	-84.681822
Gibraltar	42.105437	-83.201018
Gladstone	45.850512	-87.02623
Gladwin	43.98397	-84.487229
Glen Arbor	44.894292	-85.98905
Gobles	42.361652	-85.877392
Goodrich	42.910851	-83.517348
Grand Beach	41.774578	-86.788421
Grand Blanc	42.932537	-83.620491
Grand Haven	43.054969	-86.219349
Grand Ledge	42.752927	-84.744901
Grand Marais	46.675701	-85.96643
Grand Rapids	42.961156	-85.65557
Grandville	42.900514	-85.752086
Grant	43.333986	-85.809879
Grass Lake	42.250798	-84.206176
Grawn	44.661043	-85.68833
Grayling	44.65796	-84.711067
Greenland	46.780371	-89.095182
Greenville	43.179635	-85.253976
Greilickville	44.801098	-85.670054
Grosse Pointe	42.383931	-82.903868
Grosse Pointe Farms	42.397545	-82.889177
Grosse Pointe Park	42.373949	-82.923438
Grosse Pointe Woods	42.439255	-82.898955
Gwinn	46.285373	-87.441915
Hamtramck	42.395373	-83.055945
Hancock	47.136727	-88.597762
Hanover	42.100521	-84.554526
Harbor Beach	43.844838	-82.654639
Harbor Springs	45.432485	-84.9891
Hardwood Acres	44.719582	-85.822093
Haring	44.28185	-85.400772
Harper Woods	42.439012	-82.929254
Harrietta	44.309129	-85.700639
Harrison	44.012954	-84.810647
Harrisville	44.657509	-83.29458
Hart	43.696618	-86.367269
Hartford	42.204959	-86.166122
Hartland	42.66455	-83.743754
Harvey	46.483625	-87.356715
Haslett	42.752083	-84.397423
Hastings	42.65013	-85.288373
Hazel Park	42.461926	-83.097693
Hemlock	43.421637	-84.239945
Henderson	43.087562	-84.192135
Hermansville	45.708081	-87.607173
Hersey	43.851264	-85.441879
Hesperia	43.569472	-86.040931
Hickory Corners	42.434402	-85.385859
Highland Park	42.405226	-83.09765
Hillman	45.06683	-83.893657
Hillsdale	41.927461	-84.637479
Holland	42.768074	-86.098598
Holly	42.798799	-83.622967
Holt	42.642061	-84.530768
Homer	42.146423	-84.809738
Honor	44.666362	-86.019445
Hopkins	42.625054	-85.763345
Horton Bay	45.281226	-85.074661
Houghton	47.111751	-88.567237
Houghton Lake	44.301067	-84.749865
Howard City	43.393266	-85.466107
Howell	42.608129	-83.934339
Hubbard Lake	44.82085	-83.554794
Hubbardston	43.094491	-84.842754
Hubbell	47.17676	-88.432329
Hudson	41.856457	-84.345705
Hudsonville	42.86337	-85.862205
Huntington Woods	42.481899	-83.168088
Hurontown	47.109057	-88.574075
Ida	41.903674	-83.562766
Imlay City	43.017052	-83.077098
Indian River	45.429765	-84.621951
Inkster	42.293945	-83.320298
Interlochen	44.649049	-85.763391
Ionia	42.976821	-85.074633
Iron Mountain	45.826888	-88.059435
Iron River	46.095906	-88.636598
Ironton	45.256898	-85.192928
Ironwood	46.452209	-90.150432
Ishpeming	46.470344	-87.675141
Ithaca	43.291094	-84.595673
Jackson	42.242156	-84.402038
Jasper	41.785907	-84.040344
Jenison	42.901908	-85.827273
Jennings	44.332466	-85.297231
Jonesville	41.979437	-84.665812
Kalamazoo	42.275163	-85.588501
Kaleva	44.372279	-86.013552
Kalkaska	44.731565	-85.184329
Keego Harbor	42.608273	-83.345752
Kent City	43.226366	-85.755468
Kentwood	42.88482	-85.59254
Kincheloe	46.268845	-84.456814
Kinde	43.941426	-82.996704
Kingsford	45.806438	-88.100365
Kingsley	44.588453	-85.524092
Kingston	43.412805	-83.186262
K. I. Sawyer	46.329318	-87.365252
Laingsburg	42.89056	-84.350399
Lake Angelus	42.69171	-83.325533
Lake Ann	44.726978	-85.846887
Lake City	44.329668	-85.208474
Lake Fenton	42.845195	-83.711121
Lake Gogebic	46.58043	-89.604779
Lake Isabella	43.644091	-85.004778
Lake LeAnn	42.056971	-84.430444
Lake Leelanau	44.980738	-85.71639
Lake Linden	47.195457	-88.405739
Lake Michigan Beach	42.205202	-86.376922
Lake Odessa	42.78292	-85.137538
Lake Orion	42.78365	-83.244321
Lakeport	43.10693	-82.493363
Lakes of the North	44.930026	-84.88508
Lake Victoria	42.917917	-84.379972
Lakeview	43.443065	-85.266937
Lakewood Club	43.37616	-86.252572
Lambertville	41.745082	-83.621825
Lamont	43.017048	-85.91053
L'Anse	46.752865	-88.448145
Lansing	42.714341	-84.560889
Lapeer	43.045127	-83.326746
Lathrup Village	42.492076	-83.227283
Laurium	47.235108	-88.43819
Lawrence	42.214998	-86.057509
Lawton	42.167315	-85.846502
Leland	45.021444	-85.757109
Lennon	42.98544	-83.93253
Leonard	42.865229	-83.142943
Le Roy	44.038127	-85.453782
Leslie	42.450343	-84.432593
Level Park-Oak Park	42.371326	-85.268766
Levering	45.634773	-84.784018
Lewiston	44.87758	-84.303563
Lexington	43.267243	-82.537
Lincoln	44.684367	-83.412568
Lincoln Park	42.243291	-83.181258
Linden	42.819164	-83.781225
Litchfield	42.040153	-84.752172
Livonia	42.397183	-83.372319
Loomis	43.783996	-84.658389
Lost Lake Woods	44.798526	-83.42108
Lowell	42.9346	-85.346219
Ludington	43.957196	-86.442937
Luna Pier	41.803262	-83.442475
Lupton	44.429168	-84.023882
Luther	44.038779	-85.683001
Lyons	42.986519	-84.944178
McBain	44.196055	-85.215381
McBride	43.352057	-85.044134
Mackinac Island	45.860184	-84.625834
Mackinaw City	45.783922	-84.756558
Madison Heights	42.507264	-83.103351
Mancelona	44.902417	-85.061271
Manchester	42.148292	-84.034633
Manistee	44.245268	-86.327537
Manistee Lake	44.772482	-85.023542
Manistique	45.959744	-86.250953
Manitou Beach-Devils Lake	41.98233	-84.280266
Manton	44.411345	-85.400523
Maple City	44.855635	-85.857256
Maple Grove	44.709076	-85.853723
Maple Rapids	43.108593	-84.685876
Marcellus	42.024904	-85.813917
Marenisco	46.373716	-89.712017
Marine City	42.714297	-82.50279
Marion	44.099785	-85.140944
Marlette	43.326439	-83.080519
Marquette	46.550698	-87.395833
Marshall	42.26263	-84.958739
Martin	42.536958	-85.638952
Marysville	42.908473	-82.480956
Mason	42.580693	-84.442283
Mass City	46.76159	-89.084852
Mattawan	42.215635	-85.79576
Maybee	42.010183	-83.509259
Mayville	43.335942	-83.351972
Mears	43.683473	-86.422227
Mecosta	43.618108	-85.229964
Melvin	43.18643	-82.861653
Melvindale	42.278607	-83.182255
Memphis	42.895234	-82.768258
Mendon	42.008514	-85.454039
Menominee	45.122088	-87.623573
Merrill	43.40908	-84.334493
Mesick	44.404051	-85.71734
Metamora	42.945532	-83.292977
Michiana	41.763711	-86.811106
Michigamme	46.53068	-88.026155
Michigan Center	42.228083	-84.322602
Middletown	42.986711	-84.143047
Middleville	42.715319	-85.468617
Midland	43.624796	-84.231984
Milan	42.081347	-83.684793
Milford	42.588539	-83.601648
Millburg	42.126828	-86.344687
Millersburg	45.33408	-84.0607
Millers Lake	43.184503	-83.326168
Millington	43.272814	-83.523817
Minden City	43.674722	-82.772809
Mio	44.662314	-84.145991
Mohawk	47.310187	-88.344658
Monroe	41.916586	-83.384324
Montague	43.412561	-86.363119
Montgomery	41.776041	-84.808997
Montrose	43.176345	-83.893185
Morenci	41.722711	-84.216844
Morley	43.490389	-85.445471
Morrice	42.836015	-84.184476
Mount Clemens	42.598055	-82.881506
Mount Morris	43.117664	-83.698729
Mount Pleasant	43.59671	-84.775972
Muir	42.998361	-84.935183
Mulliken	42.763008	-84.89637
Munising	46.430919	-86.619443
Muskegon	43.22654	-86.257247
Muskegon Heights	43.201921	-86.240963
Napoleon	42.164503	-84.243842
Nashville	42.602967	-85.093882
Naubinway	46.089761	-85.455055
Negaunee	46.496619	-87.591868
Nessen City	44.520601	-85.87185
Newaygo	43.417276	-85.79953
New Baltimore	42.685306	-82.737649
Newberry	46.353821	-85.509804
New Buffalo	41.791382	-86.742543
New Era	43.559633	-86.347156
New Haven	42.729762	-82.79704
New Lothrop	43.117275	-83.968974
New Troy	41.881797	-86.542358
Niles	41.834539	-86.247851
North Adams	41.970714	-84.525209
North Branch	43.228637	-83.191973
North Muskegon	43.252163	-86.270831
Northport	45.130272	-85.617661
Northview	43.03985	-85.603448
Northville	42.436205	-83.488283
Norton Shores	43.169538	-86.235405
Norway	45.798585	-87.913952
Norwood	45.23186	-85.380956
Novi	42.478494	-83.486825
Nunica	43.085244	-86.074816
Oak Hill	44.21971	-86.303149
Oakley	43.143364	-84.168566
Oak Park	42.464943	-83.18241
Oden	45.425064	-84.82576
Okemos	42.709062	-84.414283
Olivet	42.443077	-84.930262
Omena	45.062472	-85.598315
Omer	44.048897	-83.857288
Onaway	45.358541	-84.22721
Onekama	44.365619	-86.202142
Onsted	42.006096	-84.189348
Ontonagon	46.86632	-89.312399
Orchard Lake Village	42.58936	-83.371309
Ortonville	42.848144	-83.437999
Oscoda	44.424111	-83.332235
Ossineke	44.908297	-83.432043
Otisville	43.165326	-83.525305
Otsego	42.457983	-85.698576
Otter Lake	43.213445	-83.459332
Ovid	43.003085	-84.375887
Owendale	43.727361	-83.267148
Owosso	42.995252	-84.175845
Oxford	42.82143	-83.253464
Painesdale	47.043406	-88.671537
Palmer	46.443585	-87.581653
Palo	43.11065	-84.986143
Parchment	42.327495	-85.565336
Paris	43.782136	-85.507502
Parkdale	44.272021	-86.280533
Parma	42.265443	-84.548989
Paw Paw	42.214235	-85.892177
Paw Paw Lake	42.211388	-86.275586
Pearl Beach	42.631576	-82.586437
Peck	43.258857	-82.816754
Pelkie	46.815639	-88.641548
Pellston	45.551578	-84.783372
Pentwater	43.77962	-86.429916
Perrinton	43.180834	-84.6799
Perry	42.832184	-84.224071
Petersburg	41.899695	-83.71403
Petoskey	45.36485	-85.010701
Pewamo	43.001974	-84.847338
Pierson	43.319647	-85.497502
Pigeon	43.829432	-83.270227
Pilgrim	44.664553	-86.24986
Pinckney	42.455397	-83.941075
Pinconning	43.857225	-83.964629
Pittsford	41.861853	-84.47714
Plainwell	42.444718	-85.642272
Pleasant Ridge	42.471516	-83.1445
Plymouth	42.371246	-83.467617
Ponshewaing	45.42083	-84.805815
Pontiac	42.649228	-83.287363
Portage	42.19705	-85.591395
Port Austin	44.042552	-82.995086
Port Hope	43.939406	-82.714955
Port Huron	42.993766	-82.433743
Portland	42.869794	-84.89893
Port Sanilac	43.427666	-82.544729
Posen	45.262242	-83.698861
Potterville	42.629087	-84.745031
Powers	45.687967	-87.526504
Prescott	44.191629	-83.93224
Presque Isle Harbor	45.323994	-83.48994
Prudenville	44.300773	-84.665535
Quincy	41.942837	-84.882574
Quinnesec	45.803285	-87.99641
Ramsay	46.470015	-89.997872
Rapid City	44.838445	-85.289849
Rapid River	45.926394	-86.974284
Ravenna	43.187995	-85.941183
Reading	41.839583	-84.74783
Reed City	43.872754	-85.507006
Reese	43.452753	-83.689417
Republic	46.408561	-87.988013
Richland	42.37171	-85.458147
Richmond	42.810558	-82.752173
Riverdale	43.382448	-84.840784
River Rouge	42.274346	-83.124162
Riverview	42.173456	-83.19838
Robin Glen-Indiantown	43.461835	-83.840784
Rochester	42.686639	-83.119721
Rochester Hills	42.663484	-83.159196
Rock	46.068623	-87.161688
Rockford	43.136975	-85.554519
Rockland	46.739419	-89.179561
Rockwood	42.070344	-83.241746
Rogers City	45.417699	-83.804751
Romeo	42.80458	-83.002603
Romulus	42.223649	-83.366036
Roosevelt Park	43.198147	-86.273346
Roscommon	44.488292	-84.589938
Rosebush	43.703977	-84.763725
Rose City	44.421054	-84.115409
Roseville	42.507586	-82.936582
Rothbury	43.51841	-86.361411
Royal Oak	42.507816	-83.15389
Ruby	43.032897	-82.611823
Saginaw	43.419945	-83.950172
St. Charles	43.298335	-84.147648
St. Clair	42.82653	-82.492433
St. Clair Shores	42.493043	-82.890901
St. Helen	44.358733	-84.411808
St. Ignace	45.887164	-84.731707
St. James	45.742671	-85.530064
St. Johns	43.000509	-84.555518
St. Joseph	42.09969	-86.48877
St. Louis	43.408528	-84.61123
Saline	42.174728	-83.777123
Sand Lake	44.328956	-83.665714
Sand Lake	43.28859	-85.52403
Sandusky	43.420184	-82.833043
Sanford	43.678174	-84.385543
Saranac	42.927315	-85.209544
Saugatuck	42.661361	-86.204623
Sault Ste. Marie	46.476169	-84.370544
Schoolcraft	42.116947	-85.633738
Scotts	42.194134	-85.41368
Scottville	43.951101	-86.279816
Sebewaing	43.731719	-83.450916
Shaftsburg	42.808078	-84.299594
Shelby	43.612058	-86.364492
Shepherd	43.523558	-84.692697
Sheridan	43.209778	-85.079847
Sherwood	41.999707	-85.239404
Shields	43.422926	-84.074073
Shoreham	42.060447	-86.511394
Shorewood-Tower Hills-Harbert	41.881516	-86.617744
Skanee	46.873208	-88.198047
Skidway Lake	44.19441	-84.04621
Snover	43.454768	-82.96067
South Boardman	44.635464	-85.287363
Southfield	42.47464	-83.259509
Southgate	42.204707	-83.205685
South Gull Lake	42.386452	-85.406297
South Haven	42.401341	-86.268434
South Lyon	42.461015	-83.653169
South Monroe	41.892659	-83.41856
South Range	47.070307	-88.644003
South Rockwood	42.060421	-83.271532
Sparta	43.156706	-85.710989
Spring Arbor	42.206771	-84.554945
Springfield	42.324099	-85.235369
Spring Lake	43.073454	-86.194149
Springport	42.378335	-84.696476
Standish	43.977711	-83.963989
Stanton	43.293152	-85.079576
Stanwood	43.58034	-85.448169
Stephenson	45.413734	-87.609107
Sterling	44.032789	-84.01863
Sterling Heights	42.581206	-83.030316
Stevensville	42.01397	-86.525407
Stockbridge	42.448652	-84.175751
Stony Point	41.946659	-83.270551
Stronach	44.213135	-86.273107
Sturgis	41.799088	-85.418435
Sunfield	42.761153	-84.995135
Suttons Bay	44.979594	-85.650728
Swartz Creek	42.964205	-83.816173
Sylvan Lake	42.616764	-83.333465
Tawas City	44.267154	-83.522985
Taylor	42.225283	-83.267691
Tecumseh	42.006108	-83.944454
Tekonsha	42.097365	-84.991924
Temperance	41.767537	-83.571672
Thompsonville	44.519962	-85.93797
Three Lakes	46.534165	-88.183896
Three Oaks	41.798529	-86.613904
Three Rivers	41.945386	-85.629548
Tower	45.351842	-84.293701
Traverse City	44.754309	-85.603011
Trenton	42.140058	-83.192914
Trimountain	47.055706	-88.658594
Trowbridge Park	46.556125	-87.44124
Troy	42.583882	-83.145533
Trufant	43.321851	-85.349868
Turner	44.141532	-83.788111
Tustin	44.10094	-85.45892
Twining	44.115193	-83.812228
Twin Lake	43.368535	-86.183603
Ubly	43.708237	-82.935589
Union City	42.066714	-85.143168
Unionville	43.653523	-83.467098
Utica	42.628745	-83.02333
Vandalia	41.922845	-85.915563
Vanderbilt	45.14357	-84.663888
Vandercook Lake	42.191425	-84.385487
Vassar	43.370831	-83.577539
Vermontville	42.626676	-85.027611
Vernon	42.939363	-84.0336
Vicksburg	42.123026	-85.538293
Village of Clarkston	42.732134	-83.421132
Village of Grosse Pointe Shores	42.451262	-82.870379
Vineyard Lake	42.090395	-84.2173
Wacousta	42.816929	-84.690964
Wakefield	46.476904	-89.93343
Waldron	41.724175	-84.41884
Walker	42.996553	-85.756366
Walkerville	43.714657	-86.125889
Walled Lake	42.537199	-83.473713
Walloon Lake	45.271866	-84.941181
Warren	42.492904	-83.025001
Watersmeet	46.295281	-89.206133
Watervliet	42.187565	-86.25857
Waverly	42.7384	-84.633987
Wayland	42.673081	-85.641727
Wayne	42.276913	-83.388148
Webberville	42.660867	-84.189001
Wedgewood	44.194302	-85.489842
Weidman	43.704084	-84.977992
Wellston	44.222689	-85.968132
West Branch	44.273789	-84.236589
West Ishpeming	46.488444	-87.717078
Westland	42.319173	-83.380778
West Monroe	41.914035	-83.431604
Westphalia	42.93104	-84.797881
Westwood	42.303049	-85.628653
White Cloud	43.557519	-85.7743
Whitehall	43.400517	-86.339599
White Pigeon	41.795234	-85.650406
White Pine	46.740122	-89.58126
Whitmore Lake	42.420281	-83.752134
Whittemore	44.23373	-83.803295
Williamston	42.683348	-84.283557
Winn	43.518732	-84.901052
Wixom	42.522781	-83.530188
Wolf Lake	43.244424	-86.112341
Wolverine	45.273593	-84.605544
Wolverine Lake	42.553333	-83.486391
Woodhaven	42.13453	-83.235139
Woodland	42.726788	-85.134423
Woodland Beach	41.941718	-83.314014
Wyandotte	42.210674	-83.157208
Wyoming	42.890317	-85.706733
Yale	43.12825	-82.797564
Ypsilanti	42.244354	-83.62116
Zeba	46.787698	-88.411787
Zeeland	42.814244	-86.014255
Zilwaukee	43.483634	-83.924494
Ada	47.298859	-96.516498
Adams	43.565363	-92.71904
Adrian	43.63356	-95.932804
Afton	44.898776	-92.819108
Aitkin	46.52665	-93.704992
Akeley	47.000418	-94.728215
Albany	45.626654	-94.563237
Alberta	45.574922	-96.050358
Albert Lea	43.654293	-93.364148
Albertville	45.236048	-93.662668
Alden	43.667494	-93.569804
Aldrich	46.37471	-94.939392
Alexandria	45.877178	-95.376965
Alpha	43.637575	-94.871059
Altura	44.064208	-91.94358
Alvarado	48.192875	-96.998452
Amboy	43.887927	-94.158264
Andover	45.25242	-93.337402
Angle Inlet	49.347409	-95.069804
Annandale	45.259939	-94.121278
Anoka	45.214398	-93.391638
Appleton	45.199475	-96.022226
Apple Valley	44.745301	-93.199413
Arco	44.384736	-96.183928
Arden Hills	45.071159	-93.165472
Argyle	48.336573	-96.816228
Arlington	44.608271	-94.076824
Ashby	46.095452	-95.819166
Askov	46.188634	-92.782393
Atwater	45.135492	-94.776877
Audubon	46.865228	-95.984096
Aurora	47.531639	-92.241012
Austin	43.672098	-92.977863
Avoca	43.948754	-95.646724
Avon	45.605505	-94.447741
Babbitt	47.643105	-91.928336
Backus	46.820915	-94.514549
Badger	48.776773	-96.021268
Bagley	47.52439	-95.402771
Baker	46.710489	-96.55794
Balaton	44.232947	-95.871071
Ball Club	47.331104	-93.946058
Barnesville	46.65028	-96.41646
Barnum	46.505377	-92.688376
Barrett	45.913155	-95.904683
Barry	45.558198	-96.560364
Battle Lake	46.284912	-95.718697
Baudette	48.712267	-94.591807
Baxter	46.343935	-94.276015
Bayport	45.014845	-92.778906
Beardsley	45.557826	-96.714484
Beaulieu	47.335241	-95.816504
Beaver Bay	47.256182	-91.306224
Beaver Creek	43.612429	-96.362367
Becker	45.386507	-93.887261
Bejou	47.442913	-95.972712
Belgrade	45.450627	-94.999813
Bellechester	44.371019	-92.511322
Belle Plaine	44.61978	-93.764595
Bellingham	45.136439	-96.284103
Beltrami	47.542495	-96.52708
Belview	44.60654	-95.32874
Bemidji	47.487034	-94.88269
Bena	47.341003	-94.206406
Benson	45.315182	-95.60537
Bertha	46.267091	-95.061778
Bethel	45.40442	-93.274901
Bigelow	43.505285	-95.689212
Big Falls	48.179608	-93.809244
Bigfork	47.746929	-93.653335
Big Lake	46.70113	-92.62114
Big Lake	45.342422	-93.743036
Bingham Lake	43.909189	-95.044663
Birchwood Village	45.059981	-92.978025
Bird Island	44.765016	-94.894194
Biscay	44.826274	-94.274071
Biwabik	47.540312	-92.342174
Blackduck	47.720934	-94.545504
Blaine	45.170515	-93.206089
Blomkest	44.942812	-95.023463
Blooming Prairie	43.868455	-93.055725
Bloomington	44.829666	-93.315217
Blue Earth	43.640994	-94.100339
Bluffton	46.469401	-95.233935
Bock	45.784458	-93.552833
Borup	47.180266	-96.505831
Bovey	47.298068	-93.405163
Bowlus	45.819072	-94.407244
Boyd	44.851179	-95.900919
Boy River	47.167808	-94.124114
Braham	45.722348	-93.172197
Brainerd	46.355269	-94.198372
Brandon	45.966911	-95.593973
Breckenridge	46.265925	-96.584616
Breezy Point	46.60912	-94.20731
Brewster	43.697269	-95.464523
Bricelyn	43.56075	-93.813062
Brooklyn Center	45.06797	-93.317829
Brooklyn Park	45.110906	-93.349088
Brook Park	45.948428	-93.072828
Brooks	47.816514	-96.003542
Brookston	46.865085	-92.601739
Brooten	45.500071	-95.115682
Browerville	46.080527	-94.864562
Brownsdale	43.740406	-92.868154
Browns Valley	45.594695	-96.832663
Brownsville	43.701134	-91.288028
Brownton	44.732507	-94.350899
Bruno	46.280998	-92.668055
Buckman	45.897345	-94.093986
Buffalo	45.17951	-93.863995
Buffalo Lake	44.736768	-94.616986
Buhl	47.49859	-92.781109
Burnsville	44.764409	-93.279372
Burtrum	45.86582	-94.687361
Butterfield	43.958682	-94.794127
Byron	44.038121	-92.64101
Caledonia	43.634127	-91.500399
Callaway	46.981243	-95.917281
Calumet	47.321955	-93.264172
Cambridge	45.560772	-93.227702
Campbell	46.097528	-96.405457
Canby	44.716098	-96.269761
Cannon Falls	44.517265	-92.889342
Canton	43.529787	-91.930019
Carlos	45.973507	-95.292338
Carlton	46.655769	-92.430397
Carver	44.761475	-93.632544
Cass Lake	47.379727	-94.599409
Cedar Mills	44.942911	-94.520103
Center City	45.393771	-92.814249
Centerville	45.167461	-93.055168
Ceylon	43.532753	-94.630701
Champlin	45.172932	-93.386829
Chandler	43.930645	-95.951171
Chanhassen	44.854285	-93.562384
Chaska	44.816364	-93.610023
Chatfield	43.844464	-92.182851
Chickamaw Beach	46.745026	-94.377832
Chisago City	45.345584	-92.910034
Chisholm	47.48753	-92.879401
Chokio	45.573129	-96.174213
Circle Pines	45.143748	-93.147517
Clara City	44.957438	-95.367668
Claremont	44.044914	-92.99722
Clarissa	46.128461	-94.949076
Clarkfield	44.790327	-95.807608
Clarks Grove	43.762692	-93.328035
Clearbrook	47.696244	-95.429274
Clear Lake	45.448615	-94.001429
Clearwater	45.409879	-94.04456
Clements	44.380059	-95.054751
Cleveland	44.32356	-93.835276
Climax	47.609513	-96.81224
Clinton	45.466935	-96.442644
Clitherall	46.27368	-95.633315
Clontarf	45.379758	-95.679949
Cloquet	46.72507	-92.50133
Coates	44.715111	-93.032064
Cobden	44.282487	-94.846585
Cohasset	47.242447	-93.66423
Cokato	45.076721	-94.187548
Cold Spring	45.458256	-94.428154
Coleraine	47.258731	-93.453936
Cologne	44.769825	-93.792428
Columbia Heights	45.049104	-93.246749
Columbus	45.254914	-93.107678
Comfrey	44.111057	-94.902839
Comstock	46.659568	-96.746472
Conger	43.615251	-93.527498
Cook	47.835667	-92.688852
Coon Rapids	45.176411	-93.311454
Corcoran	45.106897	-93.577979
Correll	45.231934	-96.162645
Cosmos	44.935859	-94.695399
Cottage Grove	44.813326	-92.914315
Cottonwood	44.611023	-95.671863
Courtland	44.275349	-94.342423
Credit River	44.670781	-93.361123
Cromwell	46.679346	-92.870896
Crookston	47.77474	-96.606426
Crosby	46.493267	-93.94569
Crosslake	46.678212	-94.102014
Crown College	44.884686	-93.743508
Crystal	45.03731	-93.359478
Currie	44.070466	-95.666899
Cuyuna	46.506747	-93.919671
Cyrus	45.614762	-95.738197
Dakota	43.911548	-91.361362
Dalton	46.173937	-95.915465
Danube	44.791036	-95.102898
Danvers	45.281396	-95.755953
Darfur	44.053463	-94.83775
Darwin	45.098539	-94.422474
Dassel	45.084868	-94.316956
Dawson	44.928985	-96.050376
Dayton	45.189088	-93.471575
Deephaven	44.931974	-93.529104
Deer Creek	46.389663	-95.32084
Deer River	47.339082	-93.792811
Deerwood	46.467258	-93.898458
De Graff	45.259866	-95.468378
Delano	45.038399	-93.792978
Delavan	43.767711	-94.017382
Delhi	44.597999	-95.213359
Dellwood	45.098812	-92.967619
Denham	46.361693	-92.94149
Dennison	44.408806	-93.030253
Dent	46.553166	-95.718606
Detroit Lakes	46.807582	-95.846612
Dexter	43.719411	-92.701715
Dilworth	46.879436	-96.698332
Dodge Center	44.028522	-92.852159
Donaldson	48.57277	-96.894065
Donnelly	45.689266	-96.01433
Doran	46.185139	-96.485605
Dover	43.969815	-92.134022
Dovray	44.054516	-95.547738
Dresbach	43.886874	-91.346803
Duluth	46.774458	-92.134135
Dumont	45.717375	-96.423094
Dundas	44.427691	-93.203788
Dundee	43.844012	-95.466566
Dunnell	43.560465	-94.775179
Eagan	44.815217	-93.162816
Eagle Bend	46.164272	-95.034111
Eagle Lake	44.1635	-93.882016
East Bethel	45.353204	-93.21766
East Grand Forks	47.928573	-97.013814
East Gull Lake	46.397047	-94.363791
Easton	43.766087	-93.90001
Ebro	47.49422	-95.541079
Echo	44.617646	-95.413787
Eden Prairie	44.849595	-93.458721
Eden Valley	45.325566	-94.545926
Edgerton	43.87533	-96.130472
Edina	44.891123	-93.359752
Effie	47.841166	-93.637703
Eitzen	43.508356	-91.465003
Elba	44.086708	-92.016858
Elbow Lake	47.146718	-95.544075
Elbow Lake	45.989595	-95.978766
Elgin	44.129221	-92.25443
Elizabeth	46.38012	-96.130973
Elko New Market	44.567066	-93.334315
Elk River	45.332212	-93.566528
Elkton	43.660197	-92.706449
Ellendale	43.872721	-93.299331
Ellsworth	43.520579	-96.01859
Elmdale	45.834018	-94.494218
Elmore	43.506382	-94.088257
Elrosa	45.562902	-94.947199
Ely	47.905603	-91.850729
Elysian	44.206366	-93.681284
Emily	46.769011	-93.980502
Emmons	43.508245	-93.484247
Erhard	46.481653	-96.096181
Erskine	47.663163	-96.016683
Esko	46.710036	-92.372095
Essig	44.328351	-94.603361
Evan	44.35494	-94.836091
Evansville	46.006002	-95.687979
Eveleth	47.474921	-92.54961
Excelsior	44.902695	-93.56643
Eyota	43.98831	-92.232124
Fairfax	44.528324	-94.722995
Fairhaven	45.323991	-94.205474
Fairmont	43.644789	-94.464015
Falcon Heights	44.988052	-93.174659
Faribault	44.299709	-93.278946
Farmington	44.659163	-93.168705
Farwell	45.752338	-95.618868
Federal Dam	47.240227	-94.211998
Felton	47.074977	-96.505745
Fergus Falls	46.285017	-96.07611
Fertile	47.530705	-96.281553
Fifty Lakes	46.765469	-94.117844
Finland	47.43209	-91.25596
Finlayson	46.210367	-92.930407
Fisher	47.79917	-96.799527
Fish Lake	43.838611	-95.047048
Flensburg	45.94764	-94.530468
Floodwood	46.910627	-92.905937
Florence	44.23722	-96.051944
Foley	45.663559	-93.909506
Forada	45.788737	-95.356846
Forest Lake	45.250831	-92.96692
Foreston	45.727023	-93.708918
Fort Ripley	46.166457	-94.365014
Fosston	47.585142	-95.752685
Fountain	43.742538	-92.134233
Foxhome	46.276889	-96.312231
Franklin	44.53058	-94.884118
Frazee	46.728773	-95.703904
Freeborn	43.76596	-93.564377
Freeport	45.660329	-94.682809
Fridley	45.084246	-93.26005
Frontenac	44.503785	-92.352561
Frost	43.584608	-93.924727
Fulda	43.867377	-95.60552
Funkley	47.786816	-94.42664
Garden City	44.047814	-94.170681
Garfield	45.937601	-95.498535
Garrison	46.298696	-93.825954
Garvin	44.212479	-95.76019
Gary	47.373958	-96.265607
Gaylord	44.55577	-94.213222
Gem Lake	45.061068	-93.038067
Geneva	43.819522	-93.272612
Genola	45.965536	-94.112788
Georgetown	47.07842	-96.795872
Ghent	44.511569	-95.89261
Gibbon	44.533228	-94.524219
Gilbert	47.490784	-92.458312
Gilman	45.73533	-93.948552
Glencoe	44.769566	-94.151027
Glenville	43.574187	-93.281066
Glenwood	45.6647	-95.387261
Glyndon	46.870987	-96.578411
Golden Valley	44.990233	-93.358736
Gonvick	47.739118	-95.51247
Goodhue	44.399432	-92.625458
Goodland	47.163583	-93.137587
Goodridge	48.144175	-95.80396
Good Thunder	44.00669	-94.070296
Goodview	44.068809	-91.714643
Graceville	45.568681	-96.437187
Granada	43.693017	-94.349537
Grand Marais	47.758556	-90.344319
Grand Meadow	43.706205	-92.570163
Grand Rapids	47.238518	-93.53257
Granite Falls	44.807268	-95.542338
Grant	45.082077	-92.910948
Grasston	45.797369	-93.155005
Greenbush	48.701061	-96.183554
Greenfield	45.094065	-93.690773
Green Isle	44.682858	-94.004089
Greenwald	45.60137	-94.859334
Greenwood	44.912956	-93.553999
Grey Eagle	45.824307	-94.749141
Grove City	45.149166	-94.682451
Grygla	48.299667	-95.623963
Gully	47.768437	-95.622861
Hackensack	46.926471	-94.515987
Hadley	44.001797	-95.855559
Hallock	48.765415	-96.942485
Halma	48.660463	-96.597716
Halstad	47.351131	-96.825733
Hamburg	44.732495	-93.963197
Ham Lake	45.25393	-93.194841
Hammond	44.22266	-92.373728
Hampton	44.608847	-93.002617
Hancock	45.497591	-95.794822
Hanley Falls	44.691843	-95.619427
Hanover	45.157755	-93.66275
Hanska	44.148743	-94.494459
Harding	46.119106	-94.036798
Hardwick	43.77419	-96.197462
Harmony	43.554005	-92.007471
Harris	45.597768	-92.988641
Hartland	43.80422	-93.48435
Hastings	44.73178	-92.854512
Hatfield	43.953677	-96.188895
Hawley	46.873097	-96.319268
Hayfield	43.890261	-92.847034
Hayward	43.649892	-93.245986
Hazel Run	44.748434	-95.716542
Hector	44.741255	-94.712084
Heidelberg	44.493062	-93.626434
Henderson	44.524305	-93.913547
Hendricks	44.508647	-96.426422
Hendrum	47.264053	-96.81068
Henning	46.323052	-95.441976
Henriette	45.871312	-93.119704
Herman	45.810537	-96.141358
Hermantown	46.802343	-92.240837
Heron Lake	43.798059	-95.319778
Hewitt	46.323968	-95.090167
Hibbing	47.395902	-92.946466
High Forest	43.846158	-92.548017
Hill City	46.985161	-93.594992
Hillman	46.006281	-93.88865
Hills	43.527617	-96.359322
Hilltop	45.053579	-93.250127
Hinckley	46.013033	-92.912722
Hitterdal	46.978567	-96.258505
Hoffman	45.834383	-95.787357
Hokah	43.760062	-91.349435
Holdingford	45.730321	-94.471373
Holland	44.090171	-96.198881
Hollandale	43.759781	-93.205586
Holloway	45.243082	-95.906795
Holt	48.292923	-96.194471
Homer	44.007209	-91.560865
Hopkins	44.925107	-93.404494
Houston	43.756636	-91.572676
Howard Lake	45.053986	-94.061
Hoyt Lakes	47.571615	-92.108331
Hubbard	46.837454	-95.009045
Hugo	45.164225	-92.960105
Humboldt	48.921522	-97.094642
Hutchinson	44.885358	-94.376876
Ihlen	43.915574	-96.372771
Independence	45.018594	-93.71975
Inger	47.563282	-93.977317
International Falls	48.586353	-93.407743
Inver Grove Heights	44.829015	-93.060072
Iona	43.915596	-95.783085
Iron Junction	47.418986	-92.608644
Ironton	46.48219	-94.003348
Isanti	45.491545	-93.242818
Isle	46.138076	-93.455793
Ivanhoe	44.464282	-96.251729
Jackson	43.62568	-94.988585
Janesville	44.119846	-93.709698
Jasper	43.848886	-96.399636
Jeffers	44.055905	-95.195353
Jenkins	46.651092	-94.328181
Johnson	45.572251	-96.29404
Jordan	44.66463	-93.640222
Kandiyohi	45.131524	-94.932793
Karlstad	48.577986	-96.516113
Kasota	44.29186	-93.968289
Kasson	44.032463	-92.748348
Keewatin	47.399441	-93.084205
Kelliher	47.948176	-94.43783
Kellogg	44.307013	-91.998701
Kennedy	48.643666	-96.910516
Kenneth	43.754338	-96.072529
Kensington	45.778179	-95.696867
Kent	46.438072	-96.682577
Kenyon	44.272551	-92.9864
Kerkhoven	45.191405	-95.318253
Kerrick	46.339061	-92.585161
Kettle River	46.486219	-92.877569
Kiester	43.536505	-93.711172
Kilkenny	44.315232	-93.574047
Kimball	45.31433	-94.300807
Kinbrae	43.822805	-95.475935
Kingston	45.194384	-94.307118
Kinney	47.516501	-92.719531
Knife River	46.948908	-91.78419
La Crescent	43.829716	-91.304953
Lafayette	44.4471	-94.392687
Lake Benton	44.262226	-96.299257
Lake Bronson	48.732431	-96.664928
Lake City	44.445705	-92.280925
Lake Crystal	44.105404	-94.219141
Lake Elmo	44.987847	-92.909654
Lakefield	43.678014	-95.169454
Lake George	47.178816	-94.972365
Lake Henry	45.462042	-94.796493
Lakeland	44.953174	-92.76663
Lakeland Shores	44.949468	-92.762428
Lake Lillian	44.945868	-94.879995
Lake Park	46.883625	-96.097582
Lake St. Croix Beach	44.924492	-92.766121
Lake Shore	46.504346	-94.366514
Lakeville	44.676134	-93.251743
Lake Wilson	43.995358	-95.954588
Lamberton	44.230644	-95.2676
Lancaster	48.858197	-96.801399
Landfall	44.949992	-92.977415
Lanesboro	43.715122	-91.970197
Lansing	43.747724	-92.965732
Laporte	47.214735	-94.757377
La Prairie	47.230043	-93.491362
La Salle	44.07106	-94.571289
Lastrup	46.039845	-94.061769
Lauderdale	44.994407	-93.203134
Le Center	44.386593	-93.731082
Lengby	47.515347	-95.634568
Leonard	47.649802	-95.264158
Leonidas	47.46766	-92.567436
Leota	43.826383	-96.024232
Le Roy	43.513277	-92.507793
Lester Prairie	44.883322	-94.036998
Le Sueur	44.470513	-93.901773
Lewiston	43.982386	-91.869487
Lewisville	43.924142	-94.434137
Lexington	45.138153	-93.171375
Lilydale	44.908785	-93.130754
Lindstrom	45.385816	-92.843674
Lino Lakes	45.15546	-93.106858
Lismore	43.749112	-95.94809
Litchfield	45.12197	-94.525901
Little Canada	45.023265	-93.083655
Little Falls	45.985557	-94.359676
Littlefork	48.396427	-93.557778
Little Rock	47.864588	-95.100155
Long Beach	45.652051	-95.430768
Long Lake	44.983248	-93.570054
Long Prairie	45.97472	-94.861352
Longville	46.987368	-94.211983
Lonsdale	44.477631	-93.424226
Loretto	45.054769	-93.635337
Louisburg	45.164478	-96.171064
Lowry	45.704901	-95.519086
Lucan	44.410183	-95.412945
Lutsen	47.67443	-90.692776
Luverne	43.653565	-96.215101
Lyle	43.505852	-92.941231
Lynd	44.401754	-95.874091
Mabel	43.51984	-91.768053
McGrath	46.242136	-93.275056
McGregor	46.610359	-93.299543
McIntosh	47.637371	-95.88701
McKinley	47.50985	-92.406529
Madelia	44.048164	-94.419927
Madison	45.012763	-96.189057
Madison Lake	44.208059	-93.817855
Magnolia	43.644078	-96.075282
Mahnomen	47.314653	-95.967389
Mahnomen	46.773064	-92.541752
Mahtomedi	45.058292	-92.970186
Mahtowa	46.551745	-92.636106
Manchester	43.725424	-93.45087
Manhattan Beach	46.7356	-94.143626
Mankato	44.171122	-93.97638
Mantorville	44.065198	-92.747168
Maple Grove	45.112764	-93.462975
Maple Lake	45.232626	-94.009546
Maple Plain	45.008633	-93.662369
Mapleton	43.927138	-93.955282
Mapleview	43.690063	-92.974
Maplewood	45.019015	-93.03106
Marble	47.331839	-93.290033
Marietta	45.010489	-96.418942
Marine on St. Croix	45.190929	-92.77843
Marion	43.943115	-92.353105
Marshall	44.449061	-95.789201
Martin Lake	45.383384	-93.08994
Mayer	44.888916	-93.894539
Maynard	44.905587	-95.468607
Mazeppa	44.273686	-92.540204
Meadowlands	47.073102	-92.731274
Medford	44.168531	-93.247259
Medicine Lake	44.995786	-93.418072
Medina	45.03452	-93.575598
Meire Grove	45.626408	-94.869394
Melrose	45.677008	-94.814774
Menahga	46.753697	-95.102864
Mendota	44.887493	-93.161716
Mendota Heights	44.878932	-93.133929
Mentor	47.696662	-96.144035
Merrifield	46.467412	-94.174627
Middle River	48.43485	-96.161722
Midway	47.315943	-95.779375
Miesville	44.598982	-92.81961
Milaca	45.756748	-93.651256
Milan	45.112649	-95.911829
Millerville	46.069087	-95.557004
Millville	44.244329	-92.296734
Milroy	44.41775	-95.553595
Miltona	46.046258	-95.293197
Minneapolis	44.963324	-93.26832
Minneiska	44.197331	-91.880651
Minneota	44.562526	-95.98272
Minnesota City	44.092296	-91.749995
Minnesota Lake	43.84191	-93.828978
Minnetonka	44.93256	-93.456705
Minnetonka Beach	44.939625	-93.587127
Minnetrista	44.938619	-93.712387
Mizpah	47.920867	-94.213179
Montevideo	44.950165	-95.715382
Montgomery	44.445075	-93.579753
Monticello	45.297884	-93.798323
Montrose	45.066545	-93.920253
Moorhead	46.864704	-96.744552
Moose Lake	46.450299	-92.760955
Mora	45.876981	-93.290284
Morgan	44.415862	-94.924889
Morris	45.585879	-95.905406
Morristown	44.225203	-93.445227
Morton	44.553268	-94.984321
Motley	46.334754	-94.642772
Mound	44.93196	-93.658302
Mounds View	45.106737	-93.206834
Mountain Iron	47.53669	-92.616572
Mountain Lake	43.940133	-94.927696
Murdock	45.223392	-95.394613
Myrtle	43.563233	-93.162987
Nashua	46.03772	-96.30598
Nashwauk	47.379958	-93.166686
Nassau	45.067723	-96.44176
Naytahwaush	47.274921	-95.627671
Nelson	45.886537	-95.264865
Nerstrand	44.342929	-93.063979
Nett Lake	48.114619	-93.081069
Nevis	46.964831	-94.842984
New Auburn	44.672806	-94.232022
New Brighton	45.067226	-93.205779
Newfolden	48.356733	-96.329729
New Germany	44.880196	-93.978093
New Hope	45.035943	-93.386886
New London	45.296875	-94.94753
New Munich	45.630815	-94.752499
Newport	44.874399	-92.998647
New Prague	44.545736	-93.575559
New Richland	43.893914	-93.493922
New Trier	44.603801	-92.932839
New Ulm	44.312067	-94.468896
New York Mills	46.51963	-95.37278
Nicollet	44.274615	-94.188069
Nielsville	47.529323	-96.815699
Nimrod	46.635167	-94.880637
Nisswa	46.500661	-94.297783
Norcross	45.868708	-96.196424
North Branch	45.510939	-92.944286
Northfield	44.455645	-93.170311
North Mankato	44.182714	-94.041128
North Oaks	45.10484	-93.101065
Northome	47.874387	-94.26831
Northrop	43.735962	-94.436615
North St. Paul	45.013522	-93.00184
Norwood Young America	44.772107	-93.917287
Nowthen	45.343116	-93.449553
Oakdale	44.987546	-92.963553
Oak Grove	45.348351	-93.32727
Oak Park Heights	45.033432	-92.810186
Odessa	45.262184	-96.33348
Odin	43.86727	-94.742762
Ogema	47.10232	-95.916567
Ogilvie	45.829828	-93.423042
Okabena	43.739298	-95.318758
Oklee	47.838746	-95.849548
Olivia	44.776964	-94.997144
Onamia	46.070301	-93.66705
Ormsby	43.850369	-94.698589
Orono	44.96098	-93.587728
Oronoco	44.158446	-92.539194
Orr	48.05763	-92.823568
Ortonville	45.302445	-96.442223
Osage	46.928354	-95.263086
Osakis	45.865374	-95.153072
Oslo	48.195632	-97.13144
Osseo	45.117866	-93.3992
Ostrander	43.613734	-92.426263
Otsego	45.264286	-93.620742
Ottertail	46.43164	-95.571223
Owatonna	44.091904	-93.231715
Palisade	46.712723	-93.489312
Parkers Prairie	46.152827	-95.328313
Park Rapids	46.916394	-95.057932
Paynesville	45.378519	-94.721592
Pease	45.70079	-93.648699
Pelican Rapids	46.570281	-96.085853
Pemberton	44.008499	-93.783893
Pennock	45.145855	-95.175033
Pequot Lakes	46.588091	-94.287969
Perham	46.599611	-95.577104
Perley	47.176158	-96.801521
Peterson	43.788469	-91.831968
Pickwick	43.981591	-91.494553
Pierz	45.977198	-94.10082
Pillager	46.330621	-94.477351
Pine Bend	47.418251	-95.596838
Pine City	45.84098	-92.966492
Pine Island	44.198124	-92.628119
Pine Point	46.985338	-95.400015
Pine River	46.723289	-94.396599
Pine Springs	45.038031	-92.95594
Pipestone	43.995916	-96.31108
Plainview	44.164687	-92.16919
Plato	44.77235	-94.039337
Plummer	47.915166	-96.041542
Plymouth	45.022312	-93.462883
Ponemah	48.034837	-94.898296
Porter	44.641399	-96.169869
Preston	43.672567	-92.082802
Princeton	45.568215	-93.590254
Prinsburg	44.934915	-95.187003
Prior Lake	44.725594	-93.440877
Proctor	46.740786	-92.228132
Quamba	45.915045	-93.175868
Racine	43.77551	-92.480969
Ramsey	45.260019	-93.452233
Randall	46.088667	-94.500718
Randolph	44.526624	-93.020642
Ranier	48.604323	-93.357296
Raymond	45.018413	-95.236681
Redby	47.870044	-94.903668
Red Lake	47.869888	-95.005018
Red Lake Falls	47.883688	-96.272727
Red Wing	44.581265	-92.605011
Redwood Falls	44.547125	-95.102637
Regal	45.405377	-94.83973
Remer	47.056855	-93.91259
Renville	44.790785	-95.204794
Revere	44.221554	-95.361148
Rice	45.758617	-94.242906
Rice Lake	47.388299	-95.524367
Rice Lake	46.908901	-92.132225
Richfield	44.874354	-93.282445
Richmond	45.454513	-94.513607
Richville	46.505895	-95.625871
Riverland	47.322899	-95.951066
Riverton	46.457035	-94.054461
Robbinsdale	45.024534	-93.330644
Rochester	44.014299	-92.478592
Rock Creek	45.764654	-92.903506
Rockford	45.091179	-93.74524
Rockville	45.466049	-94.318918
Rogers	45.18385	-93.571669
Rollingstone	44.099397	-91.818587
Ronneby	45.685346	-93.86011
Roosevelt	48.806952	-95.100969
Roscoe	45.432334	-94.636518
Roseau	48.844446	-95.762548
Rose Creek	43.60446	-92.828902
Rosemount	44.745814	-93.068864
Roseville	45.015625	-93.153807
Rothsay	46.473091	-96.284242
Round Lake	43.537198	-95.471926
Royalton	45.830329	-94.292615
Roy Lake	47.316833	-95.538731
Rush City	45.687442	-92.965303
Rushford	43.813437	-91.753828
Rushford Village	43.804587	-91.785578
Rushmore	43.619708	-95.79895
Russell	44.320439	-95.943966
Ruthton	44.177479	-96.103397
Rutledge	46.25589	-92.878205
Sabin	46.781371	-96.654227
Sacred Heart	44.781715	-95.350728
St. Anthony	45.030332	-93.215417
St. Anthony	45.688967	-94.61165
St. Augusta	45.450173	-94.193785
St. Bonifacius	44.905066	-93.748288
St. Charles	43.968747	-92.059295
St. Clair	44.083885	-93.860545
St. Cloud	45.526658	-94.171007
St. Francis	45.394034	-93.394117
St. Hilaire	48.01316	-96.21357
St. James	43.983362	-94.625392
St. John's University	45.579722	-94.391868
St. Joseph	45.56507	-94.30207
St. Leo	44.717313	-96.0526
St. Louis Park	44.948681	-93.365035
St. Martin	45.502779	-94.667741
St. Marys Point	44.910548	-92.770157
St. Michael	45.199238	-93.689526
St. Paul	44.948901	-93.104063
St. Paul Park	44.83568	-92.994128
St. Peter	44.329282	-93.967656
St. Rosa	45.72679	-94.713701
St. Stephen	45.701039	-94.274204
St. Vincent	48.969125	-97.226337
Sanborn	44.210004	-95.129477
Sandstone	46.129036	-92.864553
Sargeant	43.806082	-92.800174
Sartell	45.61809	-94.212153
Sauk Centre	45.736472	-94.952729
Sauk Rapids	45.594724	-94.152747
Savage	44.759057	-93.364213
Scandia	45.251536	-92.833409
Scanlon	46.705945	-92.42873
Seaforth	44.475861	-95.335862
Searles	44.230751	-94.436126
Sebeka	46.629164	-95.087882
Sedan	45.578175	-95.245295
Shafer	45.389965	-92.758343
Shakopee	44.771906	-93.475699
Shelly	47.458194	-96.819717
Sherburn	43.6549	-94.727489
Shevlin	47.530146	-95.259509
Shoreview	45.082989	-93.140492
Shorewood	44.902442	-93.595334
Silver Bay	47.293311	-91.276813
Silver Creek	45.308206	-93.98638
Silver Lake	44.904169	-94.198638
Skyline	44.140892	-94.033618
Slayton	43.990229	-95.758371
Sleepy Eye	44.298945	-94.723594
Sobieski	45.923002	-94.482024
Solway	47.521044	-95.130255
Soudan	47.81301	-92.235608
South End	47.323094	-95.478783
South Haven	45.292736	-94.217376
South St. Paul	44.888027	-93.040497
Spicer	45.233643	-94.939962
Springfield	44.237214	-94.981872
Spring Grove	43.560754	-91.636968
Spring Hill	45.523239	-94.831711
Spring Lake Park	45.11593	-93.245164
Spring Park	44.935926	-93.63011
Spring Valley	43.688803	-92.389765
Squaw Lake	47.620687	-94.137439
Stacy	45.395404	-92.985974
Stanchfield	45.663238	-93.18168
Staples	46.372154	-94.815011
Starbuck	45.611628	-95.532189
Steen	43.514305	-96.263083
Stephen	48.452415	-96.876337
Stewart	44.723772	-94.486595
Stewartville	43.860658	-92.489787
Stillwater	45.058606	-92.830408
Stockton	44.027113	-91.76971
Storden	44.039616	-95.319272
Strandquist	48.489396	-96.447928
Strathcona	48.553705	-96.167045
Sturgeon Lake	46.390335	-92.822118
Sunburg	45.348017	-95.239819
Sunfish Lake	44.872673	-93.086963
Swanville	45.916175	-94.638792
Taconite	47.31795	-93.382868
Tamarack	46.652958	-93.12496
Taopi	43.557486	-92.640411
Taunton	44.59424	-96.062947
Taylors Falls	45.405611	-92.673632
Tenstrike	47.659447	-94.68391
The Lakes	44.104869	-95.670244
The Ranch	47.319773	-95.695154
Thief River Falls	48.111241	-96.177562
Tintah	46.010831	-96.320091
Tonka Bay	44.914403	-93.585542
Tower	47.815753	-92.27469
Tracy	44.24039	-95.620851
Trail	47.783285	-95.698034
Trimont	43.761045	-94.716232
Trommald	46.507744	-94.015179
Trosky	43.89	-96.247833
Truman	43.827872	-94.436569
Turtle River	47.588353	-94.758264
Twin Lakes	43.561114	-93.423478
Twin Lakes	47.219043	-95.648816
Twin Valley	47.258871	-96.259189
Two Harbors	47.029954	-91.675744
Tyler	44.277941	-96.1361
Ulen	47.078152	-96.258209
Underwood	46.291145	-95.872798
Upsala	45.812893	-94.563729
Urbank	46.124024	-95.51006
Utica	43.977166	-91.949457
Vadnais Heights	45.057938	-93.066454
Vergas	46.648762	-95.802139
Vermillion	44.669691	-92.963426
Verndale	46.396883	-95.012151
Vernon Center	43.962365	-94.166881
Vesta	44.506633	-95.414074
Victoria	44.862117	-93.658426
Viking	48.2182	-96.406784
Villard	45.713438	-95.269852
Vineland	46.179281	-93.781161
Vining	46.257406	-95.535893
Virginia	47.527955	-92.517602
Wabasha	44.371107	-92.0457
Wabasso	44.402517	-95.255412
Waconia	44.84153	-93.790092
Wadena	46.447194	-95.126697
Wahkon	46.120021	-93.522383
Waite Park	45.520868	-94.242982
Waldorf	43.933149	-93.69756
Walker	47.090803	-94.586932
Walnut Grove	44.225005	-95.469189
Walters	43.604928	-93.674346
Waltham	43.819315	-92.874625
Wanamingo	44.302775	-92.787281
Wanda	44.313221	-95.213542
Warba	47.135593	-93.2701
Warren	48.194034	-96.768816
Warroad	48.917103	-95.327984
Warsaw	44.262189	-93.376876
Waseca	44.081533	-93.503954
Watertown	44.960214	-93.843921
Waterville	44.221886	-93.572571
Watkins	45.315829	-94.412004
Watson	45.010065	-95.799777
Waubun	47.183916	-95.940124
Waverly	45.06374	-93.966628
Wayzata	44.969981	-93.518214
Welcome	43.666246	-94.607302
Wells	43.743211	-93.732947
Wendell	46.035908	-96.100817
Westbrook	44.042214	-95.437489
West Concord	44.152818	-92.900003
Westport	45.714515	-95.167917
West Roy Lake	47.311549	-95.595442
West St. Paul	44.902414	-93.085327
West Union	45.804363	-95.082482
Whalan	43.73318	-91.925022
Wheaton	45.80588	-96.498048
Whipholt	47.040458	-94.385438
White Bear Lake	45.065214	-93.012871
White Earth	47.101357	-95.857318
Wilder	43.828862	-95.207805
Willernie	45.053731	-92.957987
Williams	48.767954	-94.953304
Willmar	45.121042	-95.058651
Willow River	46.323766	-92.829961
Wilmont	43.763861	-95.82633
Wilton	47.50748	-94.999767
Windom	43.873552	-95.119136
Winger	47.536303	-95.985969
Winnebago	43.764946	-94.170634
Winona	44.051271	-91.668076
Winsted	44.958192	-94.050277
Winthrop	44.542254	-94.360013
Winton	47.92917	-91.801294
Wolf Lake	46.8101	-95.35034
Wolverton	46.563031	-96.736245
Woodbury	44.906283	-92.923703
Wood Lake	44.65132	-95.535842
Woodland	44.94976	-93.521372
Woodstock	44.01104	-96.096678
Worthington	43.628733	-95.599702
Wrenshall	46.621689	-92.384069
Wright	46.672515	-93.006856
Wykoff	43.708656	-92.267391
Wyoming	45.339912	-92.968392
Zemple	47.32065	-93.785869
Zimmerman	45.440562	-93.596092
Zumbro Falls	44.28782	-92.427083
Zumbrota	44.295165	-92.67287
Abbeville	34.503392	-89.502517
Aberdeen	33.828299	-88.554741
Ackerman	33.310649	-89.170247
Agricola	30.813804	-88.524917
Alcorn State University	31.879168	-91.140636
Algoma	34.179537	-89.03807
Alligator	34.089802	-90.722646
Amory	33.981846	-88.482607
Anguilla	32.971869	-90.828259
Arcola	33.27054	-90.880002
Arkabutla	34.700227	-90.121565
Arnold Line	31.337175	-89.37719
Artesia	33.416711	-88.642298
Ashland	34.834119	-89.177741
Austin	34.642236	-90.44791
Baldwyn	34.505494	-88.642788
Bassfield	31.495955	-89.744932
Batesville	34.320982	-89.924878
Baxterville	31.09147	-89.586699
Bay St. Louis	30.323448	-89.35879
Bay Springs	31.978001	-89.27961
Beaumont	31.167543	-88.928356
Beauregard	31.717793	-90.388687
Beechwood	32.336723	-90.808692
Belmont	34.505035	-88.208306
Belzoni	33.180498	-90.486286
Benndale	30.86869	-88.805435
Benoit	33.651595	-91.008741
Benton	32.821561	-90.261702
Bentonia	32.643598	-90.369193
Bethlehem	34.577318	-89.328873
Beulah	33.790471	-90.980138
Big Creek	33.846392	-89.415895
Biggersville	34.836728	-88.563927
Big Point	30.590561	-88.484562
Biloxi	30.426663	-88.935762
Blue Mountain	34.673885	-89.026184
Blue Springs	34.392778	-88.883267
Bobo	34.133613	-90.677553
Bogue Chitto	31.429417	-90.461885
Bogue Chitto	32.832345	-88.918434
Bolivar	33.660681	-91.051835
Bolton	32.354611	-90.458584
Bond	30.901964	-89.165651
Booneville	34.664418	-88.567991
Bovina	32.349965	-90.737931
Boyle	33.706475	-90.724872
Brandon	32.278093	-89.990686
Braxton	32.026391	-89.97153
Bridgetown	34.889727	-89.904816
Brookhaven	31.580567	-90.443386
Brooksville	33.236701	-88.578141
Bruce	33.990906	-89.345464
Buckatunna	31.553199	-88.534283
Bude	31.462447	-90.85228
Burnsville	34.832032	-88.318699
Byhalia	34.869188	-89.689993
Byram	32.192137	-90.286965
Caledonia	33.683607	-88.326024
Calhoun City	33.859347	-89.314623
Canton	32.598419	-90.032191
Carrollton	33.505647	-89.921812
Carthage	32.744227	-89.533452
Cary	32.805642	-90.924612
Centreville	31.087019	-91.06544
Chalybeate	34.932683	-88.870548
Charleston	34.007653	-90.055166
Chunky	32.327488	-88.930172
Clara	31.58313	-88.69161
Clarksdale	34.193796	-90.568598
Cleary	32.157656	-90.196452
Cleveland	33.744008	-90.728476
Clinton	32.354443	-90.341893
Cloverdale	31.495926	-91.415192
Coahoma	34.366293	-90.522019
Coffeeville	33.976494	-89.684482
Coldwater	34.690376	-89.975517
Collins	31.648272	-89.567581
Collinsville	32.487323	-88.844307
Columbia	31.256909	-89.825443
Columbus	33.508208	-88.407128
Columbus AFB	33.627598	-88.445435
Como	34.513561	-89.939947
Conehatta	32.466607	-89.266934
Corinth	34.948353	-88.513618
Courtland	34.24108	-89.943282
Crawford	33.30232	-88.625268
Crenshaw	34.504661	-90.194637
Crosby	31.274362	-91.061513
Crowder	34.172909	-90.137688
Cruger	33.322998	-90.235522
Crystal Springs	31.98995	-90.355332
Darling	34.359137	-90.275408
Decatur	32.433965	-89.111233
De Kalb	32.773104	-88.656096
DeLisle	30.382359	-89.275687
Delta City	33.073864	-90.792531
Dennis	34.558945	-88.230306
Derma	33.858875	-89.28776
De Soto	31.966848	-88.723936
Diamondhead	30.382065	-89.35022
D'Iberville	30.443519	-88.895358
D'Lo	31.986952	-89.901131
Doddsville	33.659864	-90.521439
Drew	33.810092	-90.530384
Dublin	34.072591	-90.489162
Duck Hill	33.631649	-89.715396
Dumas	34.638016	-88.843092
Duncan	34.04181	-90.745896
Dundee	34.532138	-90.448387
Durant	33.081948	-89.857335
Eagle Bend	32.527508	-91.024663
Eastabuchie	31.429381	-89.289825
Ecru	34.347992	-89.025632
Eden	32.98371	-90.323957
Edwards	32.332612	-90.60556
Elizabeth	33.427103	-90.880717
Elliott	33.691254	-89.752453
Ellisville	31.597277	-89.210269
Enterprise	32.172542	-88.815818
Escatawpa	30.490622	-88.544067
Ethel	33.122088	-89.465023
Eudora	34.831033	-90.148826
Eupora	33.542557	-89.279336
Falcon	34.391137	-90.255638
Falkner	34.839349	-88.948409
Farmington	34.922555	-88.446131
Farrell	34.261707	-90.675041
Fayette	31.712206	-91.062061
Fernwood	31.186116	-90.457067
Flora	32.542729	-90.313703
Florence	32.155615	-90.122454
Flowood	32.336101	-90.072874
Forest	32.359838	-89.475908
Foxworth	31.238552	-89.88283
French Camp	33.292334	-89.39928
Friars Point	34.366576	-90.637047
Fulton	34.26288	-88.401928
Gattman	33.884848	-88.236574
Gautier	30.406214	-88.659341
Georgetown	31.870057	-90.16478
Glen	34.85822	-88.417566
Glen Allan	33.022143	-91.013808
Glendale	31.368016	-89.308628
Glendora	33.827645	-90.292696
Gloster	31.195066	-91.017679
Gluckstadt	32.528414	-90.103004
Golden	34.486643	-88.186318
Goodman	32.968207	-89.912726
Grace	32.991436	-90.956893
Greenville	33.383461	-91.052314
Greenwood	33.51246	-90.198963
Grenada	33.781445	-89.811547
Gulf Hills	30.428928	-88.81207
Gulf Park Estates	30.379331	-88.7579
Gulfport	30.419487	-89.069022
Gunnison	33.943114	-90.946644
Guntown	34.445101	-88.6638
Hamilton	33.746576	-88.407578
Harperville	32.492804	-89.487866
Hatley	33.977321	-88.418392
Hattiesburg	31.307305	-89.317434
Hazlehurst	31.863858	-90.392793
Heidelberg	31.890513	-88.990218
Helena	30.488076	-88.505567
Henderson Point	30.313959	-89.286165
Hermanville	31.957836	-90.84036
Hernando	34.849588	-89.992401
Hickory	32.316704	-89.021735
Hickory Flat	34.615926	-89.191388
Hide-A-Way Lake	30.578646	-89.638574
Hillsboro	32.450697	-89.486469
Holcomb	33.764211	-89.973181
Hollandale	33.176105	-90.852898
Holly Springs	34.778017	-89.445819
Horn Lake	34.952081	-90.049209
Houston	33.896187	-89.00349
Hurley	30.662715	-88.498689
Independence	34.707776	-89.807518
Indianola	33.448896	-90.643752
Inverness	33.354229	-90.591192
Isola	33.263404	-90.592342
Itta Bena	33.500868	-90.324288
Iuka	34.807384	-88.19692
Jacinto	34.762209	-88.427561
Jackson	32.315834	-90.21285
Jonestown	34.322154	-90.454274
Jumpertown	34.706142	-88.667551
Kearney Park	32.590044	-90.3164
Kilmichael	33.440472	-89.560303
Kiln	30.418436	-89.429785
Kirkville	34.44201	-88.485463
Kokomo	31.203044	-89.997131
Kosciusko	33.058169	-89.589364
Kossuth	34.869369	-88.643257
Lake	32.329992	-89.31435
Lakeview	34.987982	-90.136506
Lamar	34.912208	-89.315092
Lambert	34.200596	-90.284527
Latimer	30.487291	-88.848531
Lauderdale	32.510394	-88.526366
Laurel	31.695077	-89.144955
Leaf	31.027546	-88.797998
Leakesville	31.149202	-88.555853
Learned	32.197122	-90.548009
Leland	33.404834	-90.890925
Lena	32.593972	-89.594813
Lexington	33.11709	-90.049619
Liberty	31.161899	-90.798332
Long Beach	30.354468	-89.162678
Longview	33.401125	-88.934019
Louin	32.075202	-89.273183
Louise	32.981425	-90.590427
Louisville	33.122934	-89.054879
Lucedale	30.931213	-88.595896
Lula	34.45451	-90.477882
Lumberton	31.005866	-89.459013
Lyman	30.507887	-89.130463
Lynchburg	34.961972	-90.107084
Lyon	34.216925	-90.543195
Maben	33.554173	-89.081042
McComb	31.244474	-90.471593
McCool	33.198855	-89.340651
McLain	31.095592	-88.822432
Macon	33.122065	-88.556713
Madison	32.473884	-90.130865
Magee	31.873006	-89.734001
Magnolia	31.161161	-90.469529
Mantachie	34.321343	-88.502565
Mantee	33.720904	-89.058695
Marietta	34.499971	-88.472578
Marion	32.430234	-88.651807
Marks	34.253521	-90.272218
Mathiston	33.538877	-89.12589
Mayersville	32.896409	-91.046676
Meadville	31.472012	-90.893088
Mendenhall	31.9607	-89.869483
Meridian	32.38417	-88.689448
Meridian Station	32.548645	-88.607414
Merigold	33.839143	-90.726393
Metcalfe	33.45059	-91.001831
Mississippi State	33.451032	-88.791786
Mississippi Valley State University	33.517282	-90.344437
Mize	31.866425	-89.554157
Monticello	31.553242	-90.118674
Montrose	32.125665	-89.234386
Mooreville	34.264896	-88.576868
Moorhead	33.449416	-90.50627
Morgan City	33.378651	-90.346163
Morgantown	31.575019	-91.352105
Morton	32.345528	-89.659145
Moselle	31.508669	-89.282407
Moss Point	30.425914	-88.532733
Mound Bayou	33.880724	-90.727868
Mount Olive	31.753807	-89.655945
Mount Pleasant	34.953977	-89.525599
Myrtle	34.560519	-89.117865
Natchez	31.542438	-91.385649
Nellieburg	32.396965	-88.780029
Nettleton	34.08307	-88.626297
New Albany	34.492286	-89.02172
New Augusta	31.203377	-89.029338
New Hamilton	33.747149	-88.442835
New Hebron	31.733219	-89.983326
New Hope	33.457264	-88.34318
New Houlka	34.03625	-89.021079
New Site	34.555252	-88.415315
Newton	32.330112	-89.147528
Nicholson	30.487366	-89.698071
Nitta Yuma	33.023622	-90.848748
North Carrollton	33.518634	-89.9194
North Tunica	34.703061	-90.379715
Noxapater	32.993583	-89.063532
Oak Grove	31.28674	-89.414491
Oakland	34.057581	-89.913225
Ocean Springs	30.402704	-88.788647
Okolona	34.005061	-88.747692
Olive Branch	34.955752	-89.841153
Osyka	31.007316	-90.471131
Ovett	31.488577	-89.025273
Oxford	34.351262	-89.536981
Pace	33.792246	-90.85914
Pachuta	32.044108	-88.884393
Paden	34.660276	-88.260508
Panther Burn	33.06585	-90.872624
Paris	34.174836	-89.451776
Pascagoula	30.360067	-88.556327
Pass Christian	30.318029	-89.239082
Pattison	31.890824	-90.883921
Pearl	32.272456	-90.091827
Pearlington	30.250826	-89.604803
Pearl River	32.796878	-89.240905
Pelahatchie	32.320903	-89.807951
Petal	31.34817	-89.235131
Pheba	33.583656	-88.949397
Philadelphia	32.775106	-89.122045
Picayune	30.53082	-89.670628
Pickens	32.89132	-89.968775
Pittsboro	33.940002	-89.337291
Plantersville	34.208169	-88.665435
Polkville	32.190936	-89.695976
Pontotoc	34.25088	-89.008348
Pope	34.215775	-89.944792
Poplarville	30.839699	-89.530092
Porterville	32.685429	-88.471271
Port Gibson	31.955816	-90.983438
Potts Camp	34.649188	-89.306424
Prentiss	31.599464	-89.874654
Puckett	32.086831	-89.781689
Purvis	31.146366	-89.406281
Quitman	32.04152	-88.720518
Raleigh	32.034662	-89.525703
Randolph	34.181328	-89.161628
Rawls Springs	31.383398	-89.386531
Raymond	32.260966	-90.409023
Red Banks	34.834689	-89.563407
Redwater	32.792793	-89.55336
Redwood	32.473469	-90.79685
Rena Lara	34.158765	-90.774874
Renova	33.780475	-90.723195
Richland	32.230413	-90.159622
Richton	31.34948	-88.940739
Ridgeland	32.423676	-90.161773
Rienzi	34.763317	-88.533973
Ripley	34.732437	-88.94353
Robinhood	32.200396	-89.96733
Rolling Fork	32.907304	-90.876907
Rosedale	33.860221	-91.043531
Roxie	31.507676	-91.071036
Ruleville	33.72491	-90.550317
Runnelstown	31.377849	-89.114268
St. Martin	30.438052	-88.861742
Sallis	33.021552	-89.764736
Saltillo	34.380293	-88.696217
Sandersville	31.784016	-89.039758
Sardis	34.435505	-89.911362
Satartia	32.671959	-90.544522
Saucier	30.620874	-89.142271
Schlater	33.639707	-90.349361
Scooba	32.830179	-88.477118
Scott	33.594467	-91.076023
Sebastopol	32.567925	-89.333992
Seminary	31.557705	-89.49931
Senatobia	34.60865	-89.980994
Shannon	34.114416	-88.693131
Sharon	31.795475	-89.092938
Shaw	33.601492	-90.771987
Shelby	33.950528	-90.765091
Sherman	34.36117	-88.838744
Shubuta	31.862036	-88.702051
Shuqualak	32.979281	-88.569299
Sidon	33.407931	-90.208077
Silver City	33.093691	-90.499024
Silver Creek	31.604792	-90.002316
Skene	33.703989	-90.797405
Slate Springs	33.741713	-89.375167
Sledge	34.432632	-90.221177
Smithville	34.067963	-88.398154
Snow Lake Shores	34.821253	-89.23813
Soso	31.75028	-89.276873
Southaven	34.951005	-89.977669
Standing Pine	32.671027	-89.452088
Starkville	33.463261	-88.827796
State Line	31.436095	-88.473477
Stewart	33.451888	-89.437548
Stoneville	33.423804	-90.921629
Stonewall	32.134983	-88.797408
Strayhorn	34.615896	-90.152566
Sturgis	33.345164	-89.045774
Summit	31.280815	-90.466977
Sumner	33.969317	-90.369275
Sumrall	31.417028	-89.541777
Sunflower	33.544296	-90.537289
Sylvarena	32.014376	-89.381796
Symonds	33.833929	-90.889524
Taylor	34.269742	-89.583686
Taylorsville	31.832174	-89.433973
Tchula	33.183181	-90.222848
Terry	32.106057	-90.292595
Thaxton	34.302905	-89.171737
Tillatoba	33.985086	-89.89606
Tishomingo	34.638284	-88.229144
Toccopola	34.255254	-89.221314
Toomsuba	32.430282	-88.507088
Tremont	34.233728	-88.248936
Tucker	32.707777	-89.049074
Tula	34.237174	-89.368423
Tunica	34.688137	-90.380937
Tunica Resorts	34.824186	-90.321189
Tupelo	34.270604	-88.732455
Tutwiler	34.01718	-90.433339
Tylertown	31.1172	-90.144851
Union	32.571128	-89.115203
University	34.365529	-89.537871
Utica	32.107254	-90.622234
Vaiden	33.332523	-89.752603
Valley Park	32.631363	-90.850666
Vancleave	30.545918	-88.673409
Van Vleet	33.983217	-88.89717
Vardaman	33.882195	-89.177796
Verona	34.18969	-88.720503
Vicksburg	32.322004	-90.881557
Victoria	34.838995	-89.61542
Wade	30.629681	-88.555842
Walls	34.925861	-90.167744
Walnut	34.949671	-88.924455
Walnut Grove	32.593169	-89.457826
Walthall	33.606669	-89.279109
Waterford	34.649436	-89.457547
Water Valley	34.16199	-89.63012
Waveland	30.295414	-89.393703
Waynesboro	31.677557	-88.63384
Webb	33.947746	-90.346332
Weir	33.261333	-89.295333
Wesson	31.69993	-90.395042
West	33.197767	-89.782106
West Hattiesburg	31.309957	-89.377151
West Point	33.606236	-88.657568
Wheeler	34.583662	-88.602478
White Oak	34.643868	-90.349435
Wiggins	30.856048	-89.138981
Winona	33.490256	-89.729287
Winstonville	33.912292	-90.752884
Winterville	33.502352	-91.060278
Woodland	33.779675	-89.05069
Woodville	31.102891	-91.299257
Yazoo City	32.862219	-90.407996
Adrian	38.39633	-94.342954
Advance	37.103749	-89.911722
Affton	38.549912	-90.326423
Agency	39.655456	-94.748333
Airport Drive	37.140544	-94.516193
Alba	37.237155	-94.417611
Albany	40.247893	-94.333455
Aldrich	37.548678	-93.551115
Alexandria	40.359887	-91.459398
Allendale	40.48534	-94.288679
Allenville	37.221831	-89.755466
Alma	39.096409	-93.5478
Altamont	39.888033	-94.087031
Altenburg	37.630441	-89.585897
Alton	36.690843	-91.391716
Amazonia	39.889405	-94.892276
Amity	39.868335	-94.4347
Amoret	38.254796	-94.58729
Amsterdam	38.349503	-94.589065
Anderson	36.653148	-94.444091
Annada	39.262293	-90.828726
Annapolis	37.361062	-90.695774
Anniston	36.824339	-89.326655
Appleton City	38.191141	-94.031668
Arbela	40.463135	-92.015571
Arbyrd	36.053454	-90.239916
Arcadia	37.585879	-90.629496
Archie	38.481116	-94.350614
Arcola	37.549286	-93.875295
Argyle	38.295386	-92.025533
Arkoe	40.259376	-94.827943
Armstrong	39.26918	-92.704173
Arnold	38.42601	-90.36931
Arrow Point	36.544076	-93.622374
Arrow Rock	39.07	-92.947247
Asbury	37.272941	-94.605154
Ashburn	39.545774	-91.171962
Ash Grove	37.318511	-93.579956
Ashland	38.812464	-92.239531
Ashley	39.253271	-91.223522
Atlanta	39.898224	-92.480278
Augusta	38.569404	-90.881162
Aullville	39.017495	-93.677882
Aurora	36.967436	-93.718596
Aurora Springs	38.324376	-92.58236
Auxvasse	39.017487	-91.895611
Ava	36.956222	-92.665965
Avalon	39.659671	-93.439342
Avilla	37.19381	-94.129842
Avondale	39.154528	-94.545168
Bagnell	38.231393	-92.604144
Baker	36.773542	-89.761394
Bakersfield	36.526673	-92.14805
Baldwin Park	38.792703	-94.248927
Ballwin	38.59506	-90.550021
Baring	40.244831	-92.205882
Barnard	40.175398	-94.823154
Barnett	38.377408	-92.674581
Barnhart	38.336604	-90.403095
Bates City	39.003936	-94.063391
Battlefield	37.119313	-93.368279
Bella Villa	38.543621	-90.285432
Bell City	37.024008	-89.819341
Belle	38.285138	-91.721466
Bellefontaine Neighbors	38.752849	-90.227992
Bellerive Acres	38.712226	-90.312133
Bellflower	39.003917	-91.351664
Bel-Nor	38.698079	-90.31779
Bel-Ridge	38.712818	-90.328524
Belton	38.81873	-94.529639
Bennett Springs	37.733714	-92.856269
Benton	37.09934	-89.560521
Benton City	39.134548	-91.764865
Bent Tree Harbor	38.246631	-93.489899
Berger	38.66701	-91.341104
Berkeley	38.746287	-90.336195
Bernie	36.671719	-89.97069
Bertrand	36.907726	-89.452649
Bethany	40.268164	-94.029822
Bethel	39.877772	-92.022665
Beverly Hills	38.697948	-90.290116
Bevier	39.751433	-92.56388
Biehle	37.606549	-89.837694
Bigelow	40.109783	-95.289403
Big Lake	40.072698	-95.350447
Big Spring	38.794949	-91.482933
Billings	37.064054	-93.555594
Birch Tree	36.996681	-91.49167
Birmingham	39.167575	-94.45008
Bismarck	37.767328	-90.622519
Blackburn	39.104767	-93.486048
Black Jack	38.798982	-90.263444
Blackwater	38.979195	-92.991967
Blairstown	38.557925	-93.957796
Blanchard	40.574885	-95.210979
Bland	38.300447	-91.633062
Blodgett	37.003989	-89.528072
Bloomfield	36.887635	-89.929793
Bloomsdale	38.014442	-90.220352
Blue Eye	36.519317	-93.377138
Blue Springs	39.012001	-94.267612
Blue Summit	39.086909	-94.480742
Blythedale	40.475172	-93.927495
Bogard	39.457927	-93.523861
Bolckow	40.115217	-94.821207
Bolivar	37.606697	-93.416709
Bonne Terre	37.921102	-90.54268
Boonville	38.961439	-92.746203
Bosworth	39.469909	-93.335558
Bourbon	38.150583	-91.249276
Bowling Green	39.344774	-91.202488
Bragg City	36.268134	-89.911302
Brandsville	36.65074	-91.696457
Branson	36.612287	-93.291812
Branson West	36.688622	-93.39309
Brashear	40.148339	-92.378842
Braymer	39.590235	-93.795891
Breckenridge	39.761452	-93.805152
Breckenridge Hills	38.715769	-90.368438
Brentwood	38.619423	-90.347528
Brewer	37.783578	-89.917995
Briarwood Estates	38.156103	-90.586594
Bridgeton	38.773317	-90.416997
Brimson	40.144945	-93.738397
Bronaugh	37.693669	-94.468611
Brookfield	39.785329	-93.077967
Brooklyn Heights	37.169412	-94.385535
Broseley	36.675396	-90.24412
Browning	40.034946	-93.160347
Brownington	38.244418	-93.722721
Brumley	38.088007	-92.484508
Brunswick	39.427184	-93.127184
Bucklin	39.784024	-92.888132
Buckner	39.132481	-94.196811
Buell	39.03241	-91.440732
Buffalo	37.64519	-93.096564
Bull Creek	36.715166	-93.201927
Bunceton	38.789683	-92.798688
Bunker	37.457594	-91.211643
Burfordville	37.367711	-89.809776
Burgess	37.556935	-94.615514
Burlington Junction	40.446557	-95.066716
Butler	38.259362	-94.339531
Butterfield	36.745982	-93.903986
Byrnes Mill	38.439042	-90.573597
Cabool	37.126482	-92.103217
Cainsville	40.439802	-93.774675
Cairo	39.511164	-92.441007
Caledonia	37.764771	-90.772354
Calhoun	38.468085	-93.623939
California	38.630306	-92.567079
Callao	39.762397	-92.623349
Calverton Park	38.765206	-90.311575
Camden	39.19906	-94.023381
Camden Point	39.452753	-94.75044
Camdenton	38.013237	-92.751393
Cameron	39.744499	-94.232324
Campbell	36.493043	-90.076073
Canalou	36.754019	-89.686506
Canton	40.129859	-91.525843
Cape Girardeau	37.309389	-89.558359
Cardwell	36.04748	-90.290905
Carl Junction	37.16416	-94.542653
Carrollton	39.363642	-93.49506
Carterville	37.146586	-94.438806
Carthage	37.150605	-94.327868
Caruthersville	36.18126	-89.666904
Carytown	37.26155	-94.33446
Cassville	36.678302	-93.868105
Castle Point	38.756823	-90.248501
Catron	36.61104	-89.706033
Cave	39.023555	-91.041869
Cedar Hill	38.357542	-90.640958
Cedar Hill Lakes	38.330291	-90.657516
Center	39.509438	-91.529335
Centertown	38.617995	-92.408952
Centerview	38.746017	-93.844275
Centerville	37.436682	-90.95968
Centralia	39.210777	-92.13428
Chaffee	37.181218	-89.661242
Chain of Rocks	38.915006	-90.802289
Chain-O-Lakes	36.534197	-93.724179
Chamois	38.673759	-91.772998
Champ	38.744994	-90.453524
Charlack	38.702908	-90.342677
Charleston	36.916934	-89.333912
Charmwood	38.281033	-91.096767
Cherokee Pass	37.48753	-90.294951
Chesapeake	37.114809	-93.678794
Chesterfield	38.658126	-90.57595
Chilhowee	38.588586	-93.856195
Chillicothe	39.796079	-93.549957
Chula	39.921944	-93.47757
Clarence	39.743181	-92.260136
Clark	39.279675	-92.359534
Clarksburg	38.66132	-92.666496
Clarksdale	39.813849	-94.550768
Clarkson Valley	38.625344	-90.592981
Clarksville	39.369502	-90.904896
Clarkton	36.452045	-89.968088
Claycomo	39.198621	-94.478833
Clayton	38.644409	-90.330229
Clearmont	40.507995	-95.032591
Cleveland	38.677801	-94.600002
Clever	37.031478	-93.470857
Cliff Village	37.025142	-94.517195
Clifton Hill	39.438619	-92.663681
Climax Springs	38.100402	-93.052807
Clinton	38.371172	-93.768142
Clyde	40.26621	-94.669598
Cobalt	37.545119	-90.286929
Coffey	40.105548	-94.006538
Cole Camp	38.459643	-93.202099
Collins	37.889607	-93.621824
Columbia	38.94729	-92.326387
Commerce	37.160012	-89.446952
Conception	40.238844	-94.680901
Conception Junction	40.268351	-94.69136
Concord	38.511705	-90.350891
Concordia	38.987513	-93.569227
Coney Island	36.59321	-93.397142
Connelsville	40.277831	-92.701778
Conway	37.506792	-92.831003
Cool Valley	38.72503	-90.305826
Cooter	36.046694	-89.80917
Corder	39.099195	-93.638931
Corning	40.248604	-95.454498
Cosby	39.863839	-94.679819
Cottleville	38.751594	-90.6578
Country Club	39.846744	-94.823879
Country Club Hills	38.720869	-90.275071
Country Life Acres	38.622244	-90.455384
Cowgill	39.560787	-93.926245
Craig	40.192383	-95.374257
Crane	36.901267	-93.568082
Creighton	38.496557	-94.072089
Crestwood	38.55688	-90.378228
Creve Coeur	38.662023	-90.443048
Crocker	37.946872	-92.267918
Cross Timbers	38.024273	-93.229358
Crystal City	38.22276	-90.381502
Crystal Lake Park	38.621241	-90.432053
Crystal Lakes	39.358335	-94.186691
Cuba	38.067096	-91.405733
Curryville	39.345743	-91.341513
Dadeville	37.479698	-93.673684
Dalton	39.397606	-92.992063
Danville	38.912205	-91.529786
Dardenne Prairie	38.741116	-90.715362
Darlington	40.198004	-94.399682
Dawn	39.671302	-93.634117
Dearborn	39.525142	-94.771972
Deepwater	38.259188	-93.775135
Deerfield	37.838652	-94.507702
Deering	36.191637	-89.884209
Defiance	38.632751	-90.784621
De Kalb	39.588255	-94.923582
Dellwood	38.756329	-90.276633
Delta	37.197458	-89.73916
Dennis Acres	37.046471	-94.50442
Denton	36.090523	-89.891485
Denver	40.398948	-94.323297
Des Arc	37.283155	-90.636068
Desloge	37.875128	-90.519133
De Soto	38.141066	-90.560834
Des Peres	38.598414	-90.445274
De Witt	39.38488	-93.219913
Dexter	36.792821	-89.962969
Diamond	36.997069	-94.315376
Diehlstadt	36.959302	-89.432344
Diggins	37.173697	-92.851478
Dixon	37.995277	-92.095877
Doe Run	37.745524	-90.49992
Doniphan	36.623355	-90.82186
Doolittle	37.941681	-91.89103
Dover	39.194106	-93.689524
Downing	40.486772	-92.368616
Drexel	38.500912	-94.60383
Dudley	36.789745	-90.091603
Duenweg	37.089191	-94.409252
Duquesne	37.070881	-94.456793
Dutchtown	37.259804	-89.64651
Eagle Rock	36.554058	-93.743642
Eagleville	40.468725	-93.985963
East Lynne	38.668209	-94.230695
Easton	39.72285	-94.640643
East Prairie	36.778916	-89.384081
Edgar Springs	37.702592	-91.866065
Edgerton	39.502268	-94.629599
Edina	40.168013	-92.172993
Edinburg	40.081099	-93.689848
Edmundson	38.735095	-90.365738
Eldon	38.351151	-92.576678
El Dorado Springs	37.869698	-94.019954
Ellington	37.236868	-90.973744
Ellisville	38.589604	-90.58839
Ellsinore	36.932839	-90.747672
Elmer	39.957904	-92.648804
Elmira	39.508635	-94.154644
Elmo	40.518741	-95.117025
Elsberry	39.167624	-90.788189
Emerald Beach	36.574195	-93.670794
Eminence	37.150891	-91.358713
Emma	38.975197	-93.495039
Eolia	39.23789	-91.013166
Essex	36.811804	-89.862628
Ethel	39.893781	-92.74071
Eugene	38.357113	-92.40195
Eureka	38.498468	-90.64542
Evergreen	37.550038	-92.595768
Everton	37.343178	-93.702709
Ewing	40.008749	-91.714683
Excello	39.631407	-92.472206
Excelsior Estates	39.389943	-94.208213
Excelsior Springs	39.339929	-94.240992
Exeter	36.670711	-93.939886
Fairdealing	36.663114	-90.604491
Fairfax	40.339503	-95.392039
Fair Grove	37.383321	-93.152154
Fair Play	37.633576	-93.57718
Fairview	36.817285	-94.086631
Farber	39.274235	-91.576708
Farley	39.288289	-94.828522
Farmington	37.782494	-90.427303
Faucett	39.600244	-94.79747
Fayette	39.147294	-92.685669
Fenton	38.528547	-90.450674
Ferguson	38.748829	-90.295827
Ferrelview	39.31428	-94.665286
Festus	38.219426	-90.409724
Fidelity	37.08172	-94.309564
Fillmore	40.025302	-94.973146
Fisk	36.782276	-90.207514
Fleming	39.195519	-94.052054
Flemington	37.803875	-93.501444
Flint Hill	38.863315	-90.869457
Flordell Hills	38.717405	-90.264834
Florida	39.493023	-91.790617
Florissant	38.799725	-90.327076
Foley	39.045447	-90.740836
Fordland	37.154575	-92.941935
Forest City	39.98295	-95.18831
Foristell	38.814393	-90.958962
Forsyth	36.685278	-93.102651
Fortescue	40.051861	-95.317594
Fort Leonard Wood	37.756163	-92.127752
Fortuna	38.567651	-92.797003
Foster	38.166697	-94.50828
Fountain N' Lakes	38.968994	-90.849266
Frankclay	37.862962	-90.614429
Frankford	39.492399	-91.32018
Franklin	39.011315	-92.754878
Fredericktown	37.562953	-90.303512
Freeburg	38.316104	-91.922331
Freeman	38.625289	-94.507811
Freistatt	37.021347	-93.897588
Fremont	36.95226	-91.162309
Fremont Hills	37.064684	-93.253096
Friedenswald	38.072781	-92.759953
Frisbee	36.351572	-90.029835
Frohna	37.637557	-89.619791
Frontenac	38.630063	-90.418973
Fulton	38.855146	-91.950802
Gainesville	36.60628	-92.424632
Galena	36.803214	-93.469508
Gallatin	39.910352	-93.964011
Galt	40.127258	-93.387917
Garden City	38.562133	-94.195167
Gasconade	38.670263	-91.559935
Gentry	40.332568	-94.423258
Gerald	38.399352	-91.330281
Gerster	37.955122	-93.576778
Gibbs	40.099017	-92.41662
Gideon	36.444405	-89.906009
Gilliam	39.232738	-93.004127
Gilman City	40.131212	-93.873915
Ginger Blue	36.589913	-94.459639
Gladstone	39.21298	-94.558956
Glasgow	39.228504	-92.837742
Glasgow Village	38.757878	-90.198437
Glenaire	39.219731	-94.451462
Glen Allen	37.317064	-90.028118
Glendale	38.593507	-90.382573
Glen Echo Park	38.700904	-90.29645
Glenwood	40.523032	-92.57588
Golden	36.53713	-93.660407
Golden City	37.393583	-94.09505
Goodman	36.738821	-94.409167
Goose Creek Lake	37.980251	-90.331743
Gordonville	37.308574	-89.67391
Goss	39.514635	-91.944747
Gower	39.613166	-94.59478
Graham	40.201255	-95.040391
Grain Valley	39.014988	-94.216371
Granby	36.919613	-94.262938
Grand Falls Plaza	37.036161	-94.539253
Grandin	36.830862	-90.82132
Grand Pass	39.204942	-93.442639
Grandview	38.881359	-94.522744
Granger	40.466959	-91.973506
Grant City	40.485778	-94.413458
Grantwood Village	38.551115	-90.354031
Gravois Mills	38.299525	-92.824996
Grayhawk	37.926897	-90.241985
Grayridge	36.824711	-89.781927
Grayson	39.534305	-94.561777
Gray Summit	38.494861	-90.815354
Green Castle	40.258618	-92.875864
Green City	40.264833	-92.961534
Greendale	38.693835	-90.312512
Greenfield	37.416084	-93.842883
Green Park	38.523238	-90.337759
Green Ridge	38.62125	-93.409858
Greentop	40.350615	-92.566118
Greenville	37.127933	-90.447878
Greenwood	38.84206	-94.333545
Grovespring	37.40393	-92.606814
Guilford	40.168573	-94.735985
Gunn City	38.665983	-94.163994
Hale	39.605085	-93.343305
Halfway	37.618802	-93.240519
Hallsville	39.119432	-92.226759
Halltown	37.19451	-93.629094
Hamilton	39.743535	-94.0024
Hanley Hills	38.685532	-90.32483
Hannibal	39.710208	-91.394044
Hardin	39.267584	-93.831336
Harris	40.306148	-93.350379
Harrisburg	39.140237	-92.459559
Harrisonville	38.652493	-94.346999
Hartsburg	38.697211	-92.306962
Hartville	37.250321	-92.513336
Hartwell	38.431481	-93.933918
Harviell	36.656408	-90.478938
Harwood	37.956683	-94.153934
Hawk Point	38.971296	-91.130561
Hayti	36.232528	-89.747362
Hayti Heights	36.231165	-89.768199
Hayward	36.395974	-89.666796
Haywood City	37.011679	-89.600283
Hazelwood	38.794706	-90.396002
Henrietta	39.23703	-93.938395
Herculaneum	38.257558	-90.39313
Hermann	38.697652	-91.434865
Hermitage	37.945134	-93.328956
Higbee	39.306337	-92.513176
Higginsville	39.065719	-93.726814
High Hill	38.876309	-91.380665
Highlandville	36.93948	-93.282567
High Ridge	38.460842	-90.533842
Hillsboro	38.232954	-90.567195
Hillsdale	38.685777	-90.286919
Hoberg	37.068197	-93.849257
Holcomb	36.401341	-90.024838
Holden	38.713456	-93.989412
Holland	36.057046	-89.870531
Holliday	39.491927	-92.134341
Hollister	36.607215	-93.232005
Hollywood	36.051483	-90.186036
Holt	39.454209	-94.338511
Holts Summit	38.647266	-92.113009
Homestead	39.363223	-94.200536
Homestown	36.331823	-89.824233
Hopkins	40.551183	-94.816961
Horine	38.268821	-90.432101
Hornersville	36.040224	-90.116377
Houston	37.320948	-91.961155
Houstonia	38.899357	-93.359417
Houston Lake	39.190127	-94.620165
Howardville	36.56845	-89.597123
Hughesville	38.83689	-93.29517
Humansville	37.795122	-93.577034
Hume	38.090412	-94.583214
Humphreys	40.123309	-93.321709
Hunnewell	39.667961	-91.858884
Hunter	36.881939	-90.847862
Huntleigh	38.613081	-90.409074
Huntsdale	38.911978	-92.478607
Huntsville	39.436427	-92.543825
Hurdland	40.148386	-92.302632
Hurley	36.930598	-93.499156
Iantha	37.514932	-94.399373
Iatan	39.479049	-94.984734
Iberia	38.088684	-92.296182
Imperial	38.35246	-90.382273
Independence	39.085469	-94.352082
Indian Lake	38.102648	-91.453418
Indian Point	36.646635	-93.346075
Innsbrook	38.761578	-91.054388
Ionia	38.503722	-93.323534
Irena	40.540255	-94.389875
Irondale	37.837352	-90.670146
Iron Mountain Lake	37.690865	-90.621708
Ironton	37.595839	-90.629752
Irwin	37.588674	-94.286559
Jackson	37.379922	-89.654073
Jacksonville	39.587791	-92.472852
Jameson	40.005852	-93.987789
Jamesport	39.974637	-93.802585
Jamestown	38.769237	-92.483904
Jane	36.540313	-94.307774
Jasper	37.335665	-94.302795
Jefferson City	38.567461	-92.175254
Jennings	38.723078	-90.264373
Jerico Springs	37.61903	-94.015167
Jonesburg	38.856154	-91.30385
Joplin	37.075218	-94.501259
Josephville	38.830526	-90.788289
Junction City	37.573962	-90.293249
Kahoka	40.42362	-91.718706
Kansas City	39.122361	-94.555117
Kearney	39.355111	-94.35858
Kelso	37.192215	-89.5504
Kennett	36.240223	-90.047221
Keytesville	39.43135	-92.937835
Kidder	39.781977	-94.102471
Kimberling City	36.648016	-93.424196
Kimmswick	38.365752	-90.364327
King City	40.050567	-94.525167
Kingdom City	38.947306	-91.935419
Kingston	39.642576	-94.038388
Kingsville	38.74361	-94.07076
Kinloch	38.738399	-90.324955
Kirbyville	36.629409	-93.156778
Kirksville	40.198171	-92.574562
Kirkwood	38.579356	-90.420881
Kissee Mills	36.667025	-93.052352
Knob Lick	37.678464	-90.36787
Knob Noster	38.767334	-93.563643
Knox City	40.14416	-92.010197
Koshkonong	36.597444	-91.645953
LaBarque Creek	38.417006	-90.679886
La Belle	40.116186	-91.91534
Laclede	39.787354	-93.16972
Laddonia	39.242798	-91.642566
La Due	38.312523	-93.877669
Ladue	38.636434	-90.385114
La Grange	40.046851	-91.50229
Lake Annette	38.653716	-94.505837
Lake Arrowhead	39.484057	-94.317205
Lake Lafayette	38.949161	-93.968073
Lake Lotawana	38.90377	-94.258369
Lake Ozark	38.200866	-92.630046
Lake St. Clair	38.32295	-90.999201
Lake St. Louis	38.77989	-90.785586
Lakeshire	38.539942	-90.338363
Lakeside	38.204078	-92.621357
Lake Tapawingo	39.022379	-94.31389
Lake Tekakwitha	38.441206	-90.718106
Lake Timberline	37.997365	-90.54985
Lake Viking	39.932209	-94.066677
Lake Waukomis	39.232716	-94.637818
Lake Winnebago	38.821281	-94.361447
Lamar	37.493918	-94.278428
Lamar Heights	37.494409	-94.293375
Lambert	37.093757	-89.554791
La Monte	38.771682	-93.423907
Lanagan	36.606138	-94.451705
Lancaster	40.526323	-92.531732
La Plata	40.023952	-92.490779
Laredo	40.026072	-93.448005
La Russell	37.140236	-94.060943
Latham	38.559352	-92.678913
Lathrop	39.561848	-94.319853
La Tour	38.635643	-94.100549
Laurie	38.207984	-92.825358
Lawson	39.432965	-94.220311
Leadington	37.834306	-90.480686
Leadwood	37.861742	-90.589155
Leasburg	38.094846	-91.295322
Leawood	37.031143	-94.501891
Lebanon	37.672131	-92.65967
Lee's Summit	38.921601	-94.384763
Leeton	38.583343	-93.695305
Leisure Lake	40.109834	-93.723479
Lemay	38.533539	-90.285047
Leonard	39.894409	-92.181961
Leslie	38.417907	-91.23095
Levasy	39.135222	-94.128124
Lewis and Clark Village	39.535932	-95.051461
Lewistown	40.084811	-91.81339
Lexington	39.180313	-93.869051
Liberal	37.559004	-94.51717
Liberty	39.24127	-94.419445
Licking	37.500455	-91.861146
Lilbourn	36.590763	-89.613064
Lincoln	38.394141	-93.33073
Linn	38.478798	-91.844989
Linn Creek	38.042934	-92.713973
Linneus	39.877495	-93.186594
Lithium	37.831844	-89.88325
Livonia	40.492034	-92.700484
Loch Lloyd	38.828234	-94.597319
Lock Springs	39.848805	-93.776157
Lockwood	37.386993	-93.959948
Lohman	38.542898	-92.364592
Loma Linda	36.98793	-94.590207
Lone Jack	38.870904	-94.185586
Longtown	37.670308	-89.774141
Louisburg	37.756418	-93.141047
Louisiana	39.441456	-91.062033
Lowry City	38.140018	-93.726769
Lucerne	40.463699	-93.291714
Ludlow	39.65427	-93.70259
Lupus	38.84597	-92.454006
Luray	40.45234	-91.884117
McBaine	38.88285	-92.456488
McCord Bend	36.787442	-93.503061
McFall	40.111584	-94.222302
McKittrick	38.739887	-91.445207
Macks Creek	37.963477	-92.96691
Macon	39.74223	-92.470551
Madison	39.475454	-92.213848
Maitland	40.2021	-95.077912
Malden	36.601	-89.997512
Malta Bend	39.193986	-93.3635
Manchester	38.583024	-90.506424
Mansfield	37.109843	-92.580955
Maplewood	38.612139	-90.323949
Marble Hill	37.302477	-89.981792
Marceline	39.717518	-92.947351
Marionville	37.002203	-93.6356
Marlborough	38.568301	-90.339241
Marquand	37.428786	-90.167432
Marshall	39.115093	-93.202469
Marshfield	37.342202	-92.911043
Marston	36.517177	-89.605831
Marthasville	38.630916	-91.05805
Martinsburg	39.100999	-91.647272
Maryland Heights	38.716774	-90.471843
Maryville	40.342515	-94.870048
Matthews	36.7568	-89.567477
Maysville	39.885628	-94.368991
Mayview	39.052766	-93.833297
Meadville	39.787177	-93.298072
Medill	40.430448	-91.770386
Mehlville	38.502315	-90.31445
Memphis	40.460798	-92.169929
Mendon	39.590583	-93.133926
Mercer	40.510635	-93.529909
Merriam Woods	36.721515	-93.172877
Merwin	38.404093	-94.590797
Meta	38.312259	-92.165626
Metz	37.99678	-94.442531
Mexico	39.162169	-91.87277
Miami	39.322473	-93.225907
Middle Grove	39.397321	-92.275664
Middletown	39.128655	-91.413846
Milan	40.203239	-93.124004
Milford	37.586264	-94.158167
Millard	40.10749	-92.545962
Miller	37.215137	-93.840972
Millersville	37.429424	-89.790699
Mill Spring	37.065084	-90.677861
Milo	37.755412	-94.305146
Mindenmines	37.478609	-94.579043
Mine La Motte	37.614161	-90.296494
Miner	36.906857	-89.535886
Mineral Point	37.945577	-90.724632
Miramiguoa Park	38.238969	-91.068683
Missouri City	39.238254	-94.302692
Moberly	39.418112	-92.436544
Mokane	38.67444	-91.872445
Moline Acres	38.745612	-90.243
Monett	36.92147	-93.927108
Monroe City	39.65439	-91.732494
Montgomery City	38.973892	-91.502572
Monticello	40.118961	-91.713054
Montier	36.981727	-91.574954
Montreal	37.969698	-92.589534
Montrose	38.258645	-93.982434
Mooresville	39.74666	-93.720906
Morehouse	36.84637	-89.69095
Morley	37.043325	-89.612232
Morrison	38.67005	-91.632484
Morrisville	37.478637	-93.433979
Mosby	39.31562	-94.307145
Moscow Mills	38.943519	-90.924705
Mound City	40.136503	-95.233739
Moundville	37.764683	-94.450947
Mountain Grove	37.134222	-92.266291
Mountain View	36.993726	-91.701862
Mount Leonard	39.125446	-93.394515
Mount Moriah	40.329255	-93.797065
Mount Vernon	37.104825	-93.818664
Murphy	38.492069	-90.485917
Napoleon	39.128467	-94.088787
Naylor	36.574469	-90.605575
Neck City	37.254904	-94.444881
Neelyville	36.556292	-90.513676
Nelson	38.994544	-93.030832
Neosho	36.847508	-94.397739
Nevada	37.844908	-94.350321
Newark	39.994402	-91.973588
New Bloomfield	38.717172	-92.091658
Newburg	37.915584	-91.900374
New Cambria	39.776679	-92.751273
New Florence	38.908466	-91.454789
New Franklin	39.014819	-92.744841
New Hamburg	37.131975	-89.598308
New Hampton	40.264766	-94.195089
New Haven	38.605006	-91.217775
New London	39.584202	-91.398899
New Madrid	36.586409	-89.551222
New Market	39.501843	-94.799424
New Melle	38.718899	-90.882216
Newtonia	36.879345	-94.183683
Newtown	40.374636	-93.332445
New Wells	37.553987	-89.624497
Niangua	37.388909	-92.830136
Nixa	37.045093	-93.295914
Noel	36.541176	-94.489462
Norborne	39.302423	-93.675967
Normandy	38.707106	-90.300903
North Kansas City	39.139558	-94.56475
North Lilbourn	36.601814	-89.621989
Northmoor	39.184467	-94.605484
Northwoods	38.703538	-90.282378
Norwood	37.107192	-92.418931
Norwood Court	38.714112	-90.289488
Novelty	40.012462	-92.20716
Novinger	40.234435	-92.706968
Oak Grove	39.007033	-94.128441
Oak Grove Village	38.227724	-91.149523
Oakland	38.576835	-90.384921
Oak Ridge	37.498739	-89.729875
Oaks	39.197007	-94.571971
Oakview	39.208549	-94.57041
Oakville	38.449754	-90.318436
Oakwood	39.20049	-94.570504
Oakwood Park	39.204717	-94.573835
Odessa	38.999397	-93.966404
O'Fallon	38.784674	-90.720738
Old Appleton	37.593907	-89.710705
Old Jamestown	38.834931	-90.285107
Old Monroe	38.934162	-90.749088
Olean	38.410357	-92.530003
Olivette	38.672373	-90.378582
Olympian Village	38.134778	-90.458174
Oran	37.085484	-89.653372
Oregon	39.986092	-95.143302
Oronogo	37.191743	-94.463867
Orrick	39.213633	-94.126211
Osage Beach	38.136219	-92.64703
Osborn	39.749851	-94.356902
Osceola	38.045962	-93.694081
Osgood	40.197328	-93.350531
Otterville	38.702925	-93.002769
Overland	38.695945	-90.368346
Owensville	38.348438	-91.497361
Oxly	36.602532	-90.678992
Ozark	37.0336	-93.218044
Ozora	37.8627	-90.050476
Pacific	38.481401	-90.75069
Pagedale	38.680175	-90.308095
Palmyra	39.79778	-91.526515
Paradise	39.42886	-94.512796
Paris	39.473001	-92.008452
Parkdale	38.480991	-90.527113
Park Hills	37.816979	-90.499893
Parkville	39.214445	-94.70434
Parkway	38.335549	-90.968167
Parma	36.611053	-89.818126
Parnell	40.438359	-94.622256
Pasadena Hills	38.70829	-90.292139
Pasadena Park	38.710978	-90.297433
Pascola	36.267263	-89.825805
Passaic	38.321631	-94.348985
Pattonsburg	40.068764	-94.10881
Paynesville	39.262477	-90.900295
Peaceful Village	38.466959	-90.542796
Peculiar	38.730826	-94.468597
Pendleton	38.834894	-91.229488
Penermon	36.790958	-89.830082
Perkins	37.09425	-89.774723
Perry	39.433605	-91.662343
Perryville	37.72633	-89.876493
Pevely	38.288089	-90.400038
Phelps City	40.400635	-95.594955
Philadelphia	39.835051	-91.741179
Phillipsburg	37.552588	-92.789458
Pickering	40.450224	-94.84189
Piedmont	37.150372	-90.695747
Pierce City	36.946883	-94.003511
Pierpont	38.863179	-92.312991
Pilot Grove	38.873621	-92.912608
Pilot Knob	37.6229	-90.644795
Pine Lawn	38.695274	-90.275629
Pineville	36.575504	-94.391543
Pinhook	36.73804	-89.26948
Plato	37.50163	-92.218398
Platte City	39.359733	-94.756317
Platte Woods	39.228892	-94.652121
Plattsburg	39.554166	-94.463355
Pleasant Hill	38.805966	-94.272283
Pleasant Hope	37.465315	-93.274361
Pleasant Valley	39.217175	-94.48094
Plevna	39.980885	-92.083595
Pocahontas	37.50161	-89.639849
Pollock	40.358357	-93.08373
Polo	39.551711	-94.035984
Pomona	36.868269	-91.913323
Pontiac	36.520049	-92.605131
Poplar Bluff	36.763259	-90.413953
Portage Des Sioux	38.92997	-90.34067
Portageville	36.429467	-89.699336
Potosi	37.933739	-90.775033
Powersville	40.549811	-93.299658
Prairie Hill	39.520808	-92.736229
Prairie Home	38.813596	-92.59061
Prathersville	39.315312	-94.273806
Preston	37.940963	-93.212707
Princeton	40.396332	-93.58877
Purcell	37.243297	-94.439445
Purdin	39.95018	-93.164536
Purdy	36.818772	-93.920574
Puxico	36.950544	-90.158831
Queen City	40.411775	-92.566678
Quitman	40.373304	-95.076957
Qulin	36.595255	-90.246295
Raintree Plantation	38.254778	-90.602567
Randolph	39.156068	-94.493125
Ravanna	40.457777	-93.45732
Ravenwood	40.352414	-94.67214
Raymondville	37.339785	-91.836469
Raymore	38.803303	-94.45832
Raytown	38.994274	-94.461511
Rayville	39.346328	-94.064919
Rea	40.060961	-94.764441
Redings Mill	37.019968	-94.516546
Reeds	37.11647	-94.168242
Reeds Spring	36.739264	-93.380568
Renick	39.343058	-92.409814
Rensselaer	39.669797	-91.540363
Republic	37.168552	-93.413061
Revere	40.49437	-91.676299
Rhineland	38.72273	-91.517369
Richards	37.909964	-94.557493
Rich Hill	38.095871	-94.363462
Richland	37.861142	-92.399744
Richmond	39.27545	-93.972584
Richmond Heights	38.630927	-90.333203
Ridgely	39.453611	-94.64034
Ridgeway	40.377823	-93.937845
Risco	36.551667	-89.818654
Ritchey	36.944031	-94.185792
River Bend	39.179102	-94.388093
Riverside	39.172175	-94.632499
Riverview	38.744155	-90.211104
Riverview Estates	38.748856	-94.524603
Rives	36.094462	-90.011461
Rocheport	38.978176	-92.563518
Rockaway Beach	36.702999	-93.158213
Rock Hill	38.609052	-90.367299
Rock Port	40.410911	-95.533087
Rockville	38.072482	-94.080446
Rocky Comfort	36.742366	-94.090346
Rogersville	37.114847	-93.074686
Rolla	37.94594	-91.761202
Roscoe	37.976643	-93.817473
Rosebud	38.384762	-91.402961
Rosendale	40.040696	-94.823239
Rothville	39.654745	-93.061105
Rush Hill	39.210012	-91.725162
Rushville	39.587399	-95.023759
Russellville	38.512348	-92.439169
Rutledge	40.313983	-92.087587
Saddlebrooke	36.825602	-93.203421
Saginaw	37.024373	-94.475223
St. Ann	38.726613	-90.387181
St. Catharine	39.797769	-92.99565
St. Charles	38.795702	-90.515364
St. Clair	38.346595	-90.993561
St. Clement	39.280538	-91.211843
St. Cloud	38.173189	-91.212759
Ste. Genevieve	37.975019	-90.049982
St. Elizabeth	38.256073	-92.266448
St. Francisville	40.442284	-91.576057
St. George	38.537548	-90.312075
St. James	38.002356	-91.613372
St. John	38.714758	-90.346265
St. Joseph	39.75946	-94.821143
St. Louis	38.635699	-90.244582
St. Martins	38.598322	-92.334372
St. Mary	37.873824	-89.949659
St. Paul	38.848806	-90.740502
St. Peters	38.781565	-90.604168
St. Robert	37.825332	-92.151981
St. Thomas	38.367049	-92.216002
Salem	37.639568	-91.53486
Salisbury	39.423327	-92.802424
Sappington	38.526042	-90.373051
Sarcoxie	37.068541	-94.125438
Savannah	39.938789	-94.828049
Saverton	39.644221	-91.269714
Schell City	38.019149	-94.116772
Scotsdale	38.394601	-90.589767
Scott City	37.22453	-89.537647
Sedalia	38.706048	-93.234498
Sedgewickville	37.514614	-89.906018
Seligman	36.523399	-93.938989
Senath	36.134005	-90.161358
Seneca	36.844515	-94.609244
Seymour	37.147424	-92.768837
Shakertowne	37.693956	-89.867372
Shawneetown	37.55109	-89.655517
Shelbina	39.693022	-92.039652
Shelbyville	39.807328	-92.039887
Sheldon	37.658356	-94.295713
Shell Knob	36.595763	-93.596627
Sheridan	40.517175	-94.614602
Shoal Creek Drive	37.037	-94.522751
Shoal Creek Estates	37.01734	-94.493404
Shrewsbury	38.586566	-90.328164
Sibley	39.17589	-94.200871
Sikeston	36.884997	-89.587449
Silex	39.126974	-91.057873
Skidmore	40.287885	-95.079503
Slater	39.223279	-93.065347
Smithton	38.680728	-93.0924
Smithville	39.396869	-94.570987
South Fork	36.637973	-91.954841
South Gifford	40.027477	-92.684951
South Gorin	40.358515	-92.02543
South Greenfield	37.376053	-93.840887
South Lineville	40.578578	-93.524073
Southwest City	36.517289	-94.607488
Spanish Lake	38.788536	-90.207797
Sparta	37.001797	-93.084557
Spickard	40.24316	-93.59224
Spokane	36.866877	-93.287058
Springfield	37.194157	-93.292642
Stanberry	40.216583	-94.538093
Stanton	38.270243	-91.105902
Stark City	36.862873	-94.186342
Steele	36.09479	-89.862102
Steelville	37.969608	-91.354581
Stella	36.762585	-94.191119
Stewartsville	39.756499	-94.499049
Stockton	37.696889	-93.795886
Stotesbury	37.975093	-94.565038
Stotts City	37.10178	-93.948284
Stoutland	37.813205	-92.516978
Stoutsville	39.548869	-91.856804
Stover	38.441813	-92.990138
Strafford	37.269013	-93.117968
Strasburg	38.759888	-94.164837
Sturgeon	39.234667	-92.282017
Sugar Creek	39.139505	-94.408507
Sullivan	38.212893	-91.163616
Summer Set	38.087499	-90.576149
Summersville	37.178547	-91.657691
Sumner	39.656058	-93.243431
Sundown	36.558808	-92.64162
Sunrise Beach	38.162751	-92.781963
Sunset Hills	38.531246	-90.409285
Sweet Springs	38.964279	-93.416504
Sycamore Hills	38.701246	-90.349028
Syracuse	38.669568	-92.876329
Tallapoosa	36.50606	-89.817
Taneyville	36.73769	-93.03542
Taos	38.500084	-92.092069
Tarkio	40.442988	-95.383516
Tarrants	39.357609	-91.183704
Tarsney Lakes	38.950764	-94.205272
Tebbetts	38.617658	-91.956001
Terre du Lac	37.904256	-90.618431
Thayer	36.522362	-91.540781
Theodosia	36.579889	-92.664568
Thomasville	36.790741	-91.533944
Three Creeks	38.573008	-90.992736
Tightwad	38.305763	-93.542298
Tina	39.537885	-93.441318
Tindall	40.160878	-93.609654
Tipton	38.655059	-92.781266
Town and Country	38.630602	-90.477191
Tracy	39.377467	-94.791152
Trenton	40.081255	-93.602387
Trimble	39.476085	-94.561948
Triplett	39.498355	-93.19386
Troy	38.969985	-90.967467
Truesdale	38.813115	-91.12213
Truxton	39.004591	-91.23897
Turney	39.637603	-94.321028
Tuscumbia	38.237061	-92.46004
Twin Oaks	38.565764	-90.500958
Umber View Heights	37.623402	-93.803555
Union	38.437882	-90.995801
Union Star	39.979417	-94.598246
Unionville	40.475708	-93.004416
Unity Village	38.958952	-94.400935
University City	38.665732	-90.33155
Uplands Park	38.692709	-90.282849
Urbana	37.843454	-93.167562
Urich	38.460417	-93.998985
Utica	39.745582	-93.6286
Valley Park	38.550005	-90.495917
Van Buren	37.014426	-91.00688
Vandalia	39.308127	-91.489488
Vandiver	39.16115	-91.847592
Vanduser	36.991037	-89.686519
Velda City	38.694105	-90.293443
Velda Village Hills	38.69216	-90.287661
Verona	36.962207	-93.790442
Versailles	38.433449	-92.846034
Vibbard	39.387493	-94.144139
Viburnum	37.715059	-91.130767
Vienna	38.187826	-91.950601
Village of Four Seasons	38.196203	-92.713614
Villa Ridge	38.465699	-90.882348
Vinita Park	38.688789	-90.33922
Vista	37.988826	-93.664195
Waco	37.246952	-94.600279
Walker	37.898907	-94.231125
Walnut Grove	37.411233	-93.547976
Wardell	36.353808	-89.815302
Wardsville	38.491807	-92.182485
Warrensburg	38.762381	-93.725337
Warrenton	38.819056	-91.137933
Warsaw	38.249274	-93.367038
Warson Woods	38.606827	-90.39125
Washburn	36.588812	-93.965698
Washington	38.551919	-91.015491
Wasola	36.778227	-92.567454
Watson	40.479906	-95.62348
Waverly	39.207007	-93.518133
Wayland	40.396301	-91.575443
Waynesville	37.81943	-92.219262
Weatherby	39.909263	-94.242172
Weatherby Lake	39.234359	-94.696135
Weaubleau	37.891207	-93.539457
Webb City	37.141143	-94.467586
Webster Groves	38.586599	-90.354414
Weingarten	37.889384	-90.217272
Weldon Spring	38.709381	-90.652536
Weldon Spring Heights	38.704287	-90.685303
Wellington	39.142358	-93.98631
Wellston	38.675007	-90.294049
Wellsville	39.073202	-91.568904
Wentworth	36.993218	-94.075485
Wentzville	38.816452	-90.870758
West Alton	38.862927	-90.203943
Westboro	40.53505	-95.321106
West Line	38.635748	-94.586958
Weston	39.404135	-94.891259
Westphalia	38.441452	-91.998657
West Plains	36.73743	-91.867957
West Sullivan	38.191972	-91.191726
Westwood	38.643489	-90.433486
Wheatland	37.940965	-93.39751
Wheaton	36.761613	-94.056991
Wheeling	39.786065	-93.386011
White Branch	38.230557	-93.353461
Whiteman AFB	38.733116	-93.553158
White Oak	36.329985	-90.027582
Whiteside	39.183969	-91.01553
Whitewater	37.236766	-89.797842
Whiting	36.792072	-89.371559
Wilbur Park	38.55319	-90.308732
Wildwood	38.577073	-90.667807
Willard	37.292977	-93.417054
Williamstown	40.240837	-91.797619
Williamsville	36.973654	-90.547828
Willow Springs	36.986728	-91.961517
Wilson City	36.923591	-89.223016
Winchester	38.589702	-90.526066
Windsor	38.532265	-93.522945
Windsor Place	38.934258	-92.703119
Winfield	38.99229	-90.74513
Winigan	40.046873	-92.89827
Winona	37.004151	-91.326962
Winston	39.869946	-94.141744
Wood Heights	39.341727	-94.163048
Woodson Terrace	38.728606	-90.360035
Wooldridge	38.906565	-92.521401
Worth	40.404522	-94.446506
Wortham	37.839749	-90.603497
Worthington	40.408501	-92.689255
Wright City	38.832191	-91.035622
Wyaconda	40.392187	-91.926118
Wyatt	36.960331	-89.169548
Zalma	37.142766	-90.081661
Absarokee	45.527593	-109.455765
Acton	45.928946	-108.678685
Alberton	47.004437	-114.485283
Alder	45.321591	-112.109216
Alzada	45.020549	-104.412787
Amsterdam	45.738262	-111.339096
Anaconda-Deer Lodge County	46.094672	-113.141624
Antelope	48.689714	-104.454017
Argenta	45.278728	-112.860611
Arlee	47.168088	-114.083645
Ashland	45.597682	-106.297498
Augusta	47.489329	-112.392158
Avon	46.628653	-112.575587
Ayers Ranch Colony	47.051033	-108.945175
Azure	48.305019	-109.807252
Babb	48.88791	-113.451128
Bainville	48.143994	-104.221054
Baker	46.364277	-104.274261
Ballantine	45.951098	-108.142846
Basin	46.283454	-112.287097
Batavia	48.17744	-114.407201
Bearcreek	45.160556	-109.157421
Bear Dance	47.901904	-114.027316
Beaver Creek	48.543666	-109.806925
Belfry	45.137234	-108.998065
Belgrade	45.778662	-111.177147
Belknap	47.647314	-115.422132
Belt	47.387202	-110.927738
Biddle	45.105066	-105.31155
Big Arm	47.793609	-114.27003
Bigfork	48.08407	-114.054631
Big Sandy	48.178561	-110.113341
Big Sky	45.256435	-111.332002
Big Sky Colony	48.839229	-112.76846
Big Stone Colony	47.400065	-111.209164
Big Timber	45.834782	-109.948266
Billings	45.788538	-108.552475
Birch Creek Colony	48.246506	-112.469648
Birney	45.415485	-106.493383
Black Eagle	47.527748	-111.259956
Blackfoot	48.577115	-112.873323
Bloomfield	47.412195	-104.918783
Boneau	48.295107	-109.873788
Bonner-West Riverside	46.877275	-113.888033
Boulder	46.23584	-112.119749
Box Elder	48.32305	-110.017664
Boyd	45.454067	-109.069661
Bozeman	45.683155	-111.053782
Brady	48.027912	-111.844064
Brandon	45.466045	-112.133932
Bridger	45.294592	-108.916666
Bridger	45.804244	-110.896384
Broadus	45.443053	-105.408349
Broadview	46.098789	-108.878866
Brockton	48.155942	-104.903034
Brockway	47.299242	-105.764408
Brooks	47.205297	-109.421139
Browning	48.556344	-113.015095
Bull Lake	48.229506	-115.852598
Busby	45.525636	-106.977522
Butte-Silver Bow (balance)	45.896232	-112.660071
Bynum	47.968123	-112.316476
Camas	47.617922	-114.655991
Camp Three	46.453303	-108.574113
Camrose Colony	48.311579	-111.611834
Canyon Creek	46.805379	-112.254476
Cardwell	45.865085	-111.964239
Carlton	46.691186	-114.062378
Carter	47.777825	-110.932759
Cascade	47.277102	-111.703006
Cascade Colony	47.440964	-111.817769
Centerville	47.384509	-111.143158
Charlo	47.442764	-114.172175
Charlos Heights	46.134516	-114.188541
Chester	48.511293	-110.966143
Chinook	48.590128	-109.23182
Choteau	47.813673	-112.1794
Churchill	45.749951	-111.310256
Circle	47.417664	-105.587041
Clancy	46.449259	-112.002954
Clinton	46.771774	-113.720457
Clyde Park	45.883944	-110.605786
Coffee Creek	47.348978	-110.082617
Colstrip	45.894514	-106.628419
Columbia Falls	48.371476	-114.191834
Columbus	45.635966	-109.248784
Condon	47.534392	-113.691081
Conner	45.925791	-114.133474
Conrad	48.174083	-111.946593
Cooke City	45.01869	-109.9119
Coram	48.43062	-114.046814
Corvallis	46.313952	-114.111708
Corwin Springs	45.132255	-110.799188
Craig	47.070565	-111.967987
Crane	47.579432	-104.238602
Crow Agency	45.602651	-107.459154
Culbertson	48.144792	-104.518117
Custer	46.129227	-107.555549
Cut Bank	48.634097	-112.330068
Cyr	47.00032	-114.587727
Danvers	47.228328	-109.713053
Darby	46.024549	-114.179745
Dayton	47.864867	-114.276849
De Borgia	47.370104	-115.321026
Deerfield Colony	47.257096	-109.676865
Deer Lodge	46.398345	-112.733237
Dell	44.726755	-112.696894
Denton	47.322167	-109.948161
Dewey	45.775399	-112.852899
Dillon	45.217876	-112.63458
Dixon	47.317824	-114.360067
Dodson	48.395338	-108.247242
Drummond	46.666585	-113.147042
Duncan Ranch Colony	46.441832	-110.026266
Dupuyer	48.182424	-112.474464
Dutton	47.847539	-111.714305
Eagle Creek Colony	48.702124	-111.203113
East End Colony	48.751857	-109.546587
East Glacier Park Village	48.445916	-113.223498
East Helena	46.584464	-111.920791
East Malta Colony	48.350583	-107.610802
East Missoula	46.879666	-113.947243
Edgar	45.459312	-108.858789
Ekalaka	45.889207	-104.551683
Elkhorn	46.28431	-111.948837
Elliston	46.558694	-112.463842
Elmo	47.829024	-114.348349
Emigrant	45.384218	-110.756889
Ennis	45.346119	-111.731302
Essex	48.284943	-113.610657
Eureka	48.878942	-115.049176
Evaro	47.073949	-114.025975
Evergreen	48.228926	-114.272298
Fairfield	47.615358	-111.981427
Fair Haven Colony	47.404077	-111.629437
Fairview	47.852026	-104.050894
Fallon	46.83705	-105.127496
Finley Point	47.749505	-114.075034
Fishtail	45.448071	-109.508429
Flat Willow Colony	46.725166	-108.488203
Flaxville	48.804486	-105.173629
Florence	46.634486	-114.081347
Floweree	47.724804	-111.025262
Fords Creek Colony	47.131036	-108.916691
Forest Hill Village	48.115913	-114.262517
Forsyth	46.267882	-106.672587
Fort Belknap Agency	48.430119	-108.679958
Fort Benton	47.829003	-110.655787
Fortine	48.770142	-114.88602
Fort Peck	48.00705	-106.455199
Fort Shaw	47.496885	-111.819344
Fort Smith	45.317138	-107.935078
Forty Mile Colony	45.282771	-107.356763
Four Corners	45.669776	-111.178408
Fox	45.288417	-109.212489
Fox Lake	47.685655	-104.630654
Frazer	48.048928	-106.048524
Frenchtown	47.028011	-114.246192
Froid	48.338043	-104.490841
Fromberg	45.393525	-108.901369
Gallatin Gateway	45.587809	-111.194587
Gallatin River Ranch	45.902112	-111.329442
Gardiner	45.052509	-110.737775
Garrison	46.540193	-112.816758
Geraldine	47.602016	-110.266733
Geyser	47.263323	-110.492693
Gibson Flats	47.464011	-111.240427
Gildford	48.573724	-110.307094
Gildford Colony	48.80251	-110.284339
Gilman	47.509302	-112.357797
Glacier Colony	48.830359	-112.214975
Glasgow	48.199027	-106.632077
Glen	45.478905	-112.692001
Glendale Colony	48.840885	-112.544219
Glendive	47.106473	-104.710856
Goldcreek	46.583792	-112.928436
Golden Valley Colony	46.259244	-109.27341
Grant	45.009632	-113.067458
Grass Range	47.026069	-108.803077
Great Falls	47.502518	-111.29997
Greycliff	45.758654	-109.779792
Hall	46.586717	-113.197079
Hamilton	46.251583	-114.159978
Happys Inn	48.058349	-115.126915
Hardin	45.742231	-107.608237
Hardy	47.182546	-111.815545
Harlem	48.531857	-108.784652
Harlowton	46.436776	-109.835104
Harrison	45.704378	-111.784416
Hartland Colony	48.951969	-109.448284
Haugan	47.388602	-115.407822
Havre	48.541911	-109.677956
Havre North	48.563239	-109.671233
Hays	48.010366	-108.660646
Heart Butte	48.289615	-112.833777
Hebgen Lake Estates	44.76924	-111.190453
Helena	46.595465	-112.018746
Helena Flats	48.278609	-114.236347
Helena Valley Northeast	46.706606	-111.938804
Helena Valley Northwest	46.729488	-112.058105
Helena Valley Southeast	46.622593	-111.9008
Helena Valley West Central	46.66029	-112.058584
Helena West Side	46.595868	-112.127791
Helmville	46.856496	-112.966794
Heron	48.063758	-115.98022
Herron	48.53413	-109.771759
Hidden Lake Colony	48.598743	-112.603149
Highwood	47.599181	-110.769605
Hilger	47.255714	-109.357223
Hilldale Colony	48.803513	-109.783241
Hillside Colony	48.978855	-112.070364
Hingham	48.555449	-110.421288
Hinsdale	48.404783	-107.086867
Hobson	46.999431	-109.873339
Hogeland	48.854668	-108.662401
Homestead	48.420209	-104.536949
Horizon Colony	48.716716	-112.227609
Hot Springs	47.609203	-114.670354
Hungry Horse	48.383808	-114.064861
Huntley	45.900144	-108.304442
Huson	47.033243	-114.340786
Hysham	46.290921	-107.230499
Indian Springs	48.957793	-115.043725
Inverness	48.559865	-110.710077
Ismay	46.500227	-104.792931
Jackson	45.367885	-113.409678
Jardine	45.056491	-110.618573
Jeffers	45.348143	-111.703659
Jefferson City	46.377945	-112.030486
Jette	47.716947	-114.190557
Joliet	45.484367	-108.972147
Joplin	48.559391	-110.77292
Jordan	47.321054	-106.909859
Judith Gap	46.67907	-109.753312
Kalispell	48.216152	-114.327645
Kerr	47.676435	-114.183035
Kevin	48.745649	-111.965771
Kicking Horse	47.46115	-114.060264
Kila	48.121529	-114.476703
Kilby Butte Colony	46.476203	-108.360375
King Arthur Park	45.666532	-111.12836
King Ranch Colony	47.057223	-109.636196
Kingsbury Colony	48.304423	-112.484629
Kings Point	47.765756	-114.153269
Klein	46.398261	-108.552585
Kremlin	48.570627	-110.086085
Lake Mary Ronan	47.917229	-114.379118
Lakeside	48.018275	-114.231916
Lakeview	44.60213	-111.812365
Lame Deer	45.617651	-106.613362
Landusky	47.898274	-108.619741
Laredo	48.430306	-109.885978
Laurel	45.674007	-108.776789
Lavina	46.295015	-108.938808
Lewistown	47.05138	-109.452399
Lewistown Heights	47.078383	-109.473528
Libby	48.386421	-115.556701
Lima	44.638344	-112.591786
Lincoln	46.953382	-112.671497
Lindisfarne	47.80422	-114.208211
Lindsay	47.224885	-105.152791
Little Bitterroot Lake	48.133869	-114.7259
Little Browning	48.625599	-112.351313
Livingston	45.665503	-110.555884
Lockwood	45.830531	-108.397127
Lodge Grass	45.31426	-107.367783
Lodge Pole	48.027236	-108.551732
Logan	45.882907	-111.423822
Lolo	46.771857	-114.108453
Loma	47.951118	-110.488611
Lonepine	47.692119	-114.639625
Loring Colony	48.789125	-107.968654
Luther	45.284963	-109.416132
McAllister	45.436393	-111.725169
Malmstrom AFB	47.505847	-111.182513
Malta	48.355497	-107.870227
Mammoth	45.669171	-112.017694
Manhattan	45.858626	-111.330283
Marion	48.086481	-114.679609
Martin City	48.3931	-114.030998
Martinsdale	46.454741	-110.311974
Martinsdale Colony	46.489594	-110.260505
Marysville	46.750242	-112.302733
Maverick Mountain	45.418111	-113.110969
Maxville	46.476127	-113.235375
Medicine Lake	48.5022	-104.501676
Melstone	46.598696	-107.868255
Midway Colony	48.06698	-111.993533
Miles City	46.405823	-105.838944
Milford Colony	47.329813	-112.21164
Miller Colony	47.925717	-112.291712
Missoula	46.874359	-114.026136
Moccasin	47.052728	-109.908604
Monarch	47.100289	-110.844806
Montana City	46.52399	-111.933472
Montaqua	45.507253	-108.908711
Moore	46.974956	-109.695113
Mountain View Colony	46.068024	-108.721341
Muddy	45.579773	-106.775353
Musselshell	46.494154	-108.096293
Nashua	48.133551	-106.357118
Neihart	46.935209	-110.736052
New Miami Colony	48.19117	-112.280423
New Rockport Colony	47.859798	-112.034807
Niarada	47.830918	-114.557807
Nibbe	45.981937	-108.02714
Norris	45.573087	-111.691333
North Browning	48.571191	-113.031436
North Harlem Colony	48.584343	-108.755576
Noxon	47.985046	-115.770857
Nye	45.434026	-109.806906
Old Agency	47.325186	-114.297499
Olney	48.547036	-114.57262
Opheim	48.857055	-106.40836
Orchard Homes	46.854176	-114.076756
Outlook	48.888784	-104.784914
Ovando	47.022877	-113.181749
Pablo	47.604269	-114.105684
Paradise	47.384925	-114.795285
Park City	45.630946	-108.925311
Parker School	48.246797	-109.734237
Peerless	48.78226	-105.830437
Pendroy	48.073018	-112.299202
Philipsburg	46.332429	-113.296002
Piltzville	46.854704	-113.852624
Pine Creek	45.507834	-110.572442
Pinesdale	46.334211	-114.222998
Pinnacle	48.357878	-113.648954
Pioneer Junction	48.315795	-115.518258
Plains	47.460196	-114.884201
Pleasant Valley Colony	47.337882	-111.044857
Plentywood	48.77602	-104.557296
Plevna	46.421952	-104.521067
Polebridge	48.761455	-114.281553
Polson	47.688222	-114.140791
Pompeys Pillar	45.990644	-107.950376
Pondera Colony	48.239921	-112.418101
Ponderosa Pines	46.032146	-111.367092
Pony	45.662844	-111.882579
Poplar	48.110482	-105.196887
Potomac	46.881337	-113.575135
Power	47.721263	-111.700277
Prairie Elk Colony	48.014748	-105.798182
Pray	45.416908	-110.648144
Pryor	45.411419	-108.529992
Racetrack	46.277036	-112.743631
Rader Creek	45.845548	-112.316034
Radersburg	46.196366	-111.631355
Rapelje	45.971984	-109.257959
Ravalli	47.281299	-114.164365
Raynesford	47.270066	-110.731923
Red Lodge	45.193337	-109.250143
Redstone	48.821657	-104.943259
Reed Point	45.707085	-109.547281
Reserve	48.602365	-104.467609
Rexford	48.899792	-115.171431
Rhodes	48.280673	-114.470993
Riceville	47.220206	-110.926266
Richey	47.643903	-105.069598
Rimini	46.492152	-112.249756
Rimrock Colony	48.895374	-112.095177
Riverbend	47.145272	-114.832423
Riverview Colony	48.182668	-111.031907
Roberts	45.343612	-109.181754
Rockport Colony	48.067347	-112.476118
Rockvale	45.518668	-108.871298
Rocky Boy's Agency	48.261017	-109.774612
Rocky Boy West	48.297151	-109.991837
Rocky Point	47.732327	-114.185477
Rollins	47.910529	-114.194869
Ronan	47.528992	-114.100908
Roscoe	45.351813	-109.493346
Rosebud	46.269792	-106.454091
Roundup	46.448335	-108.539687
Roy	47.334299	-108.959994
Rudyard	48.559872	-110.550061
Ryegate	46.298439	-109.253747
Saco	48.45707	-107.341334
Saddle Butte	48.523446	-109.64488
Sage Creek Colony	48.92883	-110.972238
St. Ignatius	47.318259	-114.095399
St. Marie	48.405291	-106.49855
St. Mary	48.742911	-113.427496
St. Pierre	48.243927	-109.816089
St. Regis	47.30489	-115.103912
St. Xavier	45.456956	-107.725022
Saltese	47.411399	-115.512056
Sand Coulee	47.402409	-111.172615
Sangrey	48.281643	-109.816621
Santa Rita	48.698468	-112.318766
Sapphire Ridge	46.886582	-110.252208
Savage	47.453646	-104.34135
Scobey	48.790389	-105.420627
Sedan	45.963337	-110.879303
Seeley Lake	47.170519	-113.458553
Seville Colony	48.705805	-112.592883
Shawmut	46.344663	-109.512152
Shelby	48.502129	-111.862036
Shepherd	45.946804	-108.346348
Sheridan	45.458822	-112.194618
Sidney	47.715456	-104.167161
Silesia	45.548983	-108.83759
Silver Gate	45.019784	-109.982939
Silver Star	45.687424	-112.285069
Simms	47.492537	-111.953585
Sleeping Buffalo	48.482181	-107.534931
Snowslip	48.264789	-113.445941
Somers	48.082446	-114.231948
South Browning	48.545794	-113.011629
South Glastonbury	45.312137	-110.808008
South Hills	46.556408	-111.997543
Spokane Creek	46.534304	-111.739126
Spring Creek Colony	47.153964	-109.620749
Springdale	45.738115	-110.223542
Springdale Colony	46.46181	-111.019111
Springhill	45.88418	-111.081733
Springwater Colony	46.45689	-109.753238
Square Butte	47.514179	-110.199081
Stanford	47.152078	-110.219016
Starr School	48.604804	-113.142221
Stevensville	46.507087	-114.088663
Stockett	47.354264	-111.169624
Stryker	48.672889	-114.767801
Sula	45.846186	-113.957482
Sunburst	48.873993	-111.901248
Sunnybrook Colony	48.157311	-110.727032
Sun Prairie	47.534591	-111.488366
Sun River	47.53054	-111.723988
Superior	47.19512	-114.901363
Surprise Creek Colony	47.170543	-110.33959
Swan Lake	47.936114	-113.799697
Sweet Grass	48.992761	-111.966816
Sylvanite	48.706255	-115.874027
Terry	46.792224	-105.312483
The Silos	46.398457	-111.586567
Thompson Falls	47.599362	-115.342626
Three Forks	45.889568	-111.552748
Toston	46.16078	-111.447869
Townsend	46.319185	-111.519649
Tracy	47.413227	-111.151132
Trego	48.652724	-114.927968
Trout Creek	47.834182	-115.583667
Troy	48.460077	-115.890787
Turah	46.83972	-113.825123
Turner	48.846932	-108.400522
Turner Colony	48.763091	-108.430074
Turtle Lake	47.670093	-114.085697
Twin Bridges	45.542889	-112.334091
Twin Creeks	46.910597	-113.726649
Twin Hills Colony	48.016847	-111.069779
Twodot	46.422263	-110.072719
Ulm	47.421366	-111.523324
Unionville	46.546447	-112.085235
Utica	46.96781	-110.093499
Valier	48.305542	-112.252221
Vaughn	47.552324	-111.560861
Victor	46.416122	-114.149243
Vida	47.833906	-105.492532
Virginia City	45.296201	-111.936889
Walkerville	46.03659	-112.539545
Warm Spring Creek	47.184749	-109.282617
Weeksville	47.530883	-115.008233
Westby	48.87049	-104.057061
West Glacier	48.49442	-113.991866
West Glendive	47.106098	-104.753267
West Havre	48.547012	-109.731014
West Kootenai	48.963166	-115.219266
West Yellowstone	44.662183	-111.107022
Wheatland	45.962449	-111.576998
Whitefish	48.437991	-114.348035
Whitehall	45.870987	-112.097584
White Haven	48.347765	-115.515999
White Sulphur Springs	46.545302	-110.903887
Whitetail	48.896517	-105.161391
Whitewater	48.763471	-107.630245
Whitlash	48.908931	-111.251946
Wibaux	46.986574	-104.190043
Willow Creek	45.80967	-111.648915
Wilsall	45.984326	-110.660395
Windham	47.078119	-110.138656
Wineglass	45.628015	-110.62334
Winifred	47.562101	-109.377281
Winnett	47.004301	-108.346612
Winston	46.468431	-111.665223
Wisdom	45.609988	-113.445749
Wise River	45.794399	-112.943837
Wolf Creek	47.005884	-112.070061
Wolf Point	48.0931	-105.641353
Woods Bay	48.014171	-114.066875
Worden	45.962302	-108.162267
Wye	46.952297	-114.13309
Wyola	45.115344	-107.373805
Yaak	48.829879	-115.686413
York	46.718035	-111.752901
Zenith Colony	48.868798	-112.342327
Zortman	47.916736	-108.509021
Zurich	48.586011	-109.030243
Abie	41.334104	-96.949747
Adams	40.459011	-96.507363
Agnew	41.014234	-96.81427
Ainsworth	42.548439	-99.857522
Albion	41.687243	-97.998744
Alda	40.86658	-98.467939
Alexandria	40.247547	-97.387838
Allen	42.414434	-96.843209
Alliance	42.102567	-102.876188
Alma	40.103565	-99.365693
Alvo	40.872293	-96.386599
Ames	41.448501	-96.62628
Amherst	40.838372	-99.269509
Anoka	42.946	-98.828529
Anselmo	41.618581	-99.864577
Ansley	41.287315	-99.382521
Arapahoe	40.305124	-99.897977
Arcadia	41.424823	-99.126062
Archer	41.166629	-98.138864
Arlington	41.454855	-96.356527
Arnold	41.423244	-100.193561
Arthur	41.571866	-101.692263
Ashland	41.039852	-96.37254
Ashton	41.247748	-98.795147
Aten	42.836736	-97.44081
Atkinson	42.530868	-98.974728
Atlanta	40.368409	-99.473223
Auburn	40.389384	-95.8436
Aurora	40.864656	-98.008069
Avoca	40.79639	-96.119266
Axtell	40.479845	-99.129248
Ayr	40.437809	-98.440943
Bancroft	42.010439	-96.573485
Barada	40.21846	-95.5778
Barneston	40.048951	-96.573597
Bartlett	41.883933	-98.552565
Bartley	40.251122	-100.310428
Bassett	42.582541	-99.536625
Battle Creek	41.998119	-97.599465
Bayard	41.757193	-103.323015
Bazile Mills	42.512436	-97.908329
Beacon View	41.071193	-96.326474
Beatrice	40.273281	-96.745954
Beaver City	40.138246	-99.828444
Beaver Crossing	40.777916	-97.282465
Beaver Lake	40.921344	-95.885527
Bee	41.00641	-97.058268
Beemer	41.929765	-96.809123
Belden	42.411678	-97.207406
Belgrade	41.470955	-98.067784
Bellevue	41.163304	-95.903265
Bellwood	41.34191	-97.239858
Belmar	41.305457	-101.934626
Belvidere	40.254697	-97.557415
Benedict	41.006259	-97.607136
Benkelman	40.046826	-101.540193
Bennet	40.681727	-96.503932
Bennington	41.367632	-96.161684
Berea	42.212279	-102.982984
Bertrand	40.526313	-99.632362
Berwyn	41.350852	-99.50061
Big Springs	41.060902	-102.074466
Bladen	40.323444	-98.59588
Blair	41.541555	-96.135287
Bloomfield	42.598412	-97.648138
Bloomington	40.093791	-99.038389
Blue Hill	40.333098	-98.448357
Blue Springs	40.137192	-96.662835
Bow Valley	42.715424	-97.252206
Boys Town	41.255981	-96.128438
Bradshaw	40.883465	-97.746856
Brady	41.02229	-100.367563
Brainard	41.181699	-97.002257
Brewster	41.938271	-99.864985
Bridgeport	41.664707	-103.097142
Bristow	42.840777	-98.583307
Broadwater	41.597982	-102.852454
Brock	40.480475	-95.960053
Broken Bow	41.405188	-99.640758
Brownlee	42.289207	-100.624178
Brownville	40.397617	-95.661086
Brule	41.094699	-101.888506
Bruning	40.335777	-97.566429
Bruno	41.28304	-96.960927
Brunswick	42.337705	-97.971758
Buccaneer Bay	41.049238	-95.96619
Burchard	40.149323	-96.34859
Burr	40.535947	-96.299775
Burton	42.911927	-99.591852
Burwell	41.780044	-99.134214
Bushnell	41.232729	-103.891125
Butte	42.91298	-98.847362
Byron	40.004717	-97.768771
Cairo	41.004776	-98.600552
Callaway	41.291446	-99.920312
Cambridge	40.284302	-100.1658
Campbell	40.296339	-98.731522
Carleton	40.30328	-97.68364
Carroll	42.275777	-97.190902
Cedar Bluffs	41.397119	-96.609756
Cedar Creek	41.044529	-96.100396
Cedar Rapids	41.558908	-98.1493
Center	42.608974	-97.876225
Central City	41.113043	-98.000334
Ceresco	41.057704	-96.645739
Chadron	42.825975	-103.002478
Chalco	41.18237	-96.135353
Chambers	42.204733	-98.748606
Champion	40.470854	-101.744895
Chapman	41.023278	-98.159385
Chappell	41.0913	-102.469938
Cheney	40.726041	-96.593604
Chester	40.010215	-97.618092
Clarks	41.216269	-97.839488
Clarkson	41.723424	-97.12152
Clatonia	40.465342	-96.851139
Clay Center	40.525471	-98.054996
Clearwater	42.170819	-98.189531
Clinton	42.75972	-102.347883
Cody	42.937746	-101.248928
Coleridge	42.506409	-97.203078
Colon	41.298119	-96.607335
Columbus	41.437066	-97.357351
Comstock	41.557197	-99.243008
Concord	42.384172	-96.989293
Cook	40.510575	-96.161637
Cordova	40.716373	-97.351602
Cornlea	41.680049	-97.566904
Cortland	40.505969	-96.706046
Cotesfield	41.357571	-98.633605
Cowles	40.1714	-98.449019
Cozad	40.861301	-99.986366
Crab Orchard	40.334652	-96.422437
Craig	41.785262	-96.362433
Crawford	42.684566	-103.415996
Creighton	42.464857	-97.907146
Creston	41.707979	-97.362655
Crete	40.624769	-96.953694
Crofton	42.731613	-97.498608
Crookston	42.926311	-100.753435
Culbertson	40.2242	-100.83964
Curtis	40.633562	-100.511262
Cushing	41.294827	-98.369257
Dakota City	42.418115	-96.420744
Dalton	41.408231	-102.970777
Danbury	40.037706	-100.405108
Dannebrog	41.118605	-98.545735
Davenport	40.312312	-97.811514
Davey	40.983769	-96.669157
David City	41.253325	-97.126433
Dawson	40.130886	-95.830079
Daykin	40.32172	-97.298328
Decatur	42.005886	-96.248312
Denton	40.739248	-96.845973
Deshler	40.139897	-97.723657
Deweese	40.354731	-98.13916
De Witt	40.394888	-96.921794
Diller	40.108765	-96.93783
Dix	41.23428	-103.486672
Dixon	42.415408	-96.994834
Dodge	41.721815	-96.880385
Doniphan	40.774306	-98.371263
Dorchester	40.648011	-97.115439
Douglas	40.593182	-96.38823
Du Bois	40.034838	-96.047246
Dunbar	40.668679	-96.030868
Duncan	41.390436	-97.492713
Dunning	41.827078	-100.104499
Dwight	41.082747	-97.019096
Eagle	40.815943	-96.432585
Eddyville	41.012213	-99.623996
Edgar	40.368263	-97.970973
Edison	40.279237	-99.775808
Elba	41.285311	-98.569262
Elgin	41.983115	-98.082773
Elk Creek	40.288253	-96.126943
Elm Creek	40.720084	-99.37559
Elmwood	40.842781	-96.295224
Elsie	40.847168	-101.389155
Elwood	40.590133	-99.861978
Elyria	41.680064	-99.005316
Emerald	40.81313	-96.835371
Emerson	42.278205	-96.72629
Emmet	42.475698	-98.809302
Enders	40.454919	-101.535567
Endicott	40.082198	-97.095385
Ericson	41.780442	-98.678576
Eustis	40.664527	-100.029551
Ewing	42.258888	-98.343915
Exeter	40.64454	-97.448793
Fairbury	40.144738	-97.176504
Fairfield	40.432309	-98.103204
Fairmont	40.633554	-97.584954
Falls City	40.062208	-95.599013
Farnam	40.706496	-100.215492
Farwell	41.215623	-98.628055
Filley	40.285202	-96.533935
Firth	40.535457	-96.604168
Fontanelle	41.538255	-96.427187
Fordyce	42.698235	-97.362605
Fort Calhoun	41.456237	-96.026273
Foster	42.274699	-97.665093
Franklin	40.096549	-98.951425
Fremont	41.439842	-96.487
Friend	40.650513	-97.283795
Fullerton	41.364988	-97.972261
Funk	40.463051	-99.250838
Gandy	41.469749	-100.458337
Garland	40.944587	-96.985292
Garrison	41.175505	-97.163426
Geneva	40.530692	-97.597135
Genoa	41.445874	-97.733271
Gering	41.826967	-103.662522
Gibbon	40.745932	-98.845848
Gilead	40.146093	-97.415052
Giltner	40.775355	-98.154284
Glenvil	40.502682	-98.254545
Glenwood	40.755459	-99.081007
Goehner	40.832732	-97.219574
Gordon	42.806378	-102.204002
Gothenburg	40.924676	-100.153929
Grafton	40.629777	-97.714629
Grand Island	40.921352	-98.358559
Grant	40.844593	-101.725529
Greeley Center	41.548405	-98.530511
Greenwood	40.961687	-96.443043
Gresham	41.02842	-97.401093
Gretna	41.127917	-96.196863
Gross	42.94608	-98.569735
Guide Rock	40.073721	-98.328803
Gurley	41.321506	-102.97383
Hadar	42.107221	-97.450972
Haigler	40.012142	-101.938559
Hallam	40.5365	-96.786792
Halsey	41.903319	-100.269793
Hamlet	40.38445	-101.234549
Hampton	40.881115	-97.887535
Harbine	40.191627	-96.974149
Hardy	40.011351	-97.923808
Harrisburg	41.550529	-103.726684
Harrison	42.688085	-103.882471
Hartington	42.62021	-97.267129
Harvard	40.620076	-98.096122
Hastings	40.596264	-98.39032
Hayes Center	40.511024	-101.020397
Hay Springs	42.68329	-102.689593
Hazard	41.09154	-99.077244
Heartwell	40.569907	-98.789077
Hebron	40.168735	-97.58635
Hemingford	42.321255	-103.075356
Henderson	40.78025	-97.812209
Hendley	40.131315	-99.971192
Henry	41.997861	-104.045702
Herman	41.673825	-96.216718
Hershey	41.160187	-100.998528
Hickman	40.624991	-96.629631
Hildreth	40.337832	-99.045751
Holbrook	40.30474	-100.009989
Holdrege	40.439441	-99.377037
Holmesville	40.201426	-96.65885
Holstein	40.465224	-98.651043
Homer	42.322495	-96.49121
Hooper	41.611435	-96.549246
Hordville	41.079361	-97.890349
Hoskins	42.112636	-97.304384
Howard City (Boelus)	41.075411	-98.715322
Howells	41.724232	-97.004645
Hubbard	42.385904	-96.59101
Hubbell	40.008741	-97.497006
Humboldt	40.165819	-95.944319
Humphrey	41.688506	-97.485148
Huntley	40.210522	-99.290134
Hyannis	42.000496	-101.762228
Imperial	40.51442	-101.637245
Inavale	40.092266	-98.648391
Indianola	40.234629	-100.419843
Inglewood	41.415958	-96.502414
Inland	40.595297	-98.223076
Inman	42.381915	-98.529814
Ithaca	41.159339	-96.539495
Jackson	42.448167	-96.571302
Jansen	40.18395	-97.084783
Johnson	40.410459	-95.999865
Johnstown	42.572103	-100.056289
Julian	40.519205	-95.867096
Juniata	40.590167	-98.506963
Kearney	40.701745	-99.082312
Kenesaw	40.618944	-98.657585
Kennard	41.475052	-96.203581
Keystone	41.21874	-101.584122
Kilgore	42.939097	-100.957305
Kimball	41.232399	-103.652102
King Lake	41.309669	-96.302285
Kramer	40.591319	-96.873283
Lakeview	41.499135	-97.373736
Lake Waconda	40.840594	-95.857976
Lamar	40.572468	-101.979284
La Platte	41.072261	-95.926508
Laurel	42.428614	-97.096363
La Vista	41.181836	-96.068244
Lawrence	40.290167	-98.259675
Lebanon	40.048793	-100.275944
Leigh	41.703261	-97.240679
Lemoyne	41.276644	-101.813356
Leshara	41.32979	-96.429203
Lewellen	41.330531	-102.143702
Lewiston	40.243054	-96.406555
Lexington	40.777323	-99.746616
Liberty	40.085507	-96.483009
Lincoln	40.808943	-96.677895
Lindsay	41.699278	-97.69412
Lindy	42.735114	-97.749951
Linoma Beach	41.057297	-96.314066
Linwood	41.412341	-96.932347
Lisco	41.498669	-102.623647
Litchfield	41.156047	-99.153053
Lodgepole	41.148929	-102.638635
Long Pine	42.535252	-99.702698
Loomis	40.478284	-99.507684
Lorenzo	41.057574	-103.082098
Loretto	41.763444	-98.081721
Lorton	40.59722	-96.024177
Louisville	40.996467	-96.161289
Loup City	41.276683	-98.967727
Lushton	40.72403	-97.723648
Lyman	41.917043	-104.038058
Lynch	42.831216	-98.466854
Lyons	41.93588	-96.472338
McCook	40.204545	-100.621573
McCool Junction	40.743858	-97.600794
McGrew	41.747668	-103.417167
McLean	42.386341	-97.468177
Macy	42.115881	-96.366599
Madison	41.828292	-97.456719
Madrid	40.852426	-101.527891
Magnet	42.45612	-97.469294
Malcolm	40.909047	-96.866058
Malmo	41.266455	-96.720922
Manley	40.918428	-96.165733
Marquette	41.006335	-98.009751
Martell	40.638942	-96.758794
Martin	41.258135	-101.709005
Martinsburg	42.508573	-96.832
Maskell	42.690418	-96.9809
Mason City	41.222172	-99.298789
Max	40.11432	-101.404489
Maxwell	41.077114	-100.526314
Maywood	40.658698	-100.622233
Mead	41.224402	-96.487187
Meadow Grove	42.029007	-97.73604
Melbeta	41.781441	-103.517635
Melia	41.097166	-96.276438
Memphis	41.094564	-96.433137
Merna	41.485159	-99.761064
Merriman	42.922998	-101.699732
Milford	40.772568	-97.054119
Miller	40.927611	-99.39012
Milligan	40.499957	-97.388419
Minatare	41.811557	-103.500926
Minden	40.498186	-98.967005
Mitchell	41.942661	-103.809845
Monowi	42.830705	-98.32956
Monroe	41.474054	-97.599088
Moorefield	40.689917	-100.400327
Morrill	41.964086	-103.924846
Morse Bluff	41.430946	-96.766514
Mullen	42.042962	-101.044553
Murdock	40.926117	-96.281106
Murray	40.916421	-95.927428
Naper	42.964168	-99.097
Naponee	40.074733	-99.138629
Nebraska City	40.675907	-95.861632
Nehawka	40.829651	-95.990822
Neligh	42.129093	-98.029229
Nelson	40.201167	-98.06863
Nemaha	40.338801	-95.675965
Nenzel	42.927354	-101.101804
Newcastle	42.652413	-96.87403
Newman Grove	41.746892	-97.776702
Newport	42.600218	-99.328302
Nickerson	41.534723	-96.47085
Niobrara	42.74995	-98.031505
Nora	40.164141	-97.973788
Norfolk	42.028216	-97.427807
Norman	40.479154	-98.792102
North Bend	41.461968	-96.785754
North Loup	41.495431	-98.772731
North Platte	41.125265	-100.763397
Oak	40.238155	-97.903649
Oakdale	42.070084	-97.967159
Oakland	41.835081	-96.467051
Obert	42.689511	-97.027222
Oconto	41.141659	-99.761938
Octavia	41.347374	-97.058954
Odell	40.050312	-96.801637
Odessa	40.699108	-99.25441
Offutt AFB	41.120993	-95.921108
Ogallala	41.129595	-101.720677
Ohiowa	40.413641	-97.452375
Omaha	41.262705	-96.053475
O'Neill	42.461533	-98.646955
Ong	40.398332	-97.83923
Orchard	42.336475	-98.240919
Ord	41.602781	-98.919257
Orleans	40.131722	-99.455099
Osceola	41.178484	-97.550044
Oshkosh	41.408005	-102.345209
Osmond	42.358156	-97.599135
Otoe	40.724075	-96.12061
Overland	41.08024	-97.978905
Overton	40.74057	-99.53741
Oxford	40.253033	-99.63221
Page	42.400011	-98.417668
Palisade	40.348404	-101.107462
Palmer	41.222489	-98.259838
Palmyra	40.7057	-96.392119
Panama	40.599804	-96.511169
Papillion	41.143376	-96.07809
Parks	40.04362	-101.725113
Pawnee City	40.11063	-96.153129
Paxton	41.123371	-101.351957
Pender	42.110646	-96.711619
Peru	40.478512	-95.731392
Petersburg	41.853667	-98.081199
Phillips	40.89767	-98.214594
Pickrell	40.378319	-96.729117
Pierce	42.199484	-97.529203
Pilger	42.007495	-97.054876
Plainview	42.353346	-97.787145
Platte Center	41.537427	-97.488475
Plattsmouth	41.005341	-95.892859
Pleasant Dale	40.79121	-96.932966
Pleasanton	40.970018	-99.087897
Plymouth	40.302516	-96.988492
Polk	41.075208	-97.783774
Ponca	42.564934	-96.709154
Poole	40.992269	-98.960594
Potter	41.217308	-103.307428
Prague	41.309512	-96.808157
Prairie Home	40.862006	-96.524538
Preston	40.034587	-95.518106
Primrose	41.623798	-98.237395
Princeton	40.576029	-96.70595
Prosser	40.687385	-98.577967
Raeville	41.895582	-98.053616
Ragan	40.310771	-99.289628
Ralston	41.20001	-96.037825
Randolph	42.377957	-97.357725
Ravenna	41.029341	-98.898191
Raymond	40.956822	-96.781452
Red Cloud	40.08642	-98.522224
Republican City	40.098748	-99.222254
Reynolds	40.059811	-97.335947
Richfield	41.110763	-96.076324
Richland	41.436862	-97.214905
Rising City	41.198102	-97.297122
Riverdale	40.783886	-99.160459
Riverton	40.089715	-98.759642
Roca	40.658469	-96.661397
Rockville	41.118479	-98.831076
Rogers	41.464272	-96.915806
Rosalie	42.057348	-96.512761
Roscoe	41.131613	-101.585195
Roseland	40.469698	-98.558704
Royal	42.332941	-98.125047
Rulo	40.051659	-95.430573
Rushville	42.71338	-102.466563
Ruskin	40.144007	-97.86704
St. Edward	41.571448	-97.861197
St. Helena	42.810655	-97.248885
St. Libory	41.08214	-98.359077
St. Paul	41.213669	-98.459446
Salem	40.076889	-95.728522
Santee	42.838695	-97.84945
Sarben	41.166277	-101.304402
Sargent	41.639744	-99.368851
Saronville	40.602841	-97.938847
Schuyler	41.450134	-97.061591
Scotia	41.467778	-98.702415
Scottsbluff	41.868088	-103.662035
Scribner	41.665244	-96.665273
Seneca	42.043949	-100.832055
Seward	40.909211	-97.096095
Shelby	41.194247	-97.426267
Shelton	40.77834	-98.72948
Shickley	40.416519	-97.724088
Sholes	42.334813	-97.294619
Shubert	40.235914	-95.683615
Sidney	41.133633	-102.96954
Silver Creek	41.315343	-97.665134
Smithfield	40.573302	-99.740936
Snyder	41.704573	-96.786835
South Bend	41.003585	-96.248513
South Sioux City	42.463048	-96.413248
Spalding	41.689292	-98.362554
Spencer	42.875585	-98.699878
Sprague	40.626557	-96.74467
Springfield	41.107246	-96.148539
Springview	42.824883	-99.747541
Stamford	40.131243	-99.594438
Stanton	41.948045	-97.212275
Staplehurst	40.974663	-97.173191
Stapleton	41.480198	-100.51255
Steele City	40.036558	-97.022994
Steinauer	40.207368	-96.23286
Stella	40.232213	-95.773414
Sterling	40.461216	-96.377494
Stockham	40.71641	-97.943365
Stockville	40.533628	-100.384431
Strang	40.414858	-97.587094
Stratton	40.15018	-101.227937
Stromsburg	41.116416	-97.590615
Stuart	42.600788	-99.140459
Sumner	40.949024	-99.508084
Sunol	41.154105	-102.762746
Superior	40.021734	-98.061836
Surprise	41.104445	-97.309013
Sutherland	41.16013	-101.122671
Sutton	40.607316	-97.859035
Swanton	40.379603	-97.079821
Syracuse	40.663504	-96.182733
Table Rock	40.17828	-96.088716
Talmage	40.531595	-96.02385
Tamora	40.894445	-97.229266
Tarnov	41.614799	-97.502478
Taylor	41.769604	-99.381384
Tecumseh	40.371816	-96.188706
Tekamah	41.777803	-96.224498
Terrytown	41.84713	-103.670553
Thayer	40.97025	-97.496687
Thedford	41.979172	-100.574729
Thurston	42.174737	-96.7016
Tilden	42.043494	-97.831808
Tobias	40.418502	-97.336621
Trenton	40.174733	-101.013573
Trumbull	40.68004	-98.273454
Tryon	41.558444	-100.953594
Uehling	41.734704	-96.505644
Ulysses	41.07208	-97.203115
Unadilla	40.683043	-96.269889
Union	40.81435	-95.921938
Upland	40.319532	-98.902369
Utica	40.895279	-97.345349
Valentine	42.875511	-100.547067
Valley	41.311779	-96.355504
Valparaiso	41.08006	-96.833595
Venango	40.763664	-102.044184
Venice	41.239266	-96.351907
Verdel	42.811399	-98.193296
Verdigre	42.597246	-98.035599
Verdon	40.149086	-95.711196
Virginia	40.245859	-96.498824
Waco	40.897	-97.461747
Wahoo	41.21712	-96.617844
Wakefield	42.266651	-96.862925
Wallace	40.837579	-101.164482
Walthill	42.148853	-96.49287
Walton	40.796224	-96.565292
Wann	41.141891	-96.364161
Washington	41.397606	-96.207508
Waterbury	42.45724	-96.735582
Waterloo	41.286825	-96.287988
Wauneta	40.416386	-101.376611
Wausa	42.497827	-97.539305
Waverly	40.911739	-96.533792
Wayne	42.237481	-97.008862
Weeping Water	40.869062	-96.140462
Wellfleet	40.753912	-100.731818
Western	40.393079	-97.198396
Westerville	41.396196	-99.381796
Weston	41.19314	-96.741985
West Point	41.837741	-96.705918
White Clay	42.997019	-102.555017
Whitney	42.783759	-103.256697
Wilber	40.480914	-96.964863
Wilcox	40.3644	-99.169257
Willow Island	40.890044	-100.070711
Wilsonville	40.1119	-100.106678
Winnebago	42.23838	-96.471521
Winnetoon	42.513528	-97.960134
Winside	42.177444	-97.175392
Winslow	41.610126	-96.504696
Wisner	41.989686	-96.914926
Wolbach	41.401728	-98.390162
Wood Lake	42.638344	-100.237122
Woodland Hills	40.751637	-96.423603
Woodland Park	42.05424	-97.345189
Wood River	40.819572	-98.604175
Wymore	40.122838	-96.664155
Wynot	42.739801	-97.169737
Yankee Hill	40.76574	-96.732923
York	40.870379	-97.592745
Yutan	41.242989	-96.39573
Alamo	37.377016	-115.167821
Amargosa Valley	36.543357	-116.483903
Austin	39.497535	-117.074009
Baker	39.018669	-114.121004
Battle Mountain	40.628371	-116.948553
Beatty	36.996162	-116.723473
Beaverdam	37.689804	-114.449037
Bennett Springs	37.714115	-114.466713
Blue Diamond	36.039949	-115.412799
Boulder City	35.84376	-114.911553
Bunkerville	36.756785	-114.131977
Caliente	37.645755	-114.492926
Cal-Nev-Ari	35.299581	-114.877731
Carlin	40.719013	-116.108045
Carson	39.15306	-119.747368
Carter Springs	38.861939	-119.641124
Cold Springs	39.69264	-119.977294
Crescent Valley	40.419777	-116.575315
Crystal Bay	39.230418	-120.002174
Dayton	39.271625	-119.544947
Denio	41.988859	-118.637483
Double Spring	38.77877	-119.615404
Dry Valley	37.884349	-114.305046
Dyer	37.656131	-118.027994
East Valley	38.942054	-119.693235
Elko	40.838111	-115.767809
Ely	39.264928	-114.870868
Empire	40.575918	-119.343073
Enterprise	36.009143	-115.227824
Eureka	39.5112	-115.965824
Fallon	39.473664	-118.777864
Fallon Station	39.414959	-118.716514
Fernley	39.56477	-119.189433
Fish Springs	38.953578	-119.651086
Fort McDermitt	41.965509	-117.639454
Gabbs	38.862777	-117.932144
Gardnerville	38.939	-119.736879
Gardnerville Ranchos	38.895719	-119.74915
Genoa	39.025623	-119.830929
Gerlach	40.645167	-119.361345
Glenbrook	39.100123	-119.927289
Golconda	40.952131	-117.499672
Golden Valley	39.61775	-119.823124
Goldfield	37.712171	-117.237854
Goodsprings	35.831884	-115.43534
Grass Valley	40.797081	-117.760261
Hawthorne	38.525267	-118.626031
Henderson	36.008958	-115.0268
Hiko	37.645235	-115.189053
Humboldt River Ranch	40.431795	-118.271874
Imlay	40.658106	-118.144098
Incline Village	39.265748	-119.94625
Indian Hills	39.091555	-119.797508
Indian Springs	36.571844	-115.720313
Jackpot	41.979455	-114.664598
Johnson Lane	39.064241	-119.720245
Kingsbury	38.990926	-119.883674
Kingston	39.210131	-117.067937
Lakeridge	39.038183	-119.942792
Lamoille	40.723853	-115.478949
Las Vegas	36.233499	-115.264037
Laughlin	35.14039	-114.616564
Lemmon Valley	39.687444	-119.833195
Logan Creek	39.06507	-119.92449
Lovelock	40.178738	-118.477442
Lund	38.864182	-115.009927
McDermitt	41.990328	-117.720796
McGill	39.401982	-114.777511
Mesquite	36.81112	-114.125652
Mina	38.390181	-118.111247
Minden	38.964576	-119.766621
Moapa Town	36.692535	-114.635647
Moapa Valley	36.604002	-114.449294
Mogul	39.516172	-119.923037
Montello	41.267013	-114.197065
Mountain City	41.83725	-115.963251
Mount Charleston	36.262524	-115.613859
Mount Wilson	38.234993	-114.450329
Nellis AFB	36.246585	-115.0571
Nelson	35.717933	-114.83135
Nixon	39.828015	-119.358952
North Las Vegas	36.289865	-115.089181
Oasis	41.028608	-114.476318
Orovada	41.549216	-117.823596
Osino	40.940877	-115.660774
Owyhee	41.927962	-116.21217
Pahrump	36.224045	-115.996744
Panaca	37.788116	-114.400539
Paradise	36.087148	-115.135519
Paradise Valley	41.484384	-117.546976
Pioche	37.951972	-114.443453
Preston	38.914945	-115.063674
Rachel	37.641436	-115.768129
Reno	39.549097	-119.849907
Round Hill Village	38.996464	-119.917493
Ruhenstroth	38.891296	-119.683291
Ruth	39.279288	-114.990045
Sandy Valley	35.842134	-115.630539
Schurz	38.979414	-118.833412
Searchlight	35.455431	-114.920426
Silver City	39.263889	-119.635697
Silver Peak	37.757726	-117.63865
Silver Springs	39.383454	-119.21464
Skyland	39.027253	-119.919196
Smith Valley	38.786902	-119.368659
Spanish Springs	39.655013	-119.668817
Sparks	39.574341	-119.715154
Spring Creek	40.744057	-115.598029
Spring Valley	36.095178	-115.263609
Stagecoach	39.365594	-119.383178
Stateline	38.96873	-119.944509
Summerlin South	36.124249	-115.332446
Sunrise Manor	36.178338	-115.048722
Sun Valley	39.610317	-119.777118
Sutcliffe	39.946058	-119.630514
Tonopah	38.08216	-117.224586
Topaz Lake	38.698694	-119.541597
Topaz Ranch Estates	38.735652	-119.500794
Unionville	40.44675	-118.123093
Ursine	37.977287	-114.22887
Valmy	40.790802	-117.126876
Verdi	39.521437	-119.983895
Virginia City	39.307469	-119.64827
Wadsworth	39.632166	-119.289032
Walker Lake	38.645758	-118.756291
Washoe Valley	39.292274	-119.776751
Wells	41.113155	-114.953537
West Wendover	40.740253	-114.078633
Whitney	36.100819	-115.037904
Winchester	36.136476	-115.137092
Winnemucca	40.96444	-117.724594
Yerington	38.955475	-119.110115
Zephyr Cove	39.013332	-119.923598
Alton	43.456398	-71.222338
Amherst	42.863576	-71.623821
Antrim	43.044018	-71.951029
Ashland	43.695909	-71.634771
Bartlett	44.073772	-71.282576
Belmont	43.439966	-71.478854
Bennington	43.003518	-71.920702
Berlin	44.484328	-71.277123
Bethlehem	44.278736	-71.689024
Blodgett Landing	43.375638	-72.039241
Bradford	43.271713	-71.961816
Bristol	43.603368	-71.734173
Canaan	43.650306	-72.015956
Center Ossipee	43.754212	-71.150814
Center Sandwich	43.811951	-71.441441
Charlestown	43.235548	-72.422511
Claremont	43.38647	-72.334496
Colebrook	44.894949	-71.494433
Concord	43.232493	-71.561252
Contoocook	43.230669	-71.713132
Conway	43.986651	-71.120357
Derry	42.887613	-71.282047
Dover	43.18636	-70.883623
Durham	43.142752	-70.925002
East Merrimack	42.871979	-71.481056
Enfield	43.6438	-72.146872
Epping	43.034896	-71.098414
Exeter	42.976981	-70.945458
Farmington	43.399424	-71.072384
Francestown	42.989413	-71.814072
Franklin	43.453915	-71.669893
Goffstown	43.022734	-71.598216
Gorham	44.393423	-71.19849
Greenville	42.772936	-71.80091
Groveton	44.611437	-71.517494
Hampton	42.943902	-70.825354
Hampton Beach	42.913965	-70.811752
Hancock	42.974555	-71.980055
Hanover	43.71159	-72.273144
Henniker	43.181516	-71.818818
Hillsborough	43.115572	-71.896797
Hinsdale	42.792146	-72.487888
Hooksett	43.093547	-71.457096
Hudson	42.763811	-71.43201
Jaffrey	42.811352	-72.023441
Keene	42.953842	-72.306875
Klondike Corner	42.959615	-71.63645
Laconia	43.576535	-71.482263
Lancaster	44.488623	-71.574224
Lebanon	43.635428	-72.253837
Lincoln	44.060465	-71.671045
Lisbon	44.211753	-71.909631
Littleton	44.330805	-71.768668
Londonderry	42.853398	-71.362425
Loudon	43.28183	-71.465082
Manchester	42.984941	-71.444131
Marlborough	42.904972	-72.211671
Melvin Village	43.690923	-71.307863
Meredith	43.6527	-71.4965
Milford	42.831645	-71.678708
Milton	43.402976	-70.992366
Milton Mills	43.506548	-70.966763
Mountain Lakes	44.124706	-71.957761
Nashua	42.749074	-71.490544
New Boston	42.977803	-71.693897
Newfields	43.035477	-70.939042
New Hampton	43.610629	-71.652754
New London	43.415739	-71.986142
Newmarket	43.075685	-70.940711
Newport	43.364896	-72.176631
North Conway	44.035719	-71.117232
North Haverhill	44.094493	-72.022331
North Walpole	43.146935	-72.446559
North Woodstock	44.039578	-71.695437
Peterborough	42.877243	-71.961109
Pinardville	43.001266	-71.513482
Pittsfield	43.300115	-71.331458
Plainfield	43.534503	-72.353638
Plymouth	43.738775	-71.702625
Portsmouth	43.060594	-70.780349
Raymond	43.035577	-71.175454
Rochester	43.298493	-70.977005
Sanbornville	43.552498	-71.029776
Seabrook Beach	42.880937	-70.824511
Somersworth	43.253476	-70.887944
South Hooksett	43.027768	-71.426844
Suissevale	43.722537	-71.363522
Suncook	43.135573	-71.450912
Tilton Northfield	43.444526	-71.592635
Troy	42.825843	-72.182874
Union	43.491165	-71.023068
Walpole	43.078344	-72.424804
Warner	43.284261	-71.824059
West Stewartstown	44.990616	-71.530184
West Swanzey	42.870597	-72.322406
Whitefield	44.371308	-71.609953
Wilton	42.846973	-71.73598
Winchester	42.779751	-72.384704
Wolfeboro	43.593631	-71.211633
Woodsville	44.141584	-72.02683
Absecon	39.423563	-74.493025
Absecon Highlands	39.442693	-74.470231
Allamuchy	40.931361	-74.811743
Allendale	41.032669	-74.133826
Allenhurst	40.235945	-74.002417
Allentown	40.178578	-74.590056
Allenwood	40.135366	-74.09805
Alloway	39.561596	-75.345303
Alpha	40.659447	-75.157052
Alpine	40.968782	-73.916896
Ampere North	40.77574	-74.191831
Anderson	40.76126	-74.925569
Andover	40.985743	-74.743701
Annandale	40.646818	-74.888144
Arrowhead Lake	39.47512	-75.317828
Asbury	40.698936	-75.007826
Asbury Park	40.222884	-74.010232
Ashland	39.876228	-75.008265
Atco	39.769996	-74.861738
Atlantic City	39.377337	-74.45107
Atlantic Highlands	40.411771	-74.019836
Auburn	39.688041	-75.356261
Audubon	39.890128	-75.072382
Audubon Park	39.896837	-75.088819
Avalon	39.086453	-74.739003
Avenel	40.584334	-74.271626
Avon-by-the-Sea	40.191418	-74.015105
Barclay	39.901243	-75.000829
Bargaintown	39.368123	-74.590822
Barnegat	39.753903	-74.221654
Barnegat Light	39.751289	-74.10676
Barrington	39.868935	-75.051362
Basking Ridge	40.706547	-74.557631
Bay Head	40.070315	-74.048162
Bayonne	40.662495	-74.110201
Beach Haven	39.576031	-74.251791
Beach Haven West	39.671611	-74.234941
Beachwood	39.928405	-74.202189
Beattystown	40.820613	-74.856004
Beckett	39.753142	-75.359455
Bedminster	40.674281	-74.660502
Beesleys Point	39.27718	-74.634869
Belford	40.427906	-74.078743
Belle Mead	40.468584	-74.657017
Belleplain	39.25784	-74.874857
Bellmawr	39.866356	-75.09467
Belmar	40.179663	-74.02444
Belvidere	40.829802	-75.073337
Bergenfield	40.922334	-73.998001
Berlin	39.792059	-74.936985
Bernardsville	40.730384	-74.592602
Beverly	40.064811	-74.921904
Blackwells Mills	40.480709	-74.59829
Blackwood	39.799223	-75.063754
Blairstown	40.987333	-74.954738
Blawenburg	40.402646	-74.698565
Bloomingdale	41.035471	-74.335613
Bloomsbury	40.656886	-75.076225
Bogota	40.874293	-74.029737
Boonton	40.903818	-74.406369
Bordentown	40.149693	-74.707679
Bound Brook	40.567749	-74.53725
Bradley Beach	40.201604	-74.012056
Bradley Gardens	40.572097	-74.663442
Brainards	40.771764	-75.169933
Branchville	41.147238	-74.749042
Brass Castle	40.763103	-75.026401
Bridgeport	39.800908	-75.346946
Bridgeton	39.429192	-75.228595
Bridgeville	40.844168	-75.031767
Bridgewater Center	40.602743	-74.646096
Brielle	40.105478	-74.063676
Brigantine	39.413857	-74.377902
Broadway	40.735575	-75.04953
Brookdale	40.834296	-74.179793
Brookfield	40.815021	-75.071814
Brooklawn	39.87935	-75.120396
Brookside	40.79457	-74.564042
Browns Mills	39.973149	-74.569211
Brownville	40.399586	-74.293339
Budd Lake	40.873494	-74.736828
Buena	39.52917	-74.945204
Burleigh	39.047233	-74.846651
Burlington	40.078824	-74.852483
Butler	40.997768	-74.347003
Buttzville	40.828388	-75.00617
Byram Center	40.932164	-74.71256
Caldwell	40.839235	-74.277026
Califon	40.719471	-74.836915
Camden	39.936787	-75.106644
Cape May	38.941147	-74.898372
Cape May Court House	39.079177	-74.822549
Cape May Point	38.936909	-74.965374
Carlls Corner	39.465903	-75.203634
Carlstadt	40.826431	-74.062335
Carneys Point	39.705328	-75.467996
Carteret	40.58379	-74.227457
Cedar Glen Lakes	39.953737	-74.400284
Cedar Glen West	40.038015	-74.285803
Cedar Knolls	40.818911	-74.455194
Cedarville	39.338581	-75.214477
Centre Grove	39.360939	-75.13648
Chatham	40.740686	-74.38448
Cherry Hill Mall	39.938209	-75.012356
Chesilhurst	39.729795	-74.880531
Chester	40.790628	-74.690085
Clayton	39.664063	-75.074397
Clearbrook	40.309839	-74.465188
Clementon	39.802681	-74.983763
Cliffside Park	40.82205	-73.987932
Cliffwood Beach	40.44321	-74.217841
Clifton	40.862137	-74.160393
Clinton	40.636794	-74.915205
Closter	40.97289	-73.960315
Clyde	40.487341	-74.513189
Collings Lakes	39.595202	-74.888418
Collingswood	39.915275	-75.078391
Cologne	39.493247	-74.608404
Colonia	40.589329	-74.311415
Columbia	40.925868	-75.094062
Concordia	40.314592	-74.447362
Connecticut Farms	40.693015	-74.271549
Cookstown	40.043738	-74.547654
Corbin City	39.301674	-74.705578
Country Lake Estates	39.948988	-74.537929
Cranbury	40.31345	-74.520233
Crandon Lakes	41.122727	-74.840512
Cranford	40.654374	-74.308632
Cream Ridge	40.132217	-74.537254
Cresskill	40.940018	-73.958313
Crestwood Village	39.955096	-74.352073
Crosswicks	40.139855	-74.636524
Cumberland-Hesstown	39.362237	-74.914481
Dayton	40.377854	-74.507789
Deal	40.249701	-73.997458
Deans	40.403154	-74.515311
Deerfield Street	39.516398	-75.243953
Delaware	40.892819	-75.069436
Delaware Park	40.705117	-75.188273
Delmont	39.215244	-74.94944
Demarest	40.954103	-73.954921
Dennisville	39.206555	-74.818386
Diamond Beach	38.959251	-74.852865
Dividing Creek	39.270495	-75.100213
Dorchester	39.269887	-74.971267
Dorothy	39.404337	-74.831974
Dover	40.8856	-74.559163
Dover Beaches North	39.99354	-74.070657
Dover Beaches South	39.954884	-74.081731
Dumont	40.945239	-73.992428
Dunellen	40.590294	-74.465652
Dutch Neck	39.40166	-75.278671
East Franklin	40.493307	-74.471073
East Freehold	40.275752	-74.241309
East Millstone	40.497223	-74.569735
East Newark	40.752011	-74.162189
East Orange	40.765055	-74.211655
East Rocky Hill	40.415152	-74.618012
East Rutherford	40.817097	-74.085024
East Vineland	39.476623	-74.905702
Eatontown	40.291624	-74.054123
Echelon	39.847234	-74.99368
Edgewater	40.82465	-73.973793
Egg Harbor City	39.563687	-74.595865
Elizabeth	40.666367	-74.193503
Ellisburg	39.919889	-75.009336
Elmer	39.592258	-75.174569
Elmwood Park	40.904526	-74.119514
Elwood	39.569375	-74.707921
Emerson	40.97499	-74.023248
Encore at Monroe	40.319571	-74.467097
Englewood	40.891197	-73.972515
Englewood Cliffs	40.884634	-73.944654
English Creek	39.378511	-74.65031
Englishtown	40.296141	-74.359584
Erma	38.994824	-74.891954
Essex Fells	40.828102	-74.276226
Estell Manor	39.353933	-74.775135
Fair Haven	40.36194	-74.038775
Fair Lawn	40.93583	-74.117505
Fairton	39.373352	-75.208845
Fairview	40.82111	-74.003032
Fairview	40.365312	-74.080588
Fanwood	40.641701	-74.385692
Far Hills	40.690893	-74.621537
Farmingdale	40.198357	-74.170082
Fieldsboro	40.135471	-74.733355
Finderne	40.561278	-74.574237
Finesville	40.61159	-75.171543
Flagtown	40.522523	-74.691039
Flanders	40.843893	-74.709761
Flemington	40.508641	-74.859869
Florence	40.11916	-74.808773
Florham Park	40.775992	-74.394315
Folsom	39.596745	-74.843163
Fords	40.536036	-74.313545
Forked River	39.825808	-74.180757
Forsgate	40.349285	-74.467813
Fort Dix	40.005611	-74.611072
Fortescue	39.237004	-75.170521
Fort Lee	40.85064	-73.971007
Franklin	41.108997	-74.588641
Franklin Center	40.531535	-74.54141
Franklin Lakes	41.007526	-74.205653
Franklin Park	40.444632	-74.542041
Franklinville	39.618004	-75.072981
Freehold	40.260219	-74.275884
Frenchtown	40.530537	-75.052846
Gandys Beach	39.27255	-75.234386
Garfield	40.879797	-74.10825
Garwood	40.651331	-74.323152
Germania	39.514424	-74.590766
Gibbsboro	39.832567	-74.966907
Gibbstown	39.82454	-75.278082
Gillette	40.695179	-74.456871
Glassboro	39.700096	-75.111423
Glendora	39.840937	-75.067211
Glen Gardner	40.700385	-74.939521
Glen Ridge	40.804798	-74.204569
Glen Rock	40.959471	-74.125202
Gloucester City	39.891694	-75.116692
Golden Triangle	39.928553	-75.038827
Goshen	39.148107	-74.846148
Gouldtown	39.415169	-75.19119
Great Meadows	40.875812	-74.896582
Great Notch	40.871476	-74.208634
Green Knoll	40.604725	-74.614511
Greentree	39.898668	-74.96168
Green Village	40.737233	-74.448347
Greenwich	39.389168	-75.344386
Greenwich	40.684907	-75.133821
Grenloch	39.782747	-75.055456
Griggstown	40.439868	-74.598319
Groveville	40.170087	-74.651309
Guttenberg	40.792784	-74.004572
Hackensack	40.889398	-74.045698
Hackettstown	40.853704	-74.824877
Haddonfield	39.895416	-75.034413
Haddon Heights	39.879127	-75.065918
Hainesburg	40.957233	-75.052237
Haledon	40.936989	-74.188867
Hamburg	41.148763	-74.573416
Hamilton Square	40.225029	-74.65048
Hammonton	39.66078	-74.767021
Hampton	40.70457	-74.971525
Hancocks Bridge	39.505308	-75.459316
Harlingen	40.451506	-74.654587
Harmony	40.751232	-75.137817
Harrington Park	40.991681	-73.980202
Harrison	40.742978	-74.152911
Harrisonville	39.685659	-75.277309
Harvey Cedars	39.699578	-74.141511
Hasbrouck Heights	40.862751	-74.075182
Haworth	40.962737	-73.99747
Hawthorne	40.956957	-74.158561
Heathcote	40.391003	-74.577665
Heislerville	39.223659	-74.991478
Helmetta	40.378417	-74.423384
Hewitt	41.176196	-74.324789
Hibernia	40.944622	-74.500876
High Bridge	40.670111	-74.890212
Highland Lakes	41.170559	-74.463226
Highland Park	40.500795	-74.427911
Highlands	40.404229	-73.988186
Hightstown	40.268457	-74.525804
Hillsborough	40.508074	-74.65288
Hillsdale	41.007127	-74.045119
Hi-Nella	39.836516	-75.021965
Hoboken	40.745251	-74.027926
Ho-Ho-Kus	40.9995	-74.096583
Holiday City-Berkeley	39.962813	-74.279647
Holiday City South	39.954094	-74.237294
Holiday Heights	39.939577	-74.257202
Hopatcong	40.951648	-74.662377
Hope	40.912086	-74.958895
Hopelawn	40.528629	-74.293633
Hopewell	40.389309	-74.763799
Hutchinson	40.779249	-75.119963
Interlaken	40.234313	-74.015939
Iselin	40.570142	-74.316371
Island Heights	39.941804	-74.143842
Jamesburg	40.349038	-74.440202
Jersey City	40.711417	-74.06476
Jobstown	40.030929	-74.700468
Johnsonburg	40.963004	-74.870992
Juliustown	40.012088	-74.67153
Keansburg	40.451869	-74.155634
Kean University	40.677882	-74.233133
Kearny	40.752332	-74.123093
Keasbey	40.514718	-74.311856
Kendall Park	40.413402	-74.562454
Kenilworth	40.678089	-74.288114
Kenvil	40.881052	-74.61966
Keyport	40.432626	-74.200342
Kingston	40.38145	-74.61398
Kingston Estates	39.918085	-74.990185
Kinnelon	40.982036	-74.385896
Lake Como	40.170011	-74.024861
Lake Hiawatha	40.881471	-74.382612
Lake Hopatcong	40.959562	-74.609507
Lakehurst	40.013119	-74.320356
Lake Mohawk	41.012982	-74.671481
Lakeside-Beebe Run	39.452176	-75.249779
Lake Telemark	40.959829	-74.497729
Lakewood	40.093975	-74.211478
Lambertville	40.368563	-74.943049
Lamington	40.671731	-74.706335
Landing	40.906904	-74.66205
Laurel Heights	39.45695	-75.22347
Laurel Lake	39.326293	-75.03062
Laurel Springs	39.820543	-75.005445
Laurence Harbor	40.44685	-74.259977
Lavallette	39.969474	-74.07188
Lawnside	39.867308	-75.028903
Lawrenceville	40.302621	-74.73852
Layton	41.218518	-74.823479
Lebanon	40.641862	-74.833312
Ledgewood	40.883268	-74.668029
Leeds Point	39.490613	-74.443344
Leesburg	39.262606	-74.981904
Leisure Knoll	40.018055	-74.28963
Leisuretowne	39.894535	-74.709479
Leisure Village	40.043805	-74.186412
Leisure Village East	40.040443	-74.168925
Leisure Village West	40.010284	-74.280896
Leonardo	40.419717	-74.060211
Leonia	40.863391	-73.988466
Liberty Corner	40.662488	-74.584628
Lincoln Park	40.923751	-74.304235
Lincroft	40.335361	-74.132723
Linden	40.627337	-74.23631
Lindenwold	39.818832	-74.989966
Linwood	39.343718	-74.571049
Little Ferry	40.843431	-74.034239
Little Silver	40.336952	-74.034535
Llewellyn Park	40.789325	-74.239681
Loch Arbour	40.232296	-74.000008
Lodi	40.877915	-74.0825
Long Branch	40.295372	-73.989899
Longport	39.311337	-74.526957
Long Valley	40.781633	-74.776838
Lopatcong Overlook	40.697115	-75.145197
Lower Berkshire Valley	40.912183	-74.614014
Lyons	40.680768	-74.548442
McGuire AFB	40.027985	-74.587819
McKee City	39.443813	-74.651889
Macopin	41.026869	-74.38004
Madison	40.758044	-74.417807
Madison Park	40.445963	-74.29639
Magnolia	39.856195	-75.036397
Malaga	39.579668	-75.056375
Manahawkin	39.689943	-74.242653
Manasquan	40.112421	-74.038159
Mantoloking	40.056688	-74.04816
Manville	40.541269	-74.589273
Margate City	39.330913	-74.506849
Marksboro	40.9793	-74.902528
Marlboro	39.487078	-75.324578
Marlton	39.901885	-74.929277
Marmora	39.258702	-74.657407
Marshallville	39.292681	-74.770462
Martinsville	40.602946	-74.575794
Matawan	40.411042	-74.236534
Mauricetown	39.29244	-75.007498
Mays Landing	39.452263	-74.707473
Maywood	40.902885	-74.063457
Medford Lakes	39.853649	-74.811665
Mendham	40.76729	-74.597766
Menlo Park Terrace	40.553407	-74.324265
Mercerville	40.235832	-74.692254
Merchantville	39.950222	-75.050337
Metuchen	40.542445	-74.362767
Mickleton	39.79105	-75.246173
Middlebush	40.502043	-74.535378
Middlesex	40.574627	-74.498259
Midland Park	40.995809	-74.141262
Milford	40.573483	-75.089702
Millington	40.675044	-74.514786
Millstone	40.499868	-74.595529
Milltown	40.450223	-74.434786
Millville	39.390093	-75.054797
Milmay	39.439024	-74.868316
Mizpah	39.481879	-74.838324
Money Island	39.287626	-75.235145
Monmouth Beach	40.335895	-73.985608
Monmouth Junction	40.376068	-74.557923
Monroe Manor	40.25902	-74.474279
Montclair State University	40.865917	-74.198359
Montvale	41.054594	-74.047298
Moonachie	40.841334	-74.057671
Moorestown-Lenola	39.966115	-74.961557
Morganville	40.376053	-74.232607
Morris Plains	40.838806	-74.474196
Morristown	40.796562	-74.477318
Mountain Lake	40.859796	-74.987571
Mountain Lakes	40.890853	-74.442032
Mountainside	40.680722	-74.360292
Mount Arlington	40.920751	-74.640791
Mount Ephraim	39.879524	-75.091814
Mount Hermon	40.921928	-74.993997
Mount Hope	40.918729	-74.550854
Mount Royal	39.809972	-75.214703
Mount Tabor	40.872284	-74.473929
Mullica Hill	39.720693	-75.210107
Mystic Island	39.565639	-74.382363
National Park	39.867297	-75.185621
Navesink	40.400292	-74.044811
Neptune City	40.200478	-74.033336
Nesco	39.642642	-74.689601
Neshanic	40.505399	-74.712023
Neshanic Station	40.52827	-74.735443
Netcong	40.899232	-74.700823
Newark	40.72422	-74.172574
New Brunswick	40.486677	-74.444414
New Egypt	40.065145	-74.527063
Newfield	39.551041	-75.010217
Newfoundland	41.055361	-74.429154
New Gretna	39.587769	-74.45452
New Milford	40.934161	-74.019453
Newport	39.291502	-75.169809
New Providence	40.69889	-74.406623
Newton	41.051487	-74.753601
Newtonville	39.563288	-74.855927
New Vernon	40.738889	-74.480459
New Village	40.718409	-75.077244
North Arlington	40.786256	-74.12622
North Beach Haven	39.600436	-74.211621
North Caldwell	40.8645	-74.259996
North Cape May	38.980849	-74.951024
Northfield	39.373073	-74.554128
North Haledon	40.963618	-74.185281
North Middletown	40.438988	-74.118521
North Plainfield	40.621255	-74.439466
Northvale	41.012874	-73.948553
North Wildwood	39.005944	-74.797505
Norwood	40.992046	-73.950551
Oakhurst	40.261486	-74.02655
Oakland	41.031022	-74.240502
Oaklyn	39.9023	-75.080573
Oak Ridge	41.031046	-74.498236
Oak Valley	39.806271	-75.158815
Ocean Acres	39.742013	-74.281061
Ocean City	39.269523	-74.599797
Ocean Gate	39.926453	-74.134759
Ocean Grove	40.21182	-74.006944
Oceanport	40.316012	-74.020479
Ocean View	39.201263	-74.743738
Oceanville	39.482	-74.452637
Ogdensburg	41.08009	-74.597626
Old Bridge	40.395367	-74.331185
Old Tappan	41.023305	-73.984223
Oldwick	40.66746	-74.739447
Olivet	39.538101	-75.176334
Oradell	40.956653	-74.032862
Othello	39.409983	-75.342047
Oxford	40.804851	-74.997317
Packanack Lake	40.938537	-74.255839
Palermo	39.233626	-74.685809
Palisades Park	40.847017	-73.997061
Palmyra	40.002615	-75.035273
Panther Valley	40.909453	-74.842002
Paramus	40.947299	-74.070169
Park Ridge	41.036183	-74.044293
Parsippany	40.864056	-74.41237
Passaic	40.857552	-74.129089
Paterson	40.914766	-74.162829
Paulsboro	39.839975	-75.23996
Peapack and Gladstone	40.715782	-74.654054
Pedricktown	39.766365	-75.407605
Pemberton	39.97219	-74.686558
Pemberton Heights	39.95792	-74.674924
Pennington	40.324923	-74.78878
Penns Grove	39.727704	-75.469035
Pennsville	39.648258	-75.500331
Perth Amboy	40.52016	-74.271331
Phillipsburg	40.691974	-75.179006
Pine Beach	39.936058	-74.169789
Pine Brook	40.869901	-74.344241
Pine Hill	39.78572	-74.980816
Pine Lake Park	40.001605	-74.258977
Pine Ridge at Crestwood	39.961515	-74.31208
Pines Lake	40.998672	-74.263775
Pitman	39.733094	-75.129673
Plainfield	40.615444	-74.415775
Plainsboro Center	40.331273	-74.591588
Pleasantdale	40.804002	-74.274634
Pleasant Plains	40.45312	-74.576459
Pleasantville	39.388801	-74.514288
Pluckemin	40.645258	-74.634631
Point Pleasant	40.077748	-74.069921
Point Pleasant Beach	40.092566	-74.045173
Pomona	39.468784	-74.550191
Pompton Lakes	41.002734	-74.286742
Pompton Plains	40.967407	-74.306967
Port Colden	40.76641	-74.953357
Port Elizabeth	39.309933	-74.971365
Port Monmouth	40.434236	-74.100665
Port Morris	40.906261	-74.684096
Port Murray	40.792825	-74.927156
Port Norris	39.262426	-75.046503
Port Reading	40.567422	-74.244933
Port Republic	39.534798	-74.476099
Pottersville	40.713641	-74.725684
Preakness	40.93821	-74.224894
Presidential Lakes Estates	39.914955	-74.563509
Princeton	40.358244	-74.666728
Princeton Junction	40.323172	-74.621871
Princeton Meadows	40.33562	-74.564746
Prospect Park	40.941559	-74.174088
Quinton	39.547478	-75.410915
Rahway	40.607152	-74.280531
Rainbow Lakes	40.87411	-74.455036
Ramapo College of New Jersey	41.08082	-74.17412
Ramblewood	39.932045	-74.95278
Ramsey	41.061325	-74.146996
Ramtown	40.114712	-74.150158
Raritan	40.571344	-74.646026
Red Bank	40.348722	-74.066528
Regency at Monroe	40.320866	-74.38626
Renaissance at Monroe	40.263447	-74.480702
Richland	39.490666	-74.889014
Richwood	39.716021	-75.172451
Ridgefield	40.832677	-74.014088
Ridgefield Park	40.854705	-74.019926
Ridgewood	40.981591	-74.113506
Ringoes	40.430883	-74.871795
Ringwood	41.103963	-74.271138
Rio Grande	39.019051	-74.87787
Riverdale	40.995886	-74.314532
River Edge	40.926766	-74.037468
Riverton	40.01194	-75.01474
Roadstown	39.443184	-75.316784
Robbinsville Center	40.219971	-74.630225
Robertsville	40.339513	-74.294374
Rockaway	40.895853	-74.517323
Rockleigh	41.000241	-73.934068
Rocky Hill	40.400347	-74.638922
Roebling	40.117217	-74.777844
Roosevelt	40.220742	-74.470155
Roseland	40.821737	-74.310147
Roselle	40.652211	-74.260158
Roselle Park	40.665309	-74.266558
Rosenhayn	39.478674	-75.137962
Ross Corner	41.128083	-74.713604
Rossmoor	40.33475	-74.470092
Rumson	40.362067	-74.00451
Runnemede	39.853411	-75.075502
Rutgers University-Busch Campus	40.519602	-74.467483
Rutgers University-Livingston Campus	40.517715	-74.444769
Rutherford	40.820314	-74.106041
Saddle River	41.023696	-74.092553
Salem	39.568236	-75.472553
Sayreville	40.466945	-74.320192
Sea Bright	40.359432	-73.974892
Seabrook Farms	39.501155	-75.220355
Sea Girt	40.130499	-74.033843
Sea Isle City	39.150781	-74.702732
Seaside Heights	39.944912	-74.07829
Seaside Park	39.926369	-74.078711
Seaville	39.207204	-74.715993
Secaucus	40.781958	-74.067649
Seeley	39.483349	-75.241159
Sewaren	40.548849	-74.255175
Sewell	39.769203	-75.144697
Shark River Hills	40.192293	-74.047409
Sheppards Mill	39.412445	-75.313673
Shiloh	39.462418	-75.29244
Ship Bottom	39.645354	-74.183003
Short Hills	40.739157	-74.327442
Shrewsbury	40.32645	-74.057373
Sicklerville	39.742512	-74.990234
Silver Lake	39.468475	-75.239822
Silver Lake	40.780435	-74.182815
Silver Lake	40.932116	-74.950432
Silver Ridge	39.961716	-74.235938
Singac	40.884938	-74.242912
Six Mile Run	40.470151	-74.534049
Skillman	40.428191	-74.712293
Smithville	39.494939	-74.478633
Somerdale	39.845416	-75.021701
Somerset	40.508507	-74.500207
Somers Point	39.317237	-74.606383
Somerville	40.569749	-74.607682
South Amboy	40.486391	-74.278762
South Bound Brook	40.553947	-74.527455
South Dennis	39.170241	-74.804356
South Plainfield	40.574413	-74.4148
South River	40.445652	-74.378459
South Seaville	39.186565	-74.753564
South Toms River	39.93905	-74.207013
Spotswood	40.393613	-74.392737
Springdale	39.876188	-74.972145
Springfield	40.706073	-74.312988
Spring Lake	40.153764	-74.026853
Spring Lake Heights	40.149483	-74.046169
Stanhope	40.913366	-74.70363
Stewartsville	40.688919	-75.102241
Stirling	40.680423	-74.488915
Stockton	40.405851	-74.970627
Stockton University	39.484737	-74.549
Stonebridge	40.295465	-74.46862
Stone Harbor	39.041691	-74.768837
Stratford	39.82899	-75.015536
Strathmere	39.194835	-74.660373
Strathmore	40.402018	-74.221545
Succasunna	40.85447	-74.657357
Summit	40.715622	-74.364684
Sunset Lake	39.45248	-75.235024
Surf City	39.664316	-74.17162
Sussex	41.208771	-74.608241
Swedesboro	39.745884	-75.310947
Sweetwater	39.613418	-74.650768
Tavistock	39.876265	-75.029807
Tenafly	40.918309	-73.950523
Ten Mile Run	40.422923	-74.587101
Teterboro	40.854573	-74.059619
The College of New Jersey	40.268378	-74.777899
The Hills	40.65379	-74.620979
The Ponds	40.306826	-74.453212
Thorofare	39.854728	-75.198685
Three Bridges	40.520594	-74.80017
Tinton Falls	40.266265	-74.09613
Titusville	40.308917	-74.874934
Toms River	39.994856	-74.187754
Totowa	40.903415	-74.219779
Towaco	40.926918	-74.342445
Trenton	40.223841	-74.763624
Troy Hills	40.850586	-74.396631
Tuckahoe	39.289182	-74.749684
Tuckerton	39.592197	-74.333079
Turnersville	39.766445	-75.062003
Twin Rivers	40.263538	-74.491923
Union	40.696539	-74.269291
Union Beach	40.44749	-74.170046
Union City	40.767425	-74.032279
Upper Greenwood Lake	41.18585	-74.37815
Upper Montclair	40.842576	-74.201302
Upper Pohatcong	40.677394	-75.155708
Upper Saddle River	41.063162	-74.099973
Upper Stewartsville	40.704794	-75.120558
Vauxhall	40.717383	-74.283782
Ventnor City	39.342046	-74.482626
Vernon Center	41.188789	-74.504046
Vernon Valley	41.242216	-74.486108
Victory Gardens	40.87613	-74.54353
Victory Lakes	39.630558	-74.969218
Vienna	40.872247	-74.872519
Villas	39.016268	-74.935972
Vincentown	39.936298	-74.751191
Vineland	39.465007	-74.997115
Vista Center	40.159049	-74.322325
Voorhees	40.482176	-74.492506
Waldwick	41.013367	-74.125217
Wallington	40.853084	-74.106323
Wanamassa	40.236816	-74.028865
Wanaque	41.042424	-74.288643
Waretown	39.789813	-74.19328
Washington	40.758525	-74.98319
Washington Crossing	40.296239	-74.860283
Watchung	40.642845	-74.436233
Watsessing	40.786567	-74.201159
Wenonah	39.792001	-75.148216
West Belmar	40.170666	-74.037582
West Berlin	39.809682	-74.941304
West Cape May	38.942226	-74.939033
Westfield	40.651644	-74.343447
West Freehold	40.230905	-74.294073
West Long Branch	40.287904	-74.020019
Westmont	39.907832	-75.054093
West New York	40.786032	-74.009507
Weston	40.522409	-74.574121
West Park	39.440277	-75.263676
Westville	39.87069	-75.129888
West Wildwood	39.000598	-74.823573
Westwood	40.989032	-74.031872
Wharton	40.897055	-74.574512
Whippany	40.823281	-74.418686
White Horse	40.191823	-74.701372
White House Station	40.620691	-74.773473
White Meadow Lake	40.923773	-74.510481
Whitesboro	39.049013	-74.871845
Whittingham	40.326654	-74.445474
Wildwood	38.98755	-74.818188
Wildwood Crest	38.971526	-74.83733
William Paterson University of New Jersey	40.945824	-74.198218
Williamstown	39.684201	-74.968674
Windsor	40.247399	-74.581329
Woodbine	39.22835	-74.809621
Woodbridge	40.552857	-74.286939
Woodbury	39.837906	-75.15153
Woodbury Heights	39.81329	-75.15065
Woodcliff Lake	41.025977	-74.061061
Woodland Park	40.889855	-74.194356
Woodlynne	39.916478	-75.095549
Wood-Ridge	40.850183	-74.087068
Woodstown	39.650178	-75.326232
Wrightstown	40.025589	-74.631908
Yardville	40.186607	-74.663143
Yorketown	40.305905	-74.3389
Zarephath	40.534569	-74.572371
Abeytas	34.465202	-106.813755
Abiquiu	36.201726	-106.323852
Acomita Lake	35.068881	-107.614564
Adelino	34.70639	-106.731823
Agua Fria	35.661557	-106.014788
Alamillo	34.251883	-106.9158
Alamo	34.4184	-107.512485
Alamogordo	32.883619	-105.963607
Albuquerque	35.10478	-106.646809
Alcalde	36.085393	-106.057516
Algodones	35.370711	-106.488878
Alma	33.384508	-108.894402
Angel Fire	36.377971	-105.258839
Angustura	36.712792	-107.917248
Animas	31.944863	-108.806459
Anthony	32.013148	-106.598396
Anton Chico	35.194869	-105.143897
Anzac Village	35.062402	-107.74138
Apache Creek	33.860337	-108.615044
Aragon	33.88973	-108.520212
Arenas Valley	32.775647	-108.203136
Arrey	32.847176	-107.320347
Arroyo Hondo	35.610294	-105.944991
Arroyo Hondo	36.534599	-105.666602
Arroyo Seco	36.521516	-105.586108
Artesia	32.852173	-104.42457
Atoka	32.777976	-104.393677
Aztec	36.815898	-107.970312
Barton	35.065283	-106.256859
Bayard	32.758182	-108.13381
Becenti	35.812278	-108.170855
Beclabito	36.83347	-109.003821
Belen	34.766572	-106.808512
Bent	33.142547	-105.87237
Berino	32.069022	-106.622065
Bernalillo	35.312363	-106.554104
Bibo	35.172546	-107.406978
Black Hat	35.631051	-108.964078
Black Rock	35.08092	-108.798214
Blanco	36.76178	-107.770245
Bloomfield	36.743306	-107.973937
Bluewater	35.324306	-108.205991
Bluewater Village	35.246698	-107.969468
Boles Acres	32.820016	-105.97768
Borrego Pass	35.566444	-108.016484
Bosque Farms	34.853577	-106.701049
Brazos	36.752761	-106.559879
Brimhall Nizhoni	35.791711	-108.62968
Broadview	35.225717	-107.876066
Buckhorn	33.03148	-108.69439
Butterfield Park	32.405228	-106.645663
Caballo	32.980627	-107.307479
CaÃ±ada de los Alamos	35.592655	-105.859754
Candy Kitchen	34.909301	-108.496452
Canjilon	36.483678	-106.42402
Cannon AFB	34.382137	-103.316944
CaÃ±on	35.671759	-106.752682
CaÃ±oncito	35.535238	-105.838875
CaÃ±ones	36.176434	-106.419355
Canova	36.167839	-105.988802
Capitan	33.539248	-105.598242
Capulin	36.746498	-104.00213
Carlsbad	32.40079	-104.241012
Carnuel	35.061172	-106.457172
Carrizozo	33.643341	-105.841132
Casa Colorada	34.550932	-106.73987
Casas Adobes	32.809425	-107.93898
Catalpa Canyon	35.494211	-108.720568
Causey	33.866663	-103.125226
Cedar Crest	35.114724	-106.380083
Cedar Grove	35.177201	-106.166914
Cedar Hill	36.946037	-107.883474
Cedro	35.018055	-106.35083
Center Point	36.870997	-107.95539
Chama	36.890126	-106.584163
Chamberino	32.036366	-106.677625
Chamisal	36.172542	-105.745963
Chamita	36.069263	-106.093754
Chamizal	34.218262	-106.915108
Chaparral	32.044254	-106.4061
Chical	34.865786	-106.667091
Chili	36.10501	-106.152714
Chilili	34.897374	-106.233133
Chimayo	35.99859	-105.945035
Chupadero	35.8144	-105.919743
Church Rock	35.569203	-108.573042
Cimarron	36.508302	-104.910354
City of the Sun	31.846639	-107.65039
Clayton	36.446033	-103.148863
Cliff	32.965957	-108.617594
Cloudcroft	32.95219	-105.732436
Clovis	34.438569	-103.194194
Cobre	32.78042	-108.11061
Cochiti	35.610354	-106.350143
Cochiti Lake	35.647835	-106.342537
Columbus	31.827418	-107.642294
Conchas Dam	35.354827	-104.195361
Conejo	35.62871	-105.942334
Continental Divide	35.432904	-108.33582
Cordova	36.012769	-105.856648
Corona	34.250106	-105.596979
Corrales	35.239575	-106.627061
Costilla	36.978472	-105.535268
Cotton City	32.110519	-108.88013
Coyote	36.150899	-106.607588
Crestview	35.487784	-108.857396
Crouch Mesa	36.74804	-108.085278
Crownpoint	35.734328	-108.155415
Cruzville	33.81099	-108.66769
Crystal	36.030009	-108.989215
Cuartelez	35.992837	-106.019682
Cuba	36.014583	-106.968011
Cubero	35.090454	-107.5261
Cundiyo	35.960838	-105.900856
Cuyamungue	35.864784	-106.009623
Cuyamungue Grant	35.846423	-105.994872
Datil	34.138871	-107.841329
Deer Canyon	34.423568	-106.284041
Deming	32.263076	-107.75249
Des Moines	36.761265	-103.834074
Dexter	33.194827	-104.368898
Dixon	36.179591	-105.891039
DoÃ±a Ana	32.393941	-106.817714
Dora	33.925866	-103.33855
Dulce	36.953773	-107.000284
Duran	34.463621	-105.380715
Eagle Nest	36.546987	-105.260701
East Pecos	35.576552	-105.649963
Edgewood	35.131319	-106.220161
Edith Enclave	35.211181	-106.585879
El Cerro	34.780465	-106.69571
El Cerro Mission	34.768734	-106.64468
Eldorado at Santa Fe	35.527245	-105.93397
El Duende	36.068438	-106.130136
Elephant Butte	33.182437	-107.221556
Elida	33.946904	-103.653118
El Morro Valley	35.036104	-108.322607
El Rancho	35.892761	-106.085633
El Rito	36.332589	-106.174147
El Valle de Arroyo Seco	35.952619	-106.025957
Encantado	35.793367	-105.911133
Encinal	35.111199	-107.465131
Encino	34.651828	-105.458577
Ensenada	36.730925	-106.536813
Escondida	34.101314	-106.897407
Escudilla Bonita	34.110067	-109.02277
EspaÃ±ola	36.003959	-106.070131
Estancia	34.764273	-106.038558
Eunice	32.436147	-103.149043
Fairacres	32.304724	-106.836643
Farmington	36.753833	-108.18053
Faywood	32.624613	-107.875276
Fence Lake	34.653375	-108.67378
Flora Vista	36.803059	-108.090194
Floyd	34.228598	-103.576059
Folsom	36.84777	-103.91761
Fort Sumner	34.486944	-104.217668
Fort Wingate	35.470846	-108.543861
Fruitland	36.743477	-108.394938
Galisteo	35.398388	-105.957183
Gallina	36.234856	-106.82788
Gallup	35.513753	-108.743733
Gamerco	35.569992	-108.764121
Garfield	32.756811	-107.266455
Gila	32.941344	-108.570533
Gila Hot Springs	33.190223	-108.204519
Glen Acres	32.375044	-108.716268
Glenwood	33.317641	-108.875163
Glorieta	35.583959	-105.762876
Golden	35.26368	-106.222984
Golden Acres	35.211215	-107.918343
Grady	34.821998	-103.315267
Grants	35.154187	-107.832275
Grenville	36.590533	-103.614573
Hachita	31.915328	-108.325207
Hagerman	33.115832	-104.331925
Hanover	32.814827	-108.089691
Happy Valley	32.427939	-104.289846
Hatch	32.673119	-107.161993
Haystack	35.354503	-107.938943
Hernandez	36.056857	-106.117799
Highland Meadows	34.938569	-107.166495
High Rolls	32.933741	-105.802659
Hillsboro	32.92183	-107.577174
Hobbs	32.729088	-103.160828
Holloman AFB	32.845979	-106.095926
Homer C Jones	35.307796	-108.096597
Homestead	34.145537	-107.878167
Hope	32.817372	-104.736933
Hot Springs Landing	33.204667	-107.209958
House	34.64945	-103.90375
Hurley	32.698546	-108.131112
Hyde Park	35.71124	-105.886598
Indian Hills	34.983178	-106.139764
Isleta	34.904273	-106.699015
Iyanbito	35.515982	-108.48771
Jacona	35.888706	-106.038628
Jaconita	35.885631	-106.06111
Jal	32.114838	-103.189996
Jamestown	35.469295	-108.439555
Jarales	34.61548	-106.76058
Jemez Pueblo	35.606602	-106.732155
Jemez Springs	35.773099	-106.691026
Keeler Farm	32.316066	-107.760226
Kingston	32.917335	-107.709555
Kirtland	36.758875	-108.367456
Kirtland AFB	35.04775	-106.561025
La Bajada	35.556524	-106.243609
La Boca	36.994467	-107.606445
La Cienega	35.579438	-106.113075
La Cueva	35.869447	-106.648507
La Cueva	35.577622	-105.733884
Laguna	35.047377	-107.401739
La Hacienda	32.205992	-107.725067
La Huerta	32.448845	-104.222433
La Jara	36.105499	-106.941912
La Joya	34.344952	-106.846655
Lake Arthur	32.99939	-104.363695
Lake Roberts	33.031351	-108.168832
Lake Roberts Heights	33.027078	-108.138148
Lake Sumner	34.62361	-104.40219
Lake Valley	36.090055	-108.164155
La Luz	32.971633	-105.939658
La Madera	36.376682	-106.043173
La Madera	35.234536	-106.334012
La Mesa	32.124433	-106.70901
La Mesilla	35.941881	-106.064054
Lamy	35.485476	-105.886293
La Plata	36.896404	-108.200795
La Puebla	35.988177	-106.000566
Las Campanas	35.715849	-106.058127
Las Cruces	32.326444	-106.789695
Las Maravillas	34.734863	-106.664995
Las Nutrias	34.469841	-106.770811
Las Palomas	33.058914	-107.298245
Las Tusas	35.27313	-108.126378
Las Vegas	35.604818	-105.217023
La Tierra	35.747337	-106.030871
La Union	31.950754	-106.662143
La Villita	36.101231	-106.055488
Lee Acres	36.704779	-108.061522
Lemitar	34.155034	-106.912241
Lindrith	36.315452	-107.03919
Little Walnut Village	32.825625	-108.286719
Livingston Wheeler	32.391697	-104.202816
Llano del Medio	35.188081	-105.116326
Lobo Canyon	35.223778	-107.720977
Loco Hills	32.819669	-103.978353
Logan	35.355482	-103.45302
Lordsburg	32.343777	-108.70212
Los Alamos	35.893959	-106.290025
Los Cerrillos	35.427201	-106.121172
Los Chaves	34.733506	-106.761088
Los Luceros	36.114411	-106.03719
Los Lunas	34.80087	-106.788691
Los Ojos	36.738548	-106.561657
Los Ranchos de Albuquerque	35.161952	-106.645737
Loving	32.286235	-104.097756
Lovington	32.944466	-103.349225
Lower Frisco	33.653035	-108.787558
Luis Lopez	33.990467	-106.887768
Lumberton	36.932771	-106.935366
Luna	33.81755	-108.941249
Lybrook	36.22409	-107.557858
Lyden	36.153669	-106.014661
McCartys Village	35.061341	-107.663452
McGaffey	35.370111	-108.516475
McIntosh	34.881926	-106.055946
Madrid	35.403259	-106.153788
Madrone	34.579214	-106.728478
Magdalena	34.109529	-107.23183
Malaga	32.22091	-104.065972
Manuelito	35.438742	-108.994582
Manzano	34.643694	-106.367054
Manzano Springs	34.961358	-106.232645
Maxwell	36.541088	-104.543047
Mayhill	32.890216	-105.504437
Meadow Lake	34.803137	-106.570358
Medanales	36.176525	-106.177743
Melrose	34.429478	-103.629365
Mescalero	33.134561	-105.799934
Mesilla	32.269307	-106.809108
Mesita	35.005802	-107.316303
Mesquite	32.166993	-106.688496
Middle Frisco	33.695112	-108.764499
Middle Mesa	36.979999	-107.507281
Midway	33.297263	-104.451159
Milan	35.196782	-107.892371
Mimbres	32.839225	-107.960194
Mogollon	33.406933	-108.799639
Monterey Park	34.751074	-106.653065
Monument	32.624249	-103.27764
Moquino	35.169853	-107.363877
Mora	35.963479	-105.331279
Moriarty	35.003368	-106.044427
Morningside	32.861002	-104.397072
Mosquero	35.77431	-103.954413
Mountainair	34.52119	-106.239324
Mountain View	35.00458	-108.397889
Mountain View	32.228808	-107.746202
Mount Taylor	35.124147	-107.807469
Nadine	32.610531	-103.103229
Nageezi	36.246251	-107.751167
Nakaibito	35.782628	-108.803908
Nambe	35.898416	-105.966676
Napi Headquarters	36.650487	-108.214503
Nara Visa	35.606865	-103.104294
Naschitti	36.062563	-108.680001
Navajo	35.902431	-109.032083
Navajo Dam	36.872922	-107.623216
Nenahnezad	36.730783	-108.434462
Newcomb	36.285184	-108.711608
Newkirk	35.063517	-104.271496
Nogal	33.538223	-105.711874
North Acomita Village	35.067299	-107.56484
North Hobbs	32.77326	-103.1234
North Hurley	32.719838	-108.1285
North Light Plant	36.866982	-108.033143
North San Ysidro	35.474642	-105.566044
North Valley	35.173116	-106.622788
Oasis	32.927701	-107.316417
Ohkay Owingeh	36.045305	-106.045938
Ojo Amarillo	36.694138	-108.37036
Ojo Caliente	36.314662	-106.037406
Ojo Encino	35.952534	-107.344499
Ojo Sarco	36.12492	-105.784459
Old Town	32.512394	-107.923162
Organ	32.425082	-106.602407
Orogrande	32.389294	-106.108507
Paa-Ko	35.199821	-106.333746
Paguate	35.156401	-107.400679
Pajarito Mesa	34.979634	-106.780501
Paradise Hills	35.198144	-106.702397
Paraje	35.044379	-107.468194
Pastura	34.785104	-104.942098
Peak Place	35.791172	-105.943204
Pecan Park	32.270417	-107.67399
Pecos	35.575706	-105.678407
PeÃ±a Blanca	35.570919	-106.331955
PeÃ±asco	36.17032	-105.69072
Peralta	34.82834	-106.685963
Picacho Hills	32.315804	-106.878497
Picuris Pueblo	36.200146	-105.723504
Pie Town	34.340383	-108.176599
Pinedale	35.607143	-108.425703
Pinehaven	35.335694	-108.670939
Pinehill	34.892166	-108.422357
Pinon	32.61953	-105.376919
Pinos Altos	32.866469	-108.222027
Placitas	32.665524	-107.16982
Placitas	35.322593	-106.442918
Playas	31.912585	-108.536315
Pleasanton	33.279793	-108.880873
Pojoaque	35.896198	-106.010472
Polvadera	34.202039	-106.917202
Ponderosa	35.655493	-106.654459
Ponderosa Pine	34.970897	-106.339616
Portales	34.177289	-103.355084
Prewitt	35.368255	-108.074858
Pueblito	36.072716	-106.081107
Pueblitos	34.612079	-106.781001
Pueblo	35.32725	-105.435352
Pueblo of Sandia Village	35.253738	-106.570575
Pueblo Pintado	35.961351	-107.622355
Puerto de Luna	34.829713	-104.622173
Pulpotio Bareas	32.21789	-107.772816
Punta de Agua	34.601584	-106.292238
Purty Rock	35.490251	-108.895324
Quemado	34.340633	-108.506148
Questa	36.712379	-105.599204
Radium Springs	32.478231	-106.903074
Ramah	35.126354	-108.506292
Rancho Grande	33.682001	-108.858158
Ranchos de Taos	36.361935	-105.601583
Raton	36.884966	-104.439572
Red River	36.709768	-105.418495
Redrock	32.688566	-108.740631
Red Rock Ranch	35.424169	-108.026272
Regina	36.194874	-106.945947
Reserve	33.70898	-108.761384
Ribera	35.36996	-105.444092
Rincon	32.672534	-107.075831
Rio Chiquito	35.994854	-105.906935
Rio Communities	34.645157	-106.715779
Rio en Medio	35.82221	-105.900907
Rio Lucio	36.192177	-105.720033
Rio Rancho	35.28507	-106.698867
Rio Rancho Estates	35.300369	-106.798499
Rivers	33.674601	-108.779453
Rock Springs	35.618787	-108.83454
Rodeo	31.839654	-109.026644
Rodey	32.653776	-107.135742
Rosedale	32.764663	-108.243476
Roswell	33.373442	-104.529393
Rowe	35.492211	-105.671511
Roy	35.945095	-104.196288
Ruidoso	33.349549	-105.668809
Ruidoso Downs	33.331181	-105.596772
Sacramento	32.784486	-105.565101
Sagar	35.247418	-108.767056
Salem	32.71209	-107.205621
San Acacia	34.254937	-106.902282
San Antonio	33.916165	-106.870022
San Antonito	35.157518	-106.347512
San Antonito	33.891806	-106.879946
San Cristobal	36.610127	-105.631801
Sandia Heights	35.174298	-106.488401
Sandia Knolls	35.160434	-106.298751
Sandia Park	35.16477	-106.365744
San Felipe Pueblo	35.438327	-106.41321
San Fidel	35.102566	-107.597533
San Ildefonso Pueblo	35.888315	-106.129195
San Jon	35.111299	-103.336299
San Jose	36.036727	-106.100442
San Jose	35.395553	-105.475887
San Lorenzo	32.805352	-107.920207
San Luis	35.700913	-107.04308
San Mateo	35.338061	-107.646091
San Miguel	32.153465	-106.726841
Sanostee	36.430481	-108.862957
San Pablo	32.250657	-106.762599
San Pedro	35.227991	-106.184714
San Rafael	35.098163	-107.904921
Santa Ana Pueblo	35.352287	-106.515378
Santa Clara	32.779959	-108.149317
Santa Clara Pueblo	35.970766	-106.102081
Santa Cruz	35.993969	-106.035821
Santa Fe	35.661981	-105.981815
Santa Fe Foothills	35.627965	-105.898063
Santa Rosa	34.936051	-104.675021
Santa Teresa	31.87136	-106.673424
Santo Domingo Pueblo	35.522443	-106.36756
San Ysidro	32.356752	-106.812892
San Ysidro	35.560552	-106.773503
Sausal	34.68032	-106.758912
Seama	35.050808	-107.539628
Seboyeta	35.198908	-107.382673
Sedillo	35.087001	-106.287808
Sena	35.303605	-105.391313
Seton Village	35.599814	-105.933516
Sheep Springs	36.159213	-108.690526
Shiprock	36.790744	-108.696053
Silver City	32.778581	-108.269409
Skyline-Ganipa	35.03612	-107.616176
Socorro	34.054535	-106.906199
Soham	35.416866	-105.498497
Sombrillo	35.980191	-106.035245
South Acomita Village	35.05331	-107.572254
South River	36.785942	-108.057678
South Valley	35.008623	-106.682218
Spencerville	36.82957	-108.061632
Springer	36.365411	-104.600218
Stanley	35.154157	-105.976287
Stoneridge	35.30187	-108.10343
Sundance	35.510539	-108.639694
Sunland Park	31.823559	-106.600264
Sunlit Hills	35.595709	-105.920992
Sunshine	32.134393	-107.783798
Tajique	34.760038	-106.301019
Talpa	36.340147	-105.5922
Tano Road	35.737386	-105.981898
Taos	36.387127	-105.580409
Taos Pueblo	36.465675	-105.563449
Taos Ski Valley	36.590042	-105.436929
Tatum	33.255394	-103.310822
Tecolote	35.460419	-105.284209
Tecolotito	35.230702	-105.163043
Tesuque	35.748647	-105.920922
Tesuque Pueblo	35.809034	-105.975178
Texico	34.389212	-103.050682
Thoreau	35.423455	-108.200103
Thunder Mountain	35.10166	-106.22356
Tierra Amarilla	36.705901	-106.565132
Tijeras	35.086172	-106.377629
Timberlake	35.201222	-108.484254
Timberon	32.636306	-105.695249
Tohatchi	35.843431	-108.751573
Tome	34.738985	-106.725154
Torreon	35.793153	-107.212402
Torreon	34.724196	-106.300782
Tortugas	32.269714	-106.754568
Totah Vista	36.710685	-108.2063
Tres Arroyos	35.679822	-106.03986
Trout Valley	33.036224	-108.189261
Truchas	36.036692	-105.812546
Truth or Consequences	33.23764	-107.276237
Tse Bonito	35.646588	-109.007047
Tucumcari	35.170291	-103.705046
Tularosa	33.075001	-106.017299
Turley	36.736661	-107.792147
Twin Forks	32.938514	-105.646395
Twin Lakes	35.683352	-108.770905
Tyrone	32.709932	-108.302738
University Park	32.276738	-106.746191
Upper Fruitland	36.720034	-108.321483
Ute Park	36.546688	-105.103801
Vadito	36.192924	-105.675328
Vado	32.127881	-106.657073
Valencia	35.578015	-105.790814
Valencia	34.805297	-106.686912
Valle Vista	35.583959	-106.058449
Vanderwagen	35.27455	-108.744447
Vaughn	34.607206	-105.212594
Veguita	34.514686	-106.767915
Velarde	36.159292	-105.958756
Ventura	32.243769	-107.683198
Villanueva	35.265923	-105.360208
Virden	32.688872	-109.001333
Wagon Mound	36.004722	-104.709192
Waterflow	36.755425	-108.469456
Watrous	35.789151	-104.982515
Weed	32.796855	-105.530851
West Hammond	36.681984	-108.043784
White Cliffs	35.549023	-108.664318
White Rock	35.808645	-106.208121
White Sands	32.38044	-106.479113
Whites City	32.176645	-104.373797
White Signal	32.567749	-108.349021
Willard	34.594879	-106.032289
Williams Acres	35.496938	-108.86998
Williamsburg	33.11593	-107.294462
Windmill	31.976871	-108.631504
Winston	33.346112	-107.648743
Yah-ta-hey	35.629103	-108.792667
Youngsville	36.194985	-106.566931
Zia Pueblo	35.529992	-106.716961
Zuni Pueblo	35.069351	-108.855832
Accord	41.801491	-74.230258
Adams	43.810218	-76.022978
Adams Center	43.869989	-75.988663
Addison	42.106321	-77.23199
Afton	42.229199	-75.52475
Airmont	41.099156	-74.097916
Akron	43.017957	-78.497803
Akwesasne	44.968597	-74.665983
Albany	42.665745	-73.798353
Albertson	40.771589	-73.648155
Albion	43.246024	-78.1902
Alden	42.898879	-78.494607
Alexander	42.902021	-78.259113
Alexandria Bay	44.337221	-75.922707
Alfred	42.254333	-77.789646
Allegany	42.090649	-78.489633
Almond	42.319325	-77.738608
Altamont	42.705345	-74.033633
Altmar	43.512425	-76.005578
Altona	44.890097	-73.659565
Amagansett	40.983382	-72.130131
Amenia	41.848203	-73.555575
Ames	42.837469	-74.601681
Amityville	40.669844	-73.415787
Amsterdam	42.941628	-74.190566
Andes	42.187624	-74.780349
Andover	42.156996	-77.796098
Angelica	42.305506	-78.020645
Angola	42.637885	-79.029516
Angola on the Lake	42.654966	-79.052241
Antwerp	44.199538	-75.608971
Apalachin	42.063844	-76.156757
Aquebogue	40.944013	-72.615397
Arcade	42.531726	-78.439916
Ardsley	41.013479	-73.839289
Argyle	43.236345	-73.490739
Arkport	42.392596	-77.695482
Arlington	41.696478	-73.898949
Armonk	41.133462	-73.719279
Asharoken	40.93927	-73.38506
Athens	42.27103	-73.815933
Atlantic Beach	40.586057	-73.725097
Attica	42.863897	-78.27968
Auburn	42.9338	-76.567181
Aurora	42.752192	-76.698439
Au Sable Forks	44.454699	-73.670888
Averill Park	42.644407	-73.553822
Avoca	42.414883	-77.424835
Avon	42.912842	-77.74649
Babylon	40.693679	-73.326
Bainbridge	42.301807	-75.479756
Baiting Hollow	40.962793	-72.744252
Baldwin	40.650127	-73.607709
Baldwinsville	43.159706	-76.338464
Ballston Spa	43.00564	-73.854458
Balmville	41.527905	-74.024627
Bard College	42.022816	-73.909367
Bardonia	41.113952	-73.979297
Barker	43.328328	-78.553535
Barneveld	43.274497	-75.187686
Barnum Island	40.604916	-73.643134
Barrytown	42.000126	-73.925973
Barryville	41.481262	-74.916801
Batavia	42.998558	-78.180806
Bath	42.336093	-77.31686
Baxter Estates	40.833771	-73.694759
Bay Park	40.631817	-73.668521
Bayport	40.745984	-73.056388
Bay Shore	40.729377	-73.250141
Bayville	40.907257	-73.561166
Baywood	40.753354	-73.289926
Beacon	41.50324	-73.964735
Beaver Dam Lake	41.43896	-74.125929
Bedford	41.186863	-73.657377
Bedford Hills	41.240568	-73.688149
Belfast	42.341322	-78.118465
Bellerose	40.724275	-73.716674
Bellerose Terrace	40.722147	-73.725159
Belle Terre	40.960698	-73.067274
Belleville	43.792954	-76.115161
Bellmore	40.660239	-73.526597
Bellport	40.75095	-72.941325
Belmont	42.220105	-78.030794
Bemus Point	42.163249	-79.389476
Bergen	43.082601	-77.942458
Bethpage	40.749517	-73.485536
Big Flats	42.163617	-76.908739
Billington Heights	42.785031	-78.626552
Binghamton	42.101331	-75.909369
Binghamton University	42.089141	-75.968456
Black River	44.009525	-75.796463
Blasdell	42.796519	-78.8324
Blauvelt	41.068236	-73.954937
Bliss	42.580109	-78.253762
Blodgett Mills	42.566516	-76.132873
Bloomfield	42.89912	-77.424134
Bloomingburg	41.551947	-74.443758
Bloomville	42.334396	-74.822777
Blue Point	40.751642	-73.035015
Bohemia	40.777011	-73.13509
Bolivar	42.068421	-78.166212
Bolton Landing	43.563992	-73.652523
Boonville	43.480862	-75.329636
Brasher Falls	44.813979	-74.788948
Breesport	42.184035	-76.735908
Brentwood	40.783918	-73.252235
Brewerton	43.232432	-76.14482
Brewster	41.396162	-73.616269
Brewster Heights	41.407277	-73.628568
Brewster Hill	41.421304	-73.606864
Briarcliff Manor	41.140333	-73.847504
Bridgehampton	40.941131	-72.305709
Bridgeport	43.159236	-75.963913
Bridgeville	41.631016	-74.627608
Bridgewater	42.878732	-75.251993
Brighton	43.118498	-77.580976
Brightwaters	40.716435	-73.261514
Brinckerhoff	41.553472	-73.86288
Broadalbin	43.055533	-74.195421
Brockport	43.213297	-77.940824
Brocton	42.389719	-79.442815
Bronxville	40.939493	-73.82644
Brookhaven	40.776671	-72.907833
Brooktondale	42.381966	-76.396957
Brookville	40.807912	-73.570122
Brownville	44.005307	-75.98307
Brushton	44.830681	-74.511908
Buchanan	41.263168	-73.944966
Buffalo	42.892492	-78.859686
Burdett	42.416873	-76.843963
Burke	44.903146	-74.169979
Burlington Flats	42.740306	-75.184322
Busti	42.042324	-79.278902
Byersville	42.583882	-77.791523
Cadyville	44.698495	-73.65344
Cairo	42.305175	-74.01183
Calcium	44.040933	-75.849388
Caledonia	42.975467	-77.857079
Callicoon	41.765927	-75.057949
Calverton	40.91994	-72.77337
Cambridge	43.027975	-73.381296
Camden	43.336477	-75.74773
Camillus	43.038663	-76.309928
Campbell	42.235043	-77.193694
Canajoharie	42.89908	-74.567869
Canandaigua	42.888999	-77.280321
Canaseraga	42.461762	-77.77727
Canastota	43.084149	-75.755495
Candor	42.228395	-76.336672
Canisteo	42.270354	-77.605658
Canton	44.599995	-75.166584
Cape Vincent	44.123197	-76.330734
Captree	40.646074	-73.257051
Carle Place	40.749895	-73.612367
Carmel	41.402995	-73.684986
Caroga Lake	43.134003	-74.481423
Carthage	43.982876	-75.603012
Cassadaga	42.341564	-79.317023
Castile	42.631147	-78.052599
Castleton-on-Hudson	42.536568	-73.747924
Castorland	43.886156	-75.516522
Cato	43.165568	-76.567506
Catskill	42.214901	-73.858674
Cattaraugus	42.329763	-78.867519
Cayuga	42.919548	-76.727987
Cayuga Heights	42.467675	-76.488417
Cazenovia	42.927916	-75.85132
Cedarhurst	40.625202	-73.727831
Celoron	42.105211	-79.277691
Cementon	42.135666	-73.919324
Centereach	40.868067	-73.082104
Center Moriches	40.799313	-72.796524
Centerport	40.902425	-73.371427
Central Bridge	42.712691	-74.349531
Central Islip	40.783589	-73.194475
Central Square	43.285986	-76.141879
Centre Island	40.898546	-73.521919
Chadwicks	43.029139	-75.270976
Champlain	44.988281	-73.432429
Chappaqua	41.155922	-73.768268
Chateaugay	44.926589	-74.080398
Chatham	42.36183	-73.597942
Chaumont	44.06835	-76.132748
Chautauqua	42.210077	-79.469015
Chazy	44.890851	-73.4292
Cheektowaga	42.909004	-78.750763
Chelsea Cove	41.613245	-73.747012
Chenango Bridge	42.171427	-75.857719
Cherry Creek	42.295845	-79.100858
Cherry Valley	42.79818	-74.75217
Chester	41.356942	-74.276921
Chestertown	43.643112	-73.783522
Chestnut Ridge	41.084908	-74.048071
Chittenango	43.046141	-75.874769
Churchville	43.102261	-77.881586
Clarence	42.97573	-78.595325
Clarence Center	43.008425	-78.630815
Clark Mills	43.084579	-75.376112
Clarkson	43.239818	-77.916201
Claverack-Red Mills	42.229481	-73.722275
Clayton	44.237487	-76.082734
Clayville	42.977963	-75.250681
Cleveland	43.240002	-75.884202
Clifton Gardens	42.847118	-73.782601
Clifton Knolls-Mill Creek	42.850658	-73.806356
Clifton Springs	42.960832	-77.134788
Clinton	43.048866	-75.378462
Clintondale	41.690269	-74.042654
Clyde	43.084162	-76.87043
Cobleskill	42.679002	-74.485234
Cohocton	42.49993	-77.500006
Cohoes	42.772867	-73.707759
Cold Brook	43.239875	-75.038869
Cold Spring	41.419238	-73.954745
Cold Spring Harbor	40.864322	-73.456406
Colonie	42.720873	-73.831736
Colton	44.565056	-74.946662
Commack	40.843449	-73.283336
Conesus	42.726333	-77.669676
Conesus Lake	42.802175	-77.70112
Congers	41.149122	-73.946371
Constableville	43.564721	-75.427685
Constantia	43.25856	-76.009024
Coopers Plains	42.179345	-77.137523
Cooperstown	42.698875	-74.930659
Copake	42.104842	-73.554715
Copake Falls	42.120223	-73.524723
Copake Lake	42.147242	-73.597579
Copenhagen	43.89329	-75.672629
Copiague	40.670358	-73.392761
Coram	40.881236	-73.005882
Corfu	42.961163	-78.40261
Corinth	43.245662	-73.830348
Corning	42.148195	-77.056401
Cornwall-on-Hudson	41.433521	-74.015145
Cortland	42.600866	-76.179127
Cortland West	42.594186	-76.225853
Country Knolls	42.90875	-73.80732
Cove Neck	40.885781	-73.497304
Coxsackie	42.357628	-73.807989
Cragsmoor	41.665484	-74.391169
Cranberry Lake	44.180885	-74.86828
Crest View Heights	42.075728	-76.123409
Croghan	43.89429	-75.391521
Crompond	41.295265	-73.839963
Croton-on-Hudson	41.209652	-73.901152
Crown Heights	41.641654	-73.928663
Crugers	41.231337	-73.92581
Crystal Beach	42.809769	-77.258293
Cuba	42.218292	-78.275211
Cumberland Head	44.717703	-73.398006
Cumminsville	42.570539	-77.718936
Cutchogue	41.021223	-72.486958
Cuylerville	42.777692	-77.873758
Dalton	42.542227	-77.951938
Danby	42.356588	-76.466818
Dannemora	44.719721	-73.718535
Dansville	42.562482	-77.696927
Davenport Center	42.445085	-74.911217
Deer Park	40.761441	-73.321736
Deferiet	44.036491	-75.682427
DeKalb Junction	44.512052	-75.297688
Delanson	42.748099	-74.182443
Delevan	42.491288	-78.479603
Delhi	42.277417	-74.91548
Depauville	44.142448	-76.045152
Depew	42.911764	-78.704363
Deposit	42.064176	-75.422919
Dering Harbor	41.092177	-72.341328
DeRuyter	42.758669	-75.886689
De Witt	43.02809	-76.086426
Dexter	44.011179	-76.042982
Dix Hills	40.803322	-73.337459
Dobbs Ferry	41.009994	-73.868636
Dolgeville	43.106696	-74.779978
Dover Plains	41.739272	-73.573014
Downsville	42.084598	-74.997709
Dresden	42.683928	-76.957046
Dryden	42.49083	-76.301387
Duane Lake	42.752239	-74.107327
Duanesburg	42.763423	-74.133129
Dundee	42.523613	-76.977422
Dunkirk	42.480551	-79.332898
Durhamville	43.122562	-75.665
Eagle Bay	43.768644	-74.817367
Earlville	42.740085	-75.543595
East Atlantic Beach	40.585582	-73.712204
East Aurora	42.766837	-78.617042
East Avon	42.912785	-77.707306
Eastchester	40.958347	-73.807489
East Durham	42.36565	-74.092526
East Farmingdale	40.736657	-73.411368
East Frankfort	43.016973	-75.064795
East Glenville	42.864027	-73.928902
East Greenbush	42.595174	-73.704997
East Hampton	40.951543	-72.196094
East Hampton North	40.972767	-72.189126
East Herkimer	43.031518	-74.964198
East Hills	40.795841	-73.629176
East Islip	40.726249	-73.187346
East Ithaca	42.424472	-76.458678
East Kingston	41.950861	-73.974596
East Marion	41.135271	-72.33516
East Massapequa	40.676236	-73.437058
East Meadow	40.720115	-73.558861
East Moriches	40.808772	-72.756601
East Nassau	42.538976	-73.504976
East Northport	40.879131	-73.323244
East Norwich	40.849523	-73.528852
East Patchogue	40.770031	-72.981772
Eastport	40.83508	-72.735052
East Quogue	40.845851	-72.575354
East Randolph	42.168067	-78.957184
East Rochester	43.11221	-77.487176
East Rockaway	40.643804	-73.66713
East Setauket	40.920966	-73.093714
East Shoreham	40.950232	-72.875352
East Syracuse	43.063823	-76.069789
East Williston	40.76085	-73.633607
East Worcester	42.628399	-74.674321
Eatons Neck	40.930969	-73.401771
Eden	42.652344	-78.9013
Edmeston	42.698855	-75.252297
Edwards	44.320264	-75.249374
Eggertsville	42.966475	-78.807187
Elba	43.076804	-78.188908
Elbridge	43.037936	-76.442352
Eldred	41.526802	-74.878829
Elizabethtown	44.226132	-73.588933
Ellenville	41.704744	-74.36219
Ellicottville	42.274852	-78.672283
Ellisburg	43.735102	-76.134388
Elma Center	42.828198	-78.634291
Elmira	42.093388	-76.80961
Elmira Heights	42.12669	-76.825566
Elmont	40.699176	-73.706166
Elmsford	41.054114	-73.814325
Elwood	40.846198	-73.338874
Endicott	42.097489	-76.063376
Endwell	42.122864	-76.023572
Erin	42.184079	-76.671703
Esperance	42.764633	-74.257392
Evans Mills	44.086978	-75.807761
Fabius	42.834666	-75.984786
Fair Haven	43.323175	-76.704678
Fairmount	43.041383	-76.248505
Fairport	43.099465	-77.443069
Fairview	41.732112	-73.912395
Fairview	41.04419	-73.795952
Falconer	42.119069	-79.196932
Fallsburg	41.738991	-74.613862
Farmingdale	40.732808	-73.446759
Farmingville	40.838978	-73.040463
Farnham	42.595064	-79.080859
Fayetteville	43.030794	-75.998361
Felts Mills	44.012403	-75.770123
Fillmore	42.465898	-78.110503
Fire Island	40.637097	-73.203314
Firthcliffe	41.442048	-74.033072
Fishers Island	41.267681	-71.992796
Fishers Landing	44.281138	-76.008229
Fishkill	41.533908	-73.893131
Flanders	40.888755	-72.604235
Fleischmanns	42.154925	-74.534827
Floral Park	40.721952	-73.702824
Florida	41.330641	-74.354202
Flower Hill	40.807495	-73.675568
Fly Creek	42.719404	-74.98421
Fonda	42.953384	-74.372869
Forest Home	42.451895	-76.468517
Forestville	42.469103	-79.175491
Fort Ann	43.415731	-73.490513
Fort Covington	44.975802	-74.499885
Fort Drum	44.044709	-75.787763
Fort Edward	43.268618	-73.582617
Fort Johnson	42.958023	-74.236342
Fort Montgomery	41.342865	-73.98718
Fort Plain	42.932658	-74.626804
Fort Salonga	40.911413	-73.295587
Fowlerville	42.893958	-77.848057
Frankfort	43.037753	-75.071582
Franklin	42.340783	-75.168021
Franklin Square	40.700193	-73.677478
Franklinville	42.334746	-78.454766
Fredonia	42.440658	-79.3319
Freedom Plains	41.665366	-73.79862
Freeport	40.650851	-73.584575
Freeville	42.50841	-76.347162
Frewsburg	42.056055	-79.133687
Friendship	42.205552	-78.141811
Fulton	43.319164	-76.419739
Fultonville	42.946229	-74.369778
Gainesville	42.641649	-78.134612
Galeville	43.086665	-76.187788
Galway	43.018516	-74.031838
Gananda	43.126168	-77.337485
Gang Mills	42.160375	-77.127609
Garden City	40.725756	-73.645398
Garden City Park	40.74293	-73.663307
Garden City South	40.712153	-73.660475
Gardiner	41.679517	-74.147896
Gardnertown	41.539574	-74.057223
Garrattsville	42.652429	-75.169089
Gasport	43.189331	-78.584656
Gates	43.156379	-77.692359
Geneseo	42.79902	-77.809548
Geneva	42.863488	-76.982722
Germantown	42.135945	-73.888021
Ghent	42.323521	-73.61936
Gilbertsville	42.46933	-75.322609
Gilgo	40.636151	-73.383775
Glasco	42.045959	-73.946672
Glen Aubrey	42.262284	-76.000292
Glen Cove	40.884756	-73.644781
Glen Head	40.844918	-73.618018
Glen Park	44.00307	-75.958398
Glens Falls	43.31116	-73.645286
Glens Falls North	43.334807	-73.683801
Glenwood Landing	40.829451	-73.637736
Gloversville	43.049244	-74.345815
Golden's Bridge	41.290172	-73.670416
Gordon Heights	40.863647	-72.962088
Gorham	42.800259	-77.135777
Goshen	41.401647	-74.326855
Gouverneur	44.336573	-75.466035
Gowanda	42.460428	-78.934518
Grahamsville	41.852751	-74.552252
Grand View-on-Hudson	41.062889	-73.9209
Grandyle Village	42.988488	-78.954566
Granville	43.413407	-73.264459
Great Bend	44.016829	-75.700166
Great Neck	40.802368	-73.733099
Great Neck Estates	40.786476	-73.740167
Great Neck Gardens	40.796953	-73.722465
Great Neck Plaza	40.786913	-73.726155
Great River	40.713454	-73.176039
Greece	43.209517	-77.702642
Greene	42.330068	-75.767686
Green Island	42.747904	-73.692466
Greenlawn	40.863515	-73.365754
Greenport	41.102428	-72.366763
Greenport West	41.090168	-72.384584
Greenvale	40.811957	-73.626327
Greenville	42.413789	-74.020324
Greenville	40.998643	-73.818977
Greenwich	43.086475	-73.496673
Greenwood Lake	41.221103	-74.287578
Greigsville	42.830719	-77.901428
Groton	42.58343	-76.35986
Groveland Station	42.663379	-77.76667
Guilford	42.407337	-75.485417
Hadley	43.312494	-73.846749
Hagaman	42.970733	-74.15979
Hailesboro	44.311603	-75.433024
Haines Falls	42.197005	-74.100923
Halesite	40.886284	-73.412514
Hall	42.796506	-77.067963
Hamburg	42.723357	-78.834804
Hamilton	42.828457	-75.553015
Hamilton College	43.052666	-75.407716
Hamlin	43.302295	-77.921682
Hammond	44.446385	-75.693499
Hammondsport	42.40874	-77.222858
Hampton Bays	40.864652	-72.518104
Hampton Manor	42.620625	-73.730119
Hancock	41.953028	-75.28209
Hankins	41.823158	-75.084195
Hannawa Falls	44.600678	-74.97536
Hannibal	43.319437	-76.577742
Harbor Hills	40.788588	-73.749019
Harbor Isle	40.602508	-73.66472
Harriman	41.309057	-74.144094
Harris Hill	42.972969	-78.679265
Harrison	41.023538	-73.719283
Hartsdale	41.015434	-73.803641
Hartwick	42.658609	-75.061109
Hartwick Seminary	42.652233	-74.96023
Hastings-on-Hudson	40.988041	-73.881236
Hauppauge	40.822351	-73.210701
Haverstraw	41.178245	-73.943331
Haviland	41.764624	-73.897933
Hawthorne	41.103433	-73.796912
Head of the Harbor	40.897658	-73.161536
Hemlock	42.793788	-77.607439
Hempstead	40.704374	-73.619445
Henderson	43.848019	-76.184953
Heritage Hills	41.339661	-73.700677
Herkimer	43.028078	-74.993306
Hermon	44.467051	-75.231246
Herricks	40.756682	-73.663492
Herrings	44.023087	-75.64932
Heuvelton	44.61639	-75.399983
Hewlett	40.641996	-73.694393
Hewlett Bay Park	40.63512	-73.695824
Hewlett Harbor	40.633619	-73.685898
Hewlett Neck	40.624763	-73.697082
Hicksville	40.764136	-73.524806
High Falls	41.825499	-74.120253
Highland	41.721502	-73.96211
Highland Falls	41.364565	-73.968924
Highland-on-the-Lake	42.70174	-78.9824
Hillburn	41.127177	-74.170503
Hillcrest	41.129814	-74.035011
Hillside	41.91905	-74.033686
Hillside Lake	41.615764	-73.79697
Hilton	43.289972	-77.792559
Hobart	42.372156	-74.668541
Holbrook	40.794373	-73.070022
Holland	42.637476	-78.551775
Holland Patent	43.241147	-75.256575
Holley	43.224657	-78.029194
Holtsville	40.812373	-73.044653
Homer	42.637233	-76.185377
Honeoye	42.788582	-77.512469
Honeoye Falls	42.954677	-77.591126
Hoosick Falls	42.900907	-73.349968
Hopewell Junction	41.580193	-73.811638
Hornell	42.333044	-77.663215
Horseheads	42.168632	-76.829658
Horseheads North	42.19664	-76.804664
Hortonville	41.766137	-75.022039
Houghton	42.428298	-78.172646
Hudson	42.251905	-73.786028
Hudson Falls	43.304735	-73.581587
Hunt	42.547566	-77.991204
Hunter	42.210532	-74.215431
Huntington	40.875389	-73.405761
Huntington Bay	40.903556	-73.412127
Huntington Station	40.844488	-73.404812
Hurley	41.910209	-74.062247
Hurleyville	41.741859	-74.675357
Hyde Park	41.783611	-73.934699
Ilion	43.011261	-75.039655
Interlaken	42.61782	-76.725474
Inwood	40.621346	-73.75699
Irondequoit	43.209811	-77.572056
Irvington	41.034258	-73.867028
Islandia	40.806862	-73.171084
Island Park	40.605221	-73.6553
Islip	40.730319	-73.216113
Islip Terrace	40.750269	-73.186889
Ithaca	42.443937	-76.503055
Jacksonville	42.506099	-76.618788
Jamesport	40.960967	-72.583173
Jamestown	42.097603	-79.236135
Jamestown West	42.088456	-79.281036
Jefferson	42.47817	-74.603324
Jefferson Heights	42.235642	-73.882099
Jefferson Valley-Yorktown	41.318669	-73.799864
Jeffersonville	41.777521	-74.925853
Jericho	40.787447	-73.541615
Johnson City	42.125288	-75.963406
Johnstown	43.007335	-74.375065
Jordan	43.067069	-76.47292
Kaser	41.121257	-74.068575
Katonah	41.255069	-73.685185
Kauneonga Lake	41.689261	-74.833098
Keeseville	44.504096	-73.481109
Kenmore	42.964633	-78.87129
Kennedy	42.158948	-79.098287
Kensington	40.793077	-73.722242
Kerhonkson	41.782641	-74.275424
Keuka Park	42.612536	-77.092405
Kiamesha Lake	41.680772	-74.668631
Kinderhook	42.394382	-73.703768
Kings Park	40.886964	-73.245571
Kings Point	40.817892	-73.73932
Kingston	41.930124	-73.996782
Kiryas Joel	41.340667	-74.167274
Kysorville	42.652845	-77.794881
Lackawanna	42.818424	-78.832769
Lacona	43.642654	-76.066066
La Fargeville	44.193265	-75.954645
Lake Carmel	41.462746	-73.663331
Lake Delta	43.286754	-75.469092
Lake Erie Beach	42.624182	-79.078563
Lake George	43.425924	-73.715168
Lake Grove	40.857817	-73.116844
Lake Huntington	41.680039	-74.99419
Lake Katrine	41.985218	-73.989759
Lakeland	43.090858	-76.242643
Lake Luzerne	43.329914	-73.84353
Lake Mohegan	41.318803	-73.848057
Lake Placid	44.28417	-73.986426
Lake Ronkonkoma	40.830318	-73.113298
Lake Success	40.763883	-73.711112
Lakeview	40.677732	-73.649718
Lakeville	42.836761	-77.703154
Lakewood	42.099141	-79.320102
Lancaster	42.9006	-78.668775
Lansing	42.49015	-76.486521
Larchmont	40.925961	-73.75196
Latham	42.742235	-73.750377
Lattingtown	40.89464	-73.595343
Laurel	40.972918	-72.554532
Laurel Hollow	40.8567	-73.477542
Laurens	42.531319	-75.088716
Lawrence	40.602924	-73.714434
Leeds	42.255384	-73.893533
Leicester	42.770939	-77.896904
Le Roy	42.978006	-77.990874
Levittown	40.72399	-73.512709
Lewiston	43.17193	-79.040674
Liberty	41.796593	-74.743195
Lido Beach	40.589098	-73.604318
Lima	42.906946	-77.612265
Lime Lake	42.433002	-78.484684
Limestone	42.017267	-78.631327
Lincolndale	41.335321	-73.726698
Lincoln Park	41.958041	-74.004812
Lindenhurst	40.685751	-73.371594
Linwood	42.896705	-77.947602
Lisle	42.349054	-76.005522
Little Falls	43.044835	-74.856688
Little Valley	42.249365	-78.798751
Liverpool	43.105566	-76.209664
Livingston Manor	41.887164	-74.823643
Livonia	42.82193	-77.6688
Livonia Center	42.82106	-77.642011
Lloyd Harbor	40.921496	-73.443386
Loch Sheldrake	41.775216	-74.65965
Lockport	43.16946	-78.695807
Locust Valley	40.878083	-73.589333
Lodi	42.6134	-76.821978
Long Beach	40.585835	-73.665403
Long Lake	43.967474	-74.426913
Lorenz Park	42.269951	-73.776021
Lorraine	43.765512	-75.952223
Loudonville	42.70973	-73.763079
Lowville	43.786605	-75.487812
Lynbrook	40.657883	-73.674199
Lyncourt	43.082059	-76.126388
Lyndonville	43.321345	-78.388869
Lyon Mountain	44.718317	-73.866297
Lyons	43.063509	-76.990953
Lyons Falls	43.617008	-75.361635
MacDonnell Heights	41.716538	-73.860615
Macedon	43.064833	-77.300283
McGraw	42.593765	-76.097502
Machias	42.413621	-78.487052
McLean	42.548809	-76.292316
Madison	42.897741	-75.512291
Madrid	44.747381	-75.129351
Mahopac	41.369734	-73.74069
Malden-on-Hudson	42.093226	-73.936475
Malone	44.848221	-74.28958
Malverne	40.674541	-73.672101
Malverne Park Oaks	40.681655	-73.664414
Mamaroneck	40.936452	-73.726138
Manchester	42.968114	-77.231637
Manhasset	40.784977	-73.694879
Manhasset Hills	40.759137	-73.68087
Manlius	43.001438	-75.982232
Mannsville	43.717814	-76.066815
Manorhaven	40.83885	-73.710825
Manorville	40.862328	-72.787521
Marathon	42.444808	-76.036238
Marcellus	42.983707	-76.3405
Marcy	43.131447	-75.255714
Margaretville	42.145267	-74.650708
Mariaville Lake	42.824826	-74.130315
Marion	43.142005	-77.193999
Marist College	41.722227	-73.933341
Marlboro	41.603811	-73.977152
Massapequa	40.668302	-73.471515
Massapequa Park	40.680909	-73.449689
Massena	44.929024	-74.892973
Mastic	40.809653	-72.847986
Mastic Beach	40.765722	-72.836722
Matinecock	40.859352	-73.580472
Mattituck	41.007298	-72.543521
Mattydale	43.099176	-76.13883
Maybrook	41.488026	-74.212468
Mayfield	43.101933	-74.266014
Mayville	42.253099	-79.501913
Mechanicstown	41.447641	-74.392145
Mechanicville	42.904141	-73.688888
Medford	40.821979	-72.985918
Medina	43.219742	-78.387874
Melrose Park	42.905644	-76.514054
Melville	40.782357	-73.408824
Menands	42.69118	-73.726188
Meridian	43.162963	-76.538182
Merrick	40.653175	-73.552013
Merritt Park	41.538482	-73.87239
Mexico	43.465218	-76.232574
Middleburgh	42.597979	-74.329828
Middle Island	40.892509	-72.951175
Middleport	43.211722	-78.475727
Middletown	41.444922	-74.423573
Middleville	43.138937	-74.970235
Milford	42.59047	-74.946865
Millbrook	41.784862	-73.692092
Miller Place	40.943115	-72.993342
Millerton	41.955485	-73.513076
Mill Neck	40.882132	-73.558968
Millport	42.268101	-76.836244
Millwood	41.202753	-73.793047
Milton	43.037526	-73.853819
Milton	41.65622	-73.969625
Mineola	40.747026	-73.639363
Minetto	43.402016	-76.480965
Mineville	44.092856	-73.521427
Minoa	43.074227	-76.008291
Mohawk	43.009377	-75.007139
Mongaup Valley	41.680325	-74.779887
Monroe	41.317698	-74.185748
Monsey	41.109477	-74.076972
Montauk	41.047538	-71.946369
Montebello	41.130795	-74.110078
Montgomery	41.521266	-74.238661
Monticello	41.652528	-74.68776
Montour Falls	42.348668	-76.848697
Montrose	41.238901	-73.943837
Mooers	44.96363	-73.595463
Moravia	42.712145	-76.423053
Moriches	40.805414	-72.826992
Morris	42.548118	-75.245292
Morrisonville	44.69366	-73.558925
Morrisville	42.898699	-75.644755
Mountain Dale	41.691253	-74.520578
Mountain Lodge Park	41.386534	-74.141761
Mount Ivy	41.192669	-74.029579
Mount Kisco	41.201696	-73.728258
Mount Morris	42.723695	-77.875207
Mount Sinai	40.94178	-73.020242
Mount Vernon	40.913105	-73.829317
Mount Vision	42.583077	-75.051728
Munnsville	42.976549	-75.586521
Munsey Park	40.798993	-73.67985
Munsons Corners	42.573849	-76.202145
Muttontown	40.825394	-73.536338
Myers Corner	41.584484	-73.88366
Nanuet	41.095478	-74.015879
Napanoch	41.752622	-74.371859
Napeague	40.99847	-72.06422
Naples	42.617426	-77.402131
Narrowsburg	41.601128	-75.050786
Nassau	42.513963	-73.61075
Nassau Lake	42.538613	-73.609136
Natural Bridge	44.071521	-75.500193
Nazareth College	43.103104	-77.519348
Nedrow	42.977998	-76.141648
Nelliston	42.932679	-74.607642
Nelsonville	41.429474	-73.949914
Nesconset	40.846855	-73.152008
Newark	43.042009	-77.094024
Newark Valley	42.222905	-76.186776
New Baltimore	42.450364	-73.794956
New Berlin	42.623983	-75.335317
Newburgh	41.503249	-74.01964
New Cassel	40.760202	-73.564934
New City	41.152205	-73.990426
Newfane	43.285683	-78.693945
Newfield	42.357511	-76.59381
New Hackensack	41.619623	-73.860006
New Hamburg	41.588583	-73.941204
New Hartford	43.071038	-75.288618
New Hempstead	41.145709	-74.051034
New Hyde Park	40.732273	-73.685864
New Paltz	41.749942	-74.079738
Newport	43.186845	-75.016023
New Rochelle	40.923243	-73.779344
New Square	41.141022	-74.029362
New Suffolk	40.996754	-72.477472
New Windsor	41.46983	-74.031832
New York	40.662712	-73.938677
New York Mills	43.100709	-75.293111
Niagara Falls	43.092841	-79.014743
Niagara University	43.137212	-79.035127
Nichols	42.020017	-76.370402
Niskayuna	42.804896	-73.887427
Nissequogue	40.902716	-73.186246
Niverville	42.44912	-73.64844
Norfolk	44.788637	-74.988027
North Amityville	40.700525	-73.411884
Northampton	40.875159	-72.684077
North Babylon	40.731454	-73.32493
North Ballston Spa	43.019556	-73.852174
North Bay	43.228451	-75.74444
North Bay Shore	40.760191	-73.261674
North Bellmore	40.690346	-73.539016
North Bellport	40.786816	-72.94568
North Blenheim	42.47181	-74.452558
North Boston	42.677322	-78.779346
North Collins	42.594821	-78.936941
North Creek	43.691289	-73.985521
Northeast Ithaca	42.46857	-76.463401
North Gates	43.171569	-77.707099
North Granville	43.451516	-73.358092
North Great River	40.756157	-73.163061
North Haven	41.023263	-72.313997
North Hills	40.77645	-73.677847
North Hornell	42.345444	-77.660504
North Lindenhurst	40.707221	-73.385968
North Lynbrook	40.668563	-73.673588
North Massapequa	40.703007	-73.469122
North Merrick	40.688369	-73.560577
North New Hyde Park	40.745753	-73.687775
North Patchogue	40.784034	-73.023889
Northport	40.904045	-73.344968
North Rose	43.18722	-76.886401
North Sea	40.931543	-72.40604
North Syracuse	43.133867	-76.130388
North Tonawanda	43.049157	-78.871224
North Valley Stream	40.684262	-73.708077
Northville	43.219687	-74.158323
Northville	40.975572	-72.630246
North Wantagh	40.693878	-73.51636
Northwest Harbor	41.013774	-72.220394
Northwest Ithaca	42.458548	-76.535121
Norwich	42.533322	-75.522758
Norwood	44.7483	-74.996674
Noyack	40.978706	-72.346015
Nunda	42.57999	-77.937907
Nyack	41.09295	-73.915236
Oak Beach	40.638582	-73.276481
Oakdale	40.737782	-73.134698
Oakfield	43.064958	-78.271018
Ocean Beach	40.646286	-73.156523
Oceanside	40.63302	-73.637701
Odessa	42.334999	-76.788114
Ogdensburg	44.70918	-75.463271
Olcott	43.330782	-78.719767
Old Bethpage	40.750823	-73.458396
Old Brookville	40.83647	-73.605108
Old Field	40.966673	-73.131044
Old Forge	43.706401	-74.969122
Old Westbury	40.786543	-73.597508
Olean	42.083943	-78.435119
Oneida	43.070448	-75.673561
Oneida Castle	43.081203	-75.633097
Oneonta	42.454818	-75.066884
Ontario	43.218036	-77.280639
Orangeburg	41.048729	-73.940763
Orange Lake	41.536377	-74.098185
Orchard Park	42.762198	-78.741367
Orient	41.148888	-72.249384
Oriskany	43.156765	-75.333517
Oriskany Falls	42.93799	-75.46361
Ossining	41.15349	-73.870587
Oswego	43.458052	-76.503689
Otego	42.392799	-75.180071
Otisville	41.471438	-74.539709
Otter Lake	43.592726	-75.117364
Ovid	42.675648	-76.822897
Owego	42.10456	-76.262227
Oxbow	44.288352	-75.626406
Oxford	42.441161	-75.595878
Oyster Bay	40.868057	-73.531053
Oyster Bay Cove	40.860496	-73.505379
Painted Post	42.163762	-77.092384
Palatine Bridge	42.915754	-74.577543
Palenville	42.185727	-74.028969
Palmyra	43.060864	-77.229719
Pamelia Center	44.035558	-75.903282
Panama	42.068571	-79.487189
Parc	44.663804	-73.452927
Parish	43.405802	-76.12637
Parishville	44.629719	-74.792732
Patchogue	40.76371	-73.019773
Paul Smiths	44.433398	-74.250829
Pavilion	42.882283	-78.02193
Pawling	41.563609	-73.599339
Peach Lake	41.370537	-73.576945
Pearl River	41.061561	-74.007832
Peconic	41.039067	-72.464419
Peekskill	41.287396	-73.923597
Pelham	40.91108	-73.807704
Pelham Manor	40.893068	-73.805928
Penn Yan	42.660714	-77.053071
Perry	42.717811	-78.005338
Perrysburg	42.458491	-79.001077
Peru	44.579326	-73.533292
Phelps	42.958058	-77.06212
Philadelphia	44.153988	-75.70979
Philmont	42.249004	-73.646902
Phoenicia	42.083154	-74.314328
Phoenix	43.230897	-76.295805
Piermont	41.041851	-73.910831
Pierrepont Manor	43.738846	-76.062967
Piffard	42.831854	-77.858397
Pike	42.553994	-78.14756
Pine Bush	41.609545	-74.296524
Pine Hill	42.132799	-74.473791
Pine Plains	41.977677	-73.658197
Pine Valley	42.230281	-76.848036
Pittsford	43.090492	-77.51657
Plainedge	40.724009	-73.476993
Plainview	40.781771	-73.473118
Plandome	40.806579	-73.70163
Plandome Heights	40.802072	-73.704901
Plandome Manor	40.812909	-73.698699
Plattekill	41.619788	-74.058596
Plattsburgh	44.692025	-73.458276
Plattsburgh West	44.682756	-73.50524
Pleasant Valley	41.746258	-73.826294
Pleasantville	41.134006	-73.78415
Plessis	44.273537	-75.857487
Poestenkill	42.694185	-73.553155
Point Lookout	40.590634	-73.57941
Poland	43.225663	-75.062698
Pomona	41.189153	-74.054249
Poquott	40.953044	-73.090877
Port Byron	43.037094	-76.625304
Port Chester	41.004701	-73.667175
Port Dickinson	42.135641	-75.894411
Port Ewen	41.904162	-73.977243
Port Gibson	43.033395	-77.155197
Port Henry	44.045377	-73.461265
Port Jefferson	40.942177	-73.052799
Port Jefferson Station	40.925939	-73.065186
Port Jervis	41.378021	-74.690802
Portlandville	42.537	-74.963157
Port Leyden	43.584673	-75.340001
Portville	42.036706	-78.337256
Port Washington	40.827452	-73.680008
Port Washington North	40.843047	-73.700058
Potsdam	44.670831	-74.983463
Pottersville	43.737987	-73.821517
Poughkeepsie	41.694595	-73.919869
Prattsburgh	42.524795	-77.288316
Prattsville	42.347243	-74.428721
Preston-Potter Hollow	42.43304	-74.228759
Prospect	43.302212	-75.152526
Pulaski	43.565504	-76.126035
Pultneyville	43.273724	-77.172363
Putnam Lake	41.474265	-73.550487
Quiogue	40.819696	-72.62815
Quogue	40.821406	-72.598903
Radisson	43.182456	-76.299175
Randolph	42.16229	-78.97969
Ransomville	43.239624	-78.912863
Rapids	43.097626	-78.644065
Ravena	42.475546	-73.811214
Red Creek	43.247903	-76.722852
Redford	44.606497	-73.808905
Red Hook	41.995785	-73.876511
Red Oaks Mill	41.650959	-73.873444
Redwood	44.298188	-75.80788
Remsen	43.328217	-75.186993
Remsenburg-Speonk	40.816233	-72.705765
Rensselaer	42.64574	-73.732513
Rensselaer Falls	44.59077	-75.319795
Retsof	42.832436	-77.875748
Rhinebeck	41.928804	-73.910284
Rhinecliff	41.924369	-73.941058
Richburg	42.088765	-78.156512
Richfield Springs	42.853703	-74.986227
Richmondville	42.633455	-74.562821
Richville	44.41507	-75.392454
Ridge	40.903814	-72.88588
Rifton	41.829667	-74.037954
Ripley	42.265686	-79.712302
Riverhead	40.951315	-72.676056
Riverside	42.156032	-77.079167
Riverside	40.905087	-72.671719
Rochester	43.169927	-77.616891
Rochester Institute of Technology	43.084746	-77.672776
Rock Hill	41.618882	-74.589818
Rockville Centre	40.664024	-73.638048
Rocky Point	40.939825	-72.936301
Rodman	43.851657	-75.942085
Roessleville	42.696899	-73.79548
Rome	43.226002	-75.489523
Romulus	42.751799	-76.835069
Ronkonkoma	40.803529	-73.124548
Roosevelt	40.679422	-73.583372
Roscoe	41.940674	-74.913062
Rosendale	41.849081	-74.073579
Roslyn	40.799816	-73.650424
Roslyn Estates	40.793672	-73.661217
Roslyn Harbor	40.811234	-73.640582
Roslyn Heights	40.778746	-73.639593
Rotterdam	42.779353	-73.960142
Round Lake	42.937669	-73.795669
Round Top	42.260675	-74.031311
Rouses Point	44.991248	-73.36368
Ruby	42.014294	-74.009376
Rushford	42.389253	-78.252645
Rushville	42.761231	-77.228012
Russell Gardens	40.780892	-73.725451
Rye	40.944738	-73.686374
Rye Brook	41.030003	-73.686354
Sackets Harbor	43.938252	-76.112906
Saddle Rock	40.79438	-73.749278
Saddle Rock Estates	40.793949	-73.741499
Sagaponack	40.930895	-72.268719
Sag Harbor	40.994274	-72.288503
St. Bonaventure	42.079422	-78.474193
St. James	40.876403	-73.152102
St. John Fisher College	43.114276	-77.510747
St. Johnsville	43.000638	-74.67596
St. Regis Falls	44.676385	-74.530951
Salamanca	42.164734	-78.741263
Salem	43.172667	-73.326617
Salisbury	40.745822	-73.56033
Salisbury Center	43.141658	-74.775851
Salisbury Mills	41.432323	-74.106274
Saltaire	40.638072	-73.194717
Salt Point	41.807801	-73.788022
Sanborn	43.145054	-78.877748
Sand Ridge	43.255658	-76.229995
Sands Point	40.85343	-73.703586
Sandy Creek	43.643373	-76.086334
Saranac Lake	44.325942	-74.130929
Saratoga Springs	43.067704	-73.778142
Saugerties	42.074188	-73.941853
Saugerties South	42.061783	-73.952466
Savannah	43.06671	-76.759543
Savona	42.283074	-77.22365
Sayville	40.747588	-73.085232
Scarsdale	40.993614	-73.777201
Schaghticoke	42.901427	-73.5896
Schenectady	42.802641	-73.9272
Schenevus	42.549673	-74.826932
Schoharie	42.66663	-74.313304
Schroon Lake	43.835063	-73.766919
Schuyler Lake	42.778647	-75.033516
Schuylerville	43.100977	-73.581243
Scio	42.173212	-77.979508
Scotchtown	41.476185	-74.365358
Scotia	42.832014	-73.960402
Scottsburg	42.663823	-77.712307
Scotts Corners	41.188877	-73.556069
Scottsville	43.022277	-77.753378
Sea Cliff	40.846158	-73.65043
Seaford	40.66624	-73.49264
Searingtown	40.77047	-73.660335
Selden	40.871444	-73.046615
Seneca Falls	42.911607	-76.797058
Seneca Knolls	43.12009	-76.28731
Setauket	40.948859	-73.115085
Sharon Springs	42.793006	-74.612835
Shelter Island	41.05532	-72.297129
Shelter Island Heights	41.055473	-72.360384
Shenorock	41.330959	-73.740602
Sherburne	42.680648	-75.496499
Sherman	42.159234	-79.594253
Sherrill	43.070439	-75.599216
Shinnecock Hills	40.888612	-72.452751
Shirley	40.793602	-72.875911
Shokan	41.980914	-74.212962
Shoreham	40.957097	-72.907054
Shorehaven	41.560697	-73.664134
Shortsville	42.955645	-77.222632
Shrub Oak	41.327335	-73.82989
Sidney	42.308338	-75.397789
Siena College	42.719	-73.750045
Silver Creek	42.541155	-79.168995
Silver Springs	42.660089	-78.084463
Sinclairville	42.265342	-79.259038
Skaneateles	42.947282	-76.428488
Slaterville Springs	42.397268	-76.344394
Sleepy Hollow	41.097514	-73.869641
Sleepy Hollow Lake	42.303597	-73.810564
Sloan	42.892231	-78.791537
Sloatsburg	41.162046	-74.190873
Smallwood	41.660317	-74.814224
Smithtown	40.857482	-73.21667
Smithville Flats	42.394324	-75.810584
Smyrna	42.686925	-75.568689
Sodus	43.237102	-77.062753
Sodus Point	43.2645	-76.995962
Solvay	43.057059	-76.212283
Sound Beach	40.96286	-72.970764
Southampton	40.876617	-72.403089
South Blooming Grove	41.373695	-74.16703
South Cairo	42.268436	-73.955829
South Corning	42.126182	-77.03556
South Dayton	42.362827	-79.050993
South Edmeston	42.685431	-75.311369
South Fallsburg	41.703874	-74.632563
South Farmingdale	40.716886	-73.448606
South Floral Park	40.713507	-73.700442
South Glens Falls	43.29441	-73.633636
South Hempstead	40.68134	-73.623334
South Hill	42.410326	-76.492149
South Huntington	40.822505	-73.392162
South Ilion	42.993863	-75.055038
South Lansing	42.532462	-76.496336
South Lima	42.85744	-77.676039
South Lockport	43.137383	-78.682773
Southold	41.065368	-72.429783
Southport	42.064682	-76.822465
South Valley Stream	40.655792	-73.718538
Spackenkill	41.654009	-73.911367
Sparkill	41.028907	-73.933284
Sparrow Bush	41.400879	-74.707933
Speculator	43.57604	-74.356232
Spencer	42.215085	-76.494685
Spencerport	43.18838	-77.807434
Springfield Center	42.835029	-74.872142
Springs	41.03112	-72.159656
Spring Valley	41.114567	-74.048712
Springville	42.508067	-78.669361
Springwater	42.63499	-77.596423
Staatsburg	41.853257	-73.922231
Stamford	42.409103	-74.617032
Stannards	42.074123	-77.912282
Star Lake	44.169532	-75.038902
Stewart Manor	40.720118	-73.685412
Stillwater	42.946539	-73.639266
Stittville	43.225129	-75.288486
Stone Ridge	41.846722	-74.154549
Stony Brook	40.907804	-73.127479
Stony Brook University	40.909812	-73.121696
Stony Point	41.229379	-73.997646
Stottville	42.293705	-73.760803
Strykersville	42.706312	-78.444112
Suffern	41.111983	-74.141382
Sunset Bay	42.56144	-79.129749
SUNY Oswego	43.456254	-76.541875
Swan Lake	41.760828	-74.783428
Sylvan Beach	43.206652	-75.721431
Syosset	40.815682	-73.502025
Syracuse	43.040998	-76.143554
Taconic Shores	42.116119	-73.555178
Tannersville	42.193855	-74.134433
Tappan	41.025541	-73.951396
Tarrytown	41.065205	-73.866257
Terryville	40.909259	-73.048662
Thendara	43.703769	-74.9969
Theresa	44.215541	-75.79594
Thiells	41.204445	-74.012659
Thomaston	40.78752	-73.715158
Thornwood	41.118374	-73.779477
Thousand Island Park	44.286276	-76.025548
Three Mile Bay	44.084882	-76.197489
Ticonderoga	43.842344	-73.423035
Tillson	41.830766	-74.072432
Tioga Terrace	42.050714	-76.119744
Titusville	41.665846	-73.867477
Tivoli	42.054459	-73.917204
Tonawanda	43.011935	-78.883443
Tonawanda Town	42.985114	-78.875755
Town Line	42.887821	-78.564936
Tribes Hill	42.94903	-74.299164
Troy	42.735812	-73.675321
Trumansburg	42.540306	-76.663584
Tuckahoe	40.903533	-72.435547
Tuckahoe	40.953147	-73.822944
Tully	42.798186	-76.110237
Tupper Lake	44.229821	-74.461853
Turin	43.629311	-75.410634
Tuscarora	42.634502	-77.869416
Tuxedo	41.242006	-74.171688
Tuxedo Park	41.197024	-74.210391
Unadilla	42.327416	-75.314889
Unadilla Forks	42.849625	-75.23086
Uniondale	40.717593	-73.594656
Union Springs	42.846675	-76.686139
Unionville	41.301523	-74.562178
University at Buffalo	42.999308	-78.787566
University Gardens	40.775089	-73.727922
Upper Brookville	40.847499	-73.562901
Upper Nyack	41.120954	-73.91078
Upper Red Hook	42.026142	-73.845587
Utica	43.096382	-75.225983
Vails Gate	41.458923	-74.053247
Valatie	42.41308	-73.677759
Valhalla	41.077528	-73.777916
Valley Cottage	41.115486	-73.943534
Valley Falls	42.90062	-73.562508
Valley Stream	40.664747	-73.704902
Van Etten	42.196944	-76.553541
Varna	42.452575	-76.438209
Vassar College	41.687075	-73.892305
Vernon	43.079195	-75.538561
Verona	43.13675	-75.571694
Verplanck	41.254253	-73.961153
Victor	42.982086	-77.409829
Victory	43.091857	-73.591758
Village Green	43.133128	-76.313518
Village of the Branch	40.853368	-73.18223
Viola	41.126135	-74.083415
Virgil	42.514147	-76.20009
Voorheesville	42.653662	-73.934268
Waddington	44.861324	-75.197228
Wading River	40.95358	-72.814925
Wadsworth	42.821447	-77.893875
Wainscott	40.954784	-72.255312
Walden	41.559952	-74.188242
Walker Valley	41.642408	-74.370932
Wallkill	41.608446	-74.164625
Walton	42.169811	-75.130478
Walton Park	41.313967	-74.225079
Walworth	43.13963	-77.279239
Wampsville	43.077395	-75.711475
Wanakah	42.743635	-78.902497
Wantagh	40.667859	-73.510464
Wappingers Falls	41.598156	-73.916945
Warrensburg	43.510915	-73.769833
Warsaw	42.742788	-78.14079
Warwick	41.255244	-74.354722
Washington Heights	41.474274	-74.411523
Washington Mills	43.047863	-75.280984
Washingtonville	41.428481	-74.158574
Wassaic	41.806453	-73.559306
Watchtower	41.637028	-74.262554
Waterford	42.792068	-73.678827
Waterloo	42.904586	-76.859023
Water Mill	40.922393	-72.350704
Watertown	43.973292	-75.910039
Waterville	42.930589	-75.380202
Watervliet	42.724883	-73.707011
Watkins Glen	42.380549	-76.866987
Waverly	42.012724	-76.540007
Wayland	42.562845	-77.595873
Webster	43.216387	-77.4219
Websters Crossing	42.666093	-77.636792
Weedsport	43.048124	-76.563607
Wells	43.391658	-74.300026
Wells Bridge	42.371137	-75.243221
Wellsburg	42.013311	-76.730034
Wellsville	42.120705	-77.94573
Wesley Hills	41.157577	-74.079012
West Babylon	40.712417	-73.359727
West Bay Shore	40.70167	-73.260107
Westbury	40.75988	-73.589185
West Carthage	43.973623	-75.621561
West Chazy	44.817845	-73.511729
West Danby	42.324518	-76.533405
West Elmira	42.087725	-76.843282
West End	42.476294	-75.092354
Westernville	43.305438	-75.385492
Westfield	42.321826	-79.574765
Westford	42.651208	-74.800457
West Glens Falls	43.304673	-73.695869
Westhampton	40.846782	-72.659916
Westhampton Beach	40.806972	-72.645072
West Hampton Dunes	40.77877	-72.706733
West Haverstraw	41.206306	-73.986782
West Hempstead	40.695816	-73.650454
West Hills	40.819938	-73.433923
West Hurley	42.0084	-74.109377
West Islip	40.702861	-73.295526
West Kill	42.215914	-74.389937
Westmere	42.688229	-73.873543
Westmoreland	43.114984	-75.402596
West Nyack	41.09114	-73.968833
Weston Mills	42.072999	-78.373711
West Point	41.360729	-74.019749
Westport	44.183105	-73.432645
West Sand Lake	42.638166	-73.595383
West Sayville	40.729739	-73.1052
West Seneca	42.837777	-78.751233
Westvale	43.039939	-76.217567
West Valley	42.402452	-78.606127
West Winfield	42.883783	-75.191375
Wheatley Heights	40.762408	-73.370558
Whitehall	43.546013	-73.433778
White Lake	43.542757	-75.148123
White Lake	41.680767	-74.838377
White Plains	41.0238	-73.751048
Whitesboro	43.123985	-75.296688
Whitney Point	42.330568	-75.971618
Williamson	43.223399	-77.18444
Williamsville	42.95825	-78.73952
Williston Park	40.758756	-73.646588
Willsboro	44.363503	-73.393164
Willsboro Point	44.420608	-73.382663
Wilmington	44.386878	-73.817171
Wilson	43.314672	-78.828447
Windham	42.314107	-74.248737
Windsor	42.077246	-75.640515
Wingdale	41.635455	-73.56994
Winthrop	44.803639	-74.809951
Witherbee	44.08232	-73.533842
Wolcott	43.222785	-76.812133
Woodbourne	41.761057	-74.597721
Woodbury	40.820208	-73.47245
Woodbury	41.327541	-74.102111
Woodmere	40.637358	-73.721186
Woodridge	41.718402	-74.579965
Woodsburgh	40.621197	-73.706215
Woodstock	42.043168	-74.116682
Woodsville	42.579024	-77.733838
Worcester	42.614122	-74.739808
Wurtsboro	41.576093	-74.485648
Wurtsboro Hills	41.595959	-74.510144
Wyandanch	40.749143	-73.363525
Wynantskill	42.688881	-73.644722
Wyoming	42.824021	-78.084449
Yaphank	40.83101	-72.93165
Yonkers	40.945862	-73.867446
York	42.869559	-77.887228
Yorkshire	42.523364	-78.475525
Yorktown Heights	41.270592	-73.774708
Yorkville	43.112448	-75.273964
Youngstown	43.249552	-79.042228
Zena	42.023421	-74.085344
Aberdeen	35.134592	-79.435451
Advance	35.945834	-80.392174
Ahoskie	36.284126	-76.990105
Alamance	36.027756	-79.48898
Albemarle	35.358132	-80.191206
Alexis	35.394256	-81.123083
Alliance	35.143508	-76.808461
Altamahaw	36.193878	-79.506646
Anderson Creek	35.277105	-78.960244
Andrews	35.199038	-83.825788
Angier	35.51456	-78.740145
Ansonville	35.104182	-80.109692
Apex	35.724626	-78.878745
Aquadale	35.224393	-80.22351
Arapahoe	35.021463	-76.825957
Archdale	35.904718	-79.95977
Archer Lodge	35.682342	-78.370374
Arrowhead Beach	36.227142	-76.702896
Asheboro	35.718418	-79.814447
Asheville	35.570972	-82.552725
Ashley Heights	35.089953	-79.373917
Askewville	36.111588	-76.941232
Atkinson	34.527458	-78.169709
Atlantic	34.881343	-76.343257
Atlantic Beach	34.701904	-76.742265
Aulander	36.228009	-77.113599
Aurora	35.302854	-76.789325
Autryville	34.99648	-78.641187
Avery Creek	35.465081	-82.571847
Avon	35.336654	-75.512063
Ayden	35.469351	-77.416641
Badin	35.407153	-80.118341
Bailey	35.780614	-78.112924
Bakersville	36.01535	-82.158224
Bald Head Island	33.866343	-77.980854
Balfour	35.352644	-82.48875
Banner Elk	36.158699	-81.867556
Barbecue	35.325211	-79.037939
Barker Heights	35.308443	-82.441175
Barker Ten Mile	34.682523	-78.988846
Barnardsville	35.781918	-82.455536
Bath	35.471227	-76.81108
Bayboro	35.149273	-76.769351
Bayshore	34.288667	-77.803796
Bayview	35.441819	-76.793428
Bear Grass	35.76642	-77.128885
Beaufort	34.722711	-76.651174
Beech Mountain	36.210394	-81.886989
Belhaven	35.542961	-76.623111
Bell Arthur	35.591176	-77.512705
Belmont	35.221284	-81.041089
Belville	34.216748	-77.9988
Belvoir	35.711075	-77.469931
Belwood	35.484345	-81.527441
Bennett	35.57528	-79.534612
Benson	35.387089	-78.540866
Bent Creek	35.511109	-82.616987
Bermuda Run	36.004278	-80.42907
Bessemer City	35.284332	-81.282885
Bethania	36.179802	-80.334858
Bethel	35.807223	-77.37625
Bethlehem	35.817531	-81.300757
Beulaville	34.922782	-77.771315
Biltmore Forest	35.534945	-82.537941
Biscoe	35.358939	-79.779714
Black Creek	35.63683	-77.932613
Black Mountain	35.614963	-82.327856
Bladenboro	34.54087	-78.79466
Blowing Rock	36.129182	-81.666326
Blue Clay Farms	34.298725	-77.891303
Boardman	34.430143	-78.942602
Bogue	34.691677	-77.028471
Boiling Spring Lakes	34.043913	-78.074891
Boiling Springs	35.252053	-81.663595
Bolivia	34.069925	-78.147365
Bolton	34.317414	-78.401353
Bonnetsville	35.005679	-78.401857
Boone	36.213842	-81.665197
Boonville	36.233965	-80.709317
Bostic	35.362456	-81.835988
Bowdens	35.061866	-78.108367
Bowmore	34.935847	-79.299959
Brandywine Bay	34.740379	-76.83002
Brevard	35.247786	-82.728546
Briar Chapel	35.824161	-79.116832
Brices Creek	35.036957	-77.081921
Bridgeton	35.127835	-77.012553
Broad Creek	34.73411	-76.919025
Broadway	35.45729	-79.057165
Brogden	35.295581	-78.029375
Brookford	35.703143	-81.344474
Brunswick	34.278756	-78.717677
Bryson City	35.42661	-83.447265
Buies Creek	35.40785	-78.743178
Bunn	35.959059	-78.251893
Bunnlevel	35.306505	-78.759121
Burgaw	34.551466	-77.923012
Burlington	36.076128	-79.4683
Burnsville	35.916312	-82.297697
Butner	36.134328	-78.740676
Butters	34.566514	-78.851126
Buxton	35.253294	-75.538313
Cajah's Mountain	35.850711	-81.536187
Calabash	33.892563	-78.557291
Calypso	35.154609	-78.104411
Camden	36.325193	-76.169189
Cameron	35.325872	-79.254178
Candor	35.296389	-79.732521
Canton	35.53888	-82.848575
Cape Carteret	34.69432	-77.060196
Cape Colony	36.019624	-76.582774
Caroleen	35.281094	-81.791373
Carolina Beach	34.041874	-77.899788
Carolina Meadows	35.859725	-79.017884
Carolina Shores	33.907949	-78.57311
Carrboro	35.92623	-79.086995
Carthage	35.322266	-79.410927
Cary	35.781302	-78.823444
Casar	35.512708	-81.616844
Cashiers	35.107936	-83.098001
Castalia	36.082255	-78.057564
Castle Hayne	34.35551	-77.909889
Caswell Beach	33.905869	-78.048656
Catawba	35.707622	-81.069547
Cedar Point	34.685756	-77.081521
Cedar Rock	35.943458	-81.458373
Centerville	36.188019	-78.114439
Cerro Gordo	34.322567	-78.928722
Chadbourn	34.325165	-78.82499
Chapel Hill	35.928328	-79.041375
Charlotte	35.209045	-80.83099
Cherokee	35.485954	-83.301093
Cherry Branch	34.934316	-76.811196
Cherryville	35.384566	-81.378942
Chimney Rock Village	35.450323	-82.255017
China Grove	35.572463	-80.574807
Chinquapin	34.829229	-77.824596
Chocowinity	35.51464	-77.10147
Chowan Beach	36.213926	-76.712414
Claremont	35.709438	-81.154724
Clarkton	34.488647	-78.655849
Clayton	35.658139	-78.446007
Clemmons	36.033223	-80.386699
Cleveland	35.733065	-80.681677
Cliffside	35.248003	-81.765287
Clinton	35.00043	-78.33154
Clyde	35.533082	-82.910824
Coats	35.406389	-78.669523
Cofield	36.356689	-76.910517
Coinjock	36.350964	-75.952011
Colerain	36.201573	-76.7664
Columbia	35.923406	-76.24048
Columbus	35.251165	-82.209786
Como	36.498273	-76.999618
Concord	35.392094	-80.63551
Conetoe	35.817855	-77.457102
Connelly Springs	35.754991	-81.497047
Conover	35.715216	-81.216825
Conway	36.438869	-77.2287
Cooleemee	35.811245	-80.556923
Cordova	34.914723	-79.815778
Cornelius	35.473234	-80.881329
Cove City	35.188968	-77.320524
Cove Creek	36.287392	-81.786373
Cramerton	35.23004	-81.073257
Creedmoor	36.125026	-78.677955
Creswell	35.871421	-76.399127
Cricket	36.168844	-81.193401
Crossnore	36.022198	-81.930841
Crouse	35.424107	-81.30123
Cullowhee	35.309726	-83.181548
Cypress Landing	35.497573	-77.054678
Dallas	35.317935	-81.183183
Dana	35.320602	-82.361094
Danbury	36.41098	-80.211747
Davidson	35.480656	-80.820914
Davis	34.790939	-76.468564
Deep Run	35.141429	-77.716192
Deercroft	34.957125	-79.433091
Delco	34.318818	-78.226661
Dellview	35.386552	-81.412707
Delway	34.81902	-78.215334
Denton	35.637992	-80.110205
Denver	35.545552	-81.044706
Dillsboro	35.370606	-83.25262
Dobbins Heights	34.90688	-79.6933
Dobson	36.392641	-80.723739
Dortches	36.011422	-77.857229
Dover	35.215477	-77.433779
Drexel	35.756843	-81.608757
Dublin	34.656249	-78.723094
Duck	36.185664	-75.754969
Dudley	35.265187	-78.040487
Dundarrach	34.924666	-79.157461
Dunn	35.311635	-78.612962
Durham	35.978061	-78.899497
Earl	35.195424	-81.53401
East Arcadia	34.381603	-78.323186
East Bend	36.217472	-80.508899
East Flat Rock	35.280999	-82.416555
East Laurinburg	34.769079	-79.445078
Eastover	35.095268	-78.786234
East Rockingham	34.911881	-79.764838
East Spencer	35.679871	-80.423595
Eden	36.503042	-79.74002
Edenton	36.058565	-76.598979
Edneyville	35.402561	-82.334286
Efland	36.080386	-79.17134
Elizabeth City	36.294197	-76.237809
Elizabethtown	34.621974	-78.606829
Elkin	36.263365	-80.847106
Elk Park	36.158247	-81.980813
Ellenboro	35.330878	-81.761274
Ellerbe	35.069501	-79.756986
Elm City	35.804042	-77.856682
Elon	36.102266	-79.508787
Elrod	34.607243	-79.23076
Elroy	35.330766	-77.922561
Emerald Isle	34.664426	-77.031368
Emma	35.601974	-82.59577
Enfield	36.179924	-77.669023
Engelhard	35.509235	-76.00946
Enochville	35.520179	-80.665783
Erwin	35.322217	-78.67353
Etowah	35.304442	-82.588679
Eureka	35.541389	-77.876325
Everetts	35.834608	-77.17212
Evergreen	34.41486	-78.911375
Fair Bluff	34.312581	-79.033124
Fairfield	35.5504	-76.226508
Fairfield Harbour	35.069514	-76.958375
Fairmont	34.494759	-79.113202
Fairplains	36.192925	-81.151533
Fairview	35.522518	-82.401308
Fairview	35.15598	-80.524387
Faison	35.116461	-78.136287
Faith	35.58999	-80.458304
Falcon	35.194804	-78.65389
Falkland	35.698537	-77.512878
Fallston	35.429414	-81.502178
Farmington	36.008493	-80.535687
Farmville	35.595026	-77.590618
Fayetteville	35.082766	-78.973515
Fearrington Village	35.79832	-79.079024
Five Points	35.015402	-79.351267
Flat Rock	35.266841	-82.451618
Flat Rock	36.508005	-80.58218
Fletcher	35.432863	-82.50743
Fontana Dam	35.432797	-83.8248
Forest City	35.334708	-81.870751
Forest Hills	35.295759	-83.195423
Forest Oaks	35.988461	-79.708028
Foscoe	36.152278	-81.776466
Fountain	35.672112	-77.631673
Four Oaks	35.445593	-78.417562
Foxfire	35.178492	-79.562976
Franklin	35.179422	-83.380691
Franklinton	36.10114	-78.455083
Franklinville	35.741253	-79.69124
Fremont	35.543685	-77.975132
Frisco	35.247856	-75.59873
Fruitland	35.397784	-82.421255
Fuquay-Varina	35.595128	-78.776585
Gamewell	35.863975	-81.597809
Garland	34.785902	-78.394917
Garner	35.693552	-78.614929
Garysburg	36.447851	-77.560383
Gaston	36.495229	-77.646416
Gastonia	35.248999	-81.184834
Gatesville	36.407355	-76.756592
Germanton	36.250145	-80.239041
Gerton	35.475785	-82.350409
Gibson	34.759489	-79.606882
Gibsonville	36.102161	-79.543038
Glen Alpine	35.73074	-81.782576
Glen Raven	36.124065	-79.467268
Glenville	35.16925	-83.120371
Glenwood	35.615788	-81.982792
Gloucester	34.73211	-76.538617
Godwin	35.217111	-78.684349
Gold Hill	35.518597	-80.347491
Goldsboro	35.378226	-77.971869
Goldston	35.593352	-79.326032
Gorman	36.041784	-78.806866
Governors Club	35.842155	-79.04751
Governors Village	35.853016	-79.025541
Graham	36.056356	-79.389436
Graingers	35.316313	-77.506613
Grandfather Village	36.09303	-81.853802
Grandy	36.235206	-75.879817
Granite Falls	35.797235	-81.424353
Granite Quarry	35.613064	-80.448703
Grantsboro	35.144868	-76.844682
Greenevers	34.827134	-77.925135
Green Level	36.122758	-79.344995
Greensboro	36.09485	-79.823624
Greenville	35.596431	-77.375256
Grifton	35.380043	-77.442479
Grimesland	35.567103	-77.198198
Grover	35.171663	-81.458069
Gulf	35.557605	-79.280824
Half Moon	34.829764	-77.459131
Halifax	36.325495	-77.590095
Hallsboro	34.318915	-78.593376
Hamilton	35.944378	-77.206745
Hamlet	34.889203	-79.710612
Hampstead	34.36246	-77.754305
Harkers Island	34.698038	-76.555547
Harmony	35.958041	-80.774406
Harrells	34.727835	-78.201514
Harrellsville	36.301674	-76.791777
Harrisburg	35.307549	-80.645617
Hassell	35.908579	-77.27636
Hatteras	35.219928	-75.687947
Havelock	34.908905	-76.899469
Haw River	36.091898	-79.358943
Hayesville	35.045018	-83.817935
Hays	36.246892	-81.114163
Hemby Bridge	35.108725	-80.624889
Henderson	36.32604	-78.414923
Hendersonville	35.324302	-82.456282
Henrietta	35.257827	-81.804409
Hertford	36.176849	-76.466552
Hickory	35.740092	-81.321818
Hiddenite	35.9077	-81.081056
Highlands	35.053845	-83.197579
High Point	35.990803	-79.992713
High Shoals	35.389979	-81.202072
Hightsville	34.269353	-77.937498
Hildebran	35.7182	-81.421031
Hillsborough	36.077903	-79.097979
Hobgood	36.026734	-77.393977
Hobucken	35.251758	-76.573099
Hoffman	35.031323	-79.549136
Holden Beach	33.911987	-78.320769
Hollister	36.258282	-77.935694
Holly Ridge	34.493482	-77.56315
Holly Springs	35.653276	-78.840759
Hookerton	35.422976	-77.589371
Hoopers Creek	35.444918	-82.435624
Hope Mills	34.96996	-78.960602
Horse Shoe	35.332385	-82.562696
Hot Springs	35.893553	-82.829421
Hudson	35.847743	-81.486711
Huntersville	35.40681	-80.86868
Icard	35.72547	-81.458469
Indian Beach	34.685566	-76.898158
Indian Trail	35.068638	-80.651152
Ingold	34.827653	-78.351773
Iron Station	35.453943	-81.154713
Ivanhoe	34.583625	-78.251697
JAARS	34.864493	-80.750261
Jackson	36.390095	-77.419341
Jackson Heights	35.22362	-77.633272
Jackson Springs	35.212675	-79.629762
Jacksonville	34.72973	-77.393661
James City	35.045369	-76.998097
Jamestown	35.998445	-79.934601
Jamesville	35.812198	-76.900182
Jefferson	36.420551	-81.468261
Jonesville	36.23528	-80.83368
Kannapolis	35.479904	-80.647499
Keener	35.121096	-78.298372
Kelford	36.181248	-77.224303
Kelly	34.463963	-78.310961
Kenansville	34.959836	-77.965993
Kenly	35.600767	-78.127935
Kernersville	36.106171	-80.081895
Kill Devil Hills	36.01711	-75.671355
King	36.27468	-80.356863
Kings Grant	34.265906	-77.860998
Kings Mountain	35.235763	-81.350403
Kingstown	35.362105	-81.620051
Kinston	35.275099	-77.593368
Kittrell	36.221807	-78.441334
Kitty Hawk	36.07012	-75.717216
Knightdale	35.791726	-78.496457
Kure Beach	33.999336	-77.90758
La Grange	35.306519	-77.789906
Lake Junaluska	35.530206	-82.972773
Lake Lure	35.448384	-82.2022
Lake Norman of Catawba	35.598359	-80.987543
Lake Norman of Iredell	35.54431	-80.929939
Lake Park	35.084487	-80.634374
Lake Royale	35.964886	-78.192232
Lake Santeetlah	35.364004	-83.866444
Lake Waccamaw	34.318218	-78.511186
Landis	35.549567	-80.610475
Lansing	36.49947	-81.509641
Lasker	36.350221	-77.305747
Lattimore	35.315388	-81.660204
Laurel Hill	34.809526	-79.54546
Laurel Park	35.311489	-82.503567
Laurinburg	34.762138	-79.477378
Lawndale	35.414384	-81.562104
Leggett	35.989512	-77.580111
Leland	34.222977	-78.044659
Lenoir	35.907679	-81.524827
Lewiston Woodville	36.114886	-77.179554
Lewisville	36.105194	-80.424552
Lexington	35.79718	-80.274285
Liberty	35.85503	-79.569307
Light Oak	35.286692	-81.477386
Lilesville	34.967494	-79.984534
Lillington	35.41308	-78.811703
Lincolnton	35.475738	-81.239192
Linden	35.254564	-78.747619
Linville	36.067474	-81.871431
Littleton	36.434316	-77.911002
Locust	35.268643	-80.436721
Long Creek	34.433991	-78.017234
Long View	35.723092	-81.385475
Louisburg	36.098724	-78.300772
Love Valley	35.989719	-80.972558
Lowell	35.275799	-81.104927
Lowesville	35.42452	-81.005184
Lowgap	36.524957	-80.871226
Lucama	35.644834	-78.00744
Lumber Bridge	34.889927	-79.072258
Lumberton	34.630608	-79.018601
McAdenville	35.265415	-81.079919
Macclesfield	35.752271	-77.669686
McDonald	34.553745	-79.176253
McFarlan	34.814818	-79.976632
McLeansville	36.097555	-79.654748
Macon	36.440187	-78.083316
Madison	36.393981	-79.975984
Maggie Valley	35.524802	-83.062785
Magnolia	34.896248	-78.053284
Maiden	35.591493	-81.231539
Mamers	35.411314	-78.936614
Manns Harbor	35.898488	-75.780687
Manteo	35.898596	-75.651279
Marble	35.177017	-83.926506
Marietta	34.368198	-79.124858
Marion	35.677565	-82.001288
Mar-Mac	35.330838	-78.056992
Marshall	35.798559	-82.680022
Marshallberg	34.726015	-76.513556
Mars Hill	35.828217	-82.548563
Marshville	34.986242	-80.368977
Marvin	34.999622	-80.816668
Matthews	35.119788	-80.709693
Maury	35.479202	-77.590224
Maxton	34.7365	-79.352731
Mayodan	36.422573	-79.968895
Maysville	34.907106	-77.231975
Mebane	36.081679	-79.276742
Mesic	35.204233	-76.645831
Micro	35.562379	-78.203517
Middleburg	36.398941	-78.323436
Middlesex	35.789383	-78.204811
Midland	35.249167	-80.530075
Midway	35.975135	-80.220448
Millers Creek	36.190867	-81.235553
Millingport	35.376354	-80.311341
Mills River	35.38135	-82.588899
Milton	36.537704	-79.207937
Milwaukee	36.402535	-77.231213
Mineral Springs	34.944236	-80.686368
Minnesott Beach	34.986499	-76.824077
Mint Hill	35.178473	-80.655698
Misenheimer	35.476983	-80.286022
Mocksville	35.899716	-80.561095
Momeyer	35.960007	-78.048054
Moncure	35.62582	-79.074681
Monroe	35.001591	-80.561277
Montreat	35.64804	-82.299164
Mooresboro	35.299205	-81.698586
Mooresville	35.583717	-80.827755
Moravian Falls	36.108801	-81.186428
Morehead City	34.727891	-76.739088
Morganton	35.740848	-81.700292
Morrisville	35.836356	-78.839001
Morven	34.86431	-80.000013
Mountain Home	35.370322	-82.501972
Mountain View	35.683097	-81.368953
Mount Airy	36.508487	-80.614538
Mount Gilead	35.216362	-80.005007
Mount Holly	35.314404	-81.006609
Mount Olive	35.199807	-78.066131
Mount Pleasant	35.394268	-80.431831
Moyock	36.501198	-76.17333
Mulberry	36.225723	-81.165236
Murfreesboro	36.441967	-77.097663
Murphy	35.094326	-84.024901
Murraysville	34.291629	-77.842337
Myrtle Grove	34.126924	-77.888912
Nags Head	35.947529	-75.625685
Nashville	35.96923	-77.956734
Navassa	34.283384	-78.038729
Nebo	35.715823	-81.913895
Neuse Forest	34.965059	-76.944329
New Bern	35.095857	-77.070531
New Hope	35.378232	-77.892198
Newland	36.08797	-81.927355
New London	35.434915	-80.219812
Newport	34.770703	-76.879076
Newton	35.662162	-81.232269
Newton Grove	35.251172	-78.353679
Norlina	36.44499	-78.195017
Norman	35.169761	-79.723159
Northchase	34.307823	-77.877488
Northlakes	35.780523	-81.367835
North Topsail Beach	34.488497	-77.437538
Northwest	34.316025	-78.144793
North Wilkesboro	36.172833	-81.138928
Norwood	35.23281	-80.110777
Oakboro	35.228471	-80.334202
Oak City	35.962519	-77.305093
Oak Island	33.913278	-78.119793
Oak Ridge	36.174072	-79.992233
Ocean Isle Beach	33.887615	-78.462084
Ocracoke	35.073231	-75.998527
Ogden	34.263427	-77.789005
Old Fort	35.630329	-82.177975
Old Hundred	34.824491	-79.592146
Oriental	35.03095	-76.680841
Orrum	34.466727	-79.008945
Ossipee	36.166278	-79.516892
Oxford	36.321724	-78.586529
Pantego	35.587373	-76.659397
Parkton	34.902837	-79.011287
Parmele	35.818086	-77.314314
Patterson Springs	35.23276	-81.516148
Peachland	34.993122	-80.265965
Peletier	34.728435	-77.071314
Pembroke	34.676625	-79.193397
Pikeville	35.497206	-77.987757
Pilot Mountain	36.383939	-80.47422
Pinebluff	35.108943	-79.471547
Pinehurst	35.191065	-79.469813
Pine Knoll Shores	34.697208	-76.831913
Pine Level	35.503321	-78.248642
Pinetops	35.791136	-77.637775
Pinetown	35.6111	-76.855789
Pineville	35.093703	-80.893517
Piney Green	34.765542	-77.301035
Pink Hill	35.056213	-77.743632
Pinnacle	36.322773	-80.423167
Pittsboro	35.727766	-79.168917
Plain View	35.243991	-78.560225
Pleasant Garden	35.952037	-79.754697
Pleasant Hill	36.254037	-80.894621
Plymouth	35.858537	-76.748202
Polkton	35.003049	-80.196307
Polkville	35.416275	-81.643987
Pollocksville	35.006004	-77.222152
Porters Neck	34.293204	-77.770617
Potters Hill	34.964547	-77.703153
Powellsville	36.225251	-76.931573
Princeton	35.466721	-78.161601
Princeville	35.887632	-77.529029
Proctorville	34.475179	-79.037039
Prospect	34.735811	-79.225155
Pumpkin Center	34.786034	-77.364175
Raeford	34.981303	-79.229567
Raemon	34.61713	-79.346275
Raleigh	35.831868	-78.641042
Ramseur	35.737063	-79.65477
Randleman	35.815921	-79.807662
Ranlo	35.289948	-81.129174
Raynham	34.576089	-79.190856
Red Cross	35.265207	-80.362301
Red Oak	36.061282	-77.90376
Red Springs	34.806148	-79.181112
Reidsville	36.341304	-79.673826
Rennert	34.814093	-79.079116
Rex	34.850794	-79.046852
Rhodhiss	35.765541	-81.432237
Richfield	35.472454	-80.259455
Richlands	34.900157	-77.542825
Rich Square	36.273942	-77.283906
Riegelwood	34.340118	-78.220368
River Bend	35.068909	-77.149927
River Road	35.508399	-76.987107
Roanoke Rapids	36.446049	-77.648586
Robbins	35.427718	-79.582925
Robbinsville	35.321454	-83.809512
Roberdel	34.979075	-79.747949
Robersonville	35.824701	-77.253291
Rockfish	34.990557	-79.07006
Rockingham	34.938562	-79.760317
Rockwell	35.553042	-80.409219
Rocky Mount	35.969322	-77.803783
Rocky Point	34.444048	-77.890907
Rodanthe	35.592476	-75.466355
Rolesville	35.9246	-78.461452
Ronda	36.221718	-80.943237
Roper	35.87864	-76.617058
Roseboro	34.955726	-78.514126
Rose Hill	34.826028	-78.025943
Rosman	35.145826	-82.820155
Rougemont	36.213373	-78.91089
Rowland	34.536068	-79.292851
Roxboro	36.394578	-78.977279
Roxobel	36.201528	-77.239804
Royal Pines	35.478822	-82.502313
Ruffin	36.438241	-79.533373
Rural Hall	36.224504	-80.296908
Ruth	35.382369	-81.944847
Rutherford College	35.75157	-81.527006
Rutherfordton	35.364067	-81.961337
St. Helena	34.516623	-77.917394
St. James	33.94436	-78.100306
St. Pauls	34.809197	-78.976559
St. Stephens	35.764556	-81.272949
Salem	35.699725	-81.700298
Salemburg	35.015158	-78.502799
Salisbury	35.665499	-80.48893
Saluda	35.237523	-82.346908
Salvo	35.548536	-75.468168
Sandy Creek	34.281894	-78.15871
Sandyfield	34.367566	-78.303792
Sanford	35.496723	-79.171883
Saratoga	35.653661	-77.775636
Sawmills	35.817593	-81.476331
Saxapahaw	35.960751	-79.316168
Scotch Meadows	34.688948	-79.517716
Scotland Neck	36.130799	-77.421384
Seaboard	36.49069	-77.441966
Sea Breeze	34.067504	-77.89229
Seagrove	35.539534	-79.781418
Sedalia	36.075827	-79.617739
Selma	35.539726	-78.291735
Seven Devils	36.149492	-81.813167
Seven Lakes	35.264231	-79.58602
Seven Springs	35.224832	-77.845136
Severn	36.514203	-77.189288
Shallotte	33.978243	-78.380813
Shannon	34.847668	-79.139587
Sharpsburg	35.866425	-77.830266
Shelby	35.290405	-81.545645
Siler City	35.726107	-79.455674
Silver City	34.99724	-79.229185
Silver Lake	34.142298	-77.908935
Simpson	35.575293	-77.278981
Sims	35.759289	-78.060272
Skippers Corner	34.326718	-77.914625
Smithfield	35.52382	-78.352216
Smithtown	36.233084	-80.571195
Sneads Ferry	34.555217	-77.377566
Snow Hill	35.450529	-77.67678
Southern Pines	35.190407	-79.395851
Southern Shores	36.116745	-75.732997
South Henderson	36.303304	-78.405945
South Mills	36.437866	-76.33074
Southmont	35.650427	-80.276026
Southport	33.933326	-78.008458
South Rosemary	36.453357	-77.713421
South Weldon	36.413552	-77.602424
Sparta	36.50298	-81.122598
Speed	35.968503	-77.444466
Spencer	35.69895	-80.426354
Spencer Mountain	35.308557	-81.113372
Spindale	35.359716	-81.923198
Spivey's Corner	35.198222	-78.482562
Spout Springs	35.273617	-79.045622
Springdale	35.29029	-81.145293
Spring Hope	35.944126	-78.108966
Spring Lake	35.18459	-78.994722
Spruce Pine	35.913965	-82.069723
Staley	35.797947	-79.551736
Stallings	35.110304	-80.66012
Stanfield	35.233727	-80.430225
Stanley	35.354694	-81.091819
Stantonsburg	35.605172	-77.819088
Star	35.399067	-79.783311
Statesville	35.785493	-80.872962
Stedman	35.013483	-78.700121
Stem	36.195694	-78.722166
Stokes	35.710541	-77.267597
Stokesdale	36.228073	-79.977413
Stoneville	36.465314	-79.906351
Stonewall	35.138756	-76.741543
Stony Point	35.867809	-81.044121
Stovall	36.441966	-78.57331
Sugar Mountain	36.126382	-81.864743
Summerfield	36.196913	-79.89721
Sunbury	36.446894	-76.612732
Sunset Beach	33.894817	-78.504984
Surf City	34.437326	-77.534942
Swannanoa	35.600776	-82.387171
Swan Quarter	35.413034	-76.319711
Swansboro	34.693583	-77.134274
Swepsonville	36.02878	-79.356096
Sylva	35.375434	-83.218481
Tabor City	34.154503	-78.873181
Tarboro	35.905219	-77.557211
Tar Heel	34.733896	-78.790896
Taylorsville	35.916779	-81.175951
Taylortown	35.214623	-79.491651
Teachey	34.770812	-78.005985
Thomasville	35.881308	-80.081549
Toast	36.496679	-80.635453
Tobaccoville	36.225597	-80.358846
Topsail Beach	34.366371	-77.647572
Trenton	35.063306	-77.354643
Trent Woods	35.082008	-77.091963
Trinity	35.876794	-80.010447
Troutman	35.700462	-80.887702
Troy	35.364635	-79.891851
Tryon	35.208808	-82.2379
Turkey	34.995035	-78.184152
Tyro	35.799712	-80.376446
Unionville	35.078492	-80.517126
Valdese	35.755545	-81.572674
Valle Crucis	36.215615	-81.796639
Valley Hill	35.293902	-82.492677
Vanceboro	35.303057	-77.1567
Vandemere	35.19273	-76.661661
Vander	35.038274	-78.785383
Vann Crossroads	35.170129	-78.40411
Varnamtown	33.945848	-78.232694
Vass	35.253875	-79.284645
Waco	35.362648	-81.429329
Wade	35.163402	-78.739673
Wadesboro	34.963829	-80.074694
Wagram	34.8891	-79.365208
Wake Forest	35.964409	-78.51332
Wakulla	34.796961	-79.25597
Walkertown	36.149739	-80.168947
Wallace	34.737886	-77.990577
Wallburg	36.013148	-80.166928
Walnut Cove	36.29354	-80.140898
Walnut Creek	35.309371	-77.874719
Walstonburg	35.596092	-77.698006
Wanchese	35.840187	-75.641657
Warrenton	36.398976	-78.15701
Warsaw	34.999578	-78.092726
Washington	35.557979	-77.054238
Washington Park	35.532862	-77.03158
Watha	34.651193	-77.957595
Waves	35.5659	-75.465481
Waxhaw	34.937472	-80.739968
Waynesville	35.485593	-82.99929
Weaverville	35.699321	-82.555719
Webster	35.349976	-83.218978
Weddington	35.022127	-80.735422
Welcome	35.906624	-80.254773
Weldon	36.423998	-77.612986
Wendell	35.768159	-78.364069
Wentworth	36.401166	-79.756911
Wesley Chapel	35.005842	-80.693443
West Canton	35.538388	-82.867082
West Jefferson	36.383092	-81.489617
West Marion	35.652407	-82.018963
Westport	35.497255	-80.976855
Whispering Pines	35.248173	-79.371915
Whitakers	36.105704	-77.712972
White Lake	34.650229	-78.491108
White Oak	34.739661	-78.71859
White Plains	36.443767	-80.649002
Whiteville	34.330483	-78.701428
Whitsett	36.07918	-79.572345
Whittier	35.434676	-83.354758
Wilkesboro	36.142425	-81.176895
Williamston	35.846539	-77.066078
Wilmington	34.209225	-77.885767
Wilson	35.731488	-77.93075
Wilson's Mills	35.586155	-78.362987
Windsor	35.993023	-76.939923
Winfall	36.211603	-76.456674
Wingate	34.986042	-80.447441
Winston-Salem	36.102863	-80.260829
Winterville	35.528674	-77.400073
Winton	36.389448	-76.934729
Woodfin	35.646077	-82.594404
Woodland	36.330615	-77.214912
Woodlawn	36.117957	-79.29592
Wrightsboro	34.287561	-77.930115
Wrightsville Beach	34.212991	-77.797924
Yadkin College	35.872073	-80.386075
Yadkinville	36.131563	-80.659328
Yanceyville	36.4102	-79.329357
Youngsville	36.019555	-78.485861
Zebulon	35.829542	-78.314158
Abercrombie	46.447035	-96.729649
Adams	48.420545	-98.073958
Alamo	48.581977	-103.467443
Alexander	47.838058	-103.643203
Alice	46.760046	-97.556248
Almont	46.728335	-101.502652
Alsen	48.630456	-98.704271
Ambrose	48.955902	-103.481255
Amenia	47.006485	-97.224104
Amidon	46.482247	-103.319601
Anamoose	47.883068	-100.24226
Aneta	47.679719	-97.988984
Antler	48.971319	-101.283164
Apple Valley	46.820971	-100.599484
Ardoch	48.205446	-97.338033
Argusville	47.050068	-96.943141
Arnegard	47.806523	-103.442573
Arthur	47.104268	-97.218355
Ashley	46.034744	-99.373677
Auburn	48.506563	-97.436844
Ayr	47.041107	-97.490932
Balfour	47.950908	-100.534257
Balta	48.166169	-100.036646
Bantry	48.494254	-100.614696
Barney	46.265844	-96.998834
Barton	48.508788	-100.173821
Bathgate	48.880411	-97.473862
Beach	46.918747	-104.005446
Belcourt	48.842494	-99.744164
Belfield	46.886789	-103.195481
Benedict	47.830132	-101.084323
Bergen	48.003724	-100.719893
Berlin	46.378373	-98.488447
Berthold	48.314136	-101.759023
Beulah	47.266826	-101.770684
Binford	47.560424	-98.345628
Bisbee	48.62721	-99.378773
Bismarck	46.814583	-100.770089
Blacktail	48.432108	-103.73969
Blanchard	47.343084	-97.223124
Bottineau	48.824799	-100.442522
Bowbells	48.802179	-102.245832
Bowdon	47.468514	-99.708868
Bowman	46.184324	-103.402946
Braddock	46.563978	-100.089639
Briarwood	46.787002	-96.794771
Brinsmade	48.183979	-99.323639
Brocket	48.210813	-98.355405
Brooktree Park	47.003884	-96.895693
Buchanan	47.062599	-98.829018
Bucyrus	46.06457	-102.788317
Buffalo	46.91926	-97.550619
Burlington	48.257173	-101.41455
Butte	47.836968	-100.665841
Buxton	47.602065	-97.097519
Caledonia	47.457677	-96.889141
Calio	48.62377	-98.938381
Calvin	48.851849	-98.938021
Cando	48.487221	-99.202471
Cannon Ball	46.323693	-100.629428
Canton City (Hensel)	48.688034	-97.666135
Carpio	48.443445	-101.716317
Carrington	47.452851	-99.131033
Carson	46.422307	-101.570618
Casselton	46.896365	-97.212604
Cathay	47.553923	-99.411296
Cavalier	48.794019	-97.622647
Cayuga	46.07606	-97.384516
Center	47.114931	-101.297676
Christine	46.575149	-96.806637
Churchs Ferry	48.268604	-99.194369
Cleveland	46.891027	-99.119562
Clifford	47.3482	-97.410094
Cogswell	46.106967	-97.78423
Coleharbor	47.542533	-101.221365
Colfax	46.470944	-96.872457
Columbus	48.904982	-102.781176
Conway	48.234279	-97.675088
Cooperstown	47.444894	-98.125625
Courtenay	47.224136	-98.568492
Crary	48.074971	-98.633227
Crosby	48.916167	-103.296622
Crystal	48.598099	-97.668578
Dahlen	48.15879	-97.932382
Davenport	46.714869	-97.06553
Dawson	46.867939	-99.75362
Dazey	47.188351	-98.200702
Deering	48.395831	-101.049842
De Lamere	46.266824	-97.333318
Denhoff	47.483336	-100.262292
Des Lacs	48.256865	-101.563705
Devils Lake	48.112578	-98.874762
Dickey	46.536801	-98.468092
Dickinson	46.89278	-102.79596
Dodge	47.305322	-102.20238
Donnybrook	48.507731	-101.887054
Douglas	47.857678	-101.50193
Drake	47.922691	-100.37442
Drayton	48.56206	-97.179496
Driscoll	46.842682	-100.143905
Dunn Center	47.353134	-102.622785
Dunseith	48.813033	-100.062233
Dwight	46.303953	-96.740143
East Dunseith	48.863246	-100.021856
East Fairview	47.853419	-104.035893
Edgeley	46.36244	-98.712597
Edinburg	48.495502	-97.862968
Edmore	48.412438	-98.453645
Egeland	48.628113	-99.09796
Elgin	46.401499	-101.847373
Ellendale	46.004354	-98.525354
Elliott	46.402268	-97.81488
Embden	46.805031	-97.439506
Emerado	47.928568	-97.361629
Enderlin	46.6215	-97.595581
Englevale	46.391177	-97.903831
Epping	48.281651	-103.35784
Erie	47.115346	-97.387918
Esmond	48.033096	-99.76476
Fairdale	48.490037	-98.231224
Fairmount	46.054695	-96.602907
Fargo	46.8647	-96.82908
Fessenden	47.649308	-99.627008
Fingal	46.762492	-97.793158
Finley	47.512515	-97.837267
Flasher	46.452099	-101.232861
Flaxton	48.896288	-102.391147
Forbes	45.942511	-98.782019
Fordville	48.216592	-97.795376
Forest River	48.216553	-97.470319
Forman	46.103761	-97.637099
Fort Ransom	46.524529	-97.931057
Fort Totten	47.970499	-99.016593
Fortuna	48.909702	-103.779092
Fort Yates	46.086594	-100.630078
Four Bears Village	47.987113	-102.593735
Foxholm	48.365415	-101.57212
Fredonia	46.329175	-99.095632
Frontier	46.800275	-96.833294
Fullerton	46.163228	-98.427313
Gackle	46.626404	-99.141408
Galesburg	47.270098	-97.408761
Gardena	48.701237	-100.498087
Gardner	47.144511	-96.968617
Garrison	47.653206	-101.421914
Gascoyne	46.118954	-103.078786
Gilby	48.083502	-97.467723
Gladstone	46.858698	-102.576584
Glenburn	48.513496	-101.220891
Glenfield	47.455072	-98.566203
Glen Ullin	46.811696	-101.833498
Golden Valley	47.290264	-102.0653
Golva	46.734569	-103.982313
Goodrich	47.47622	-100.124798
Grace City	47.551304	-98.80387
Grafton	48.41391	-97.406164
Grand Forks	47.919595	-97.087328
Grand Forks AFB	47.95568	-97.39128
Grandin	47.236719	-97.003219
Grano	48.61532	-101.589171
Granville	48.266588	-100.844663
Great Bend	46.154638	-96.800995
Green Acres	48.838132	-99.690092
Grenora	48.61988	-103.936673
Gwinner	46.231045	-97.656093
Hague	46.028891	-99.999106
Halliday	47.352023	-102.338829
Hamberg	47.763346	-99.515963
Hamilton	48.807982	-97.451735
Hampden	48.539598	-98.654317
Hankinson	46.073987	-96.891008
Hannaford	47.314181	-98.188941
Hannah	48.972884	-98.690294
Hansboro	48.952448	-99.380239
Harmon	46.954361	-100.956967
Harvey	47.778228	-99.930691
Harwood	46.977008	-96.881035
Hatton	47.636967	-97.458289
Havana	45.954234	-97.618496
Haynes	45.973911	-102.471008
Hazelton	46.485724	-100.281089
Hazen	47.298417	-101.624823
Hebron	46.902416	-102.0447
Heil	46.389194	-101.701151
Heimdal	47.792654	-99.652695
Hettinger	46.003521	-102.634613
Hillsboro	47.402972	-97.063463
Hoople	48.535789	-97.638868
Hope	47.324377	-97.719203
Horace	46.75695	-96.911325
Hunter	47.190113	-97.213811
Hurdsfield	47.447183	-99.930386
Inkster	48.151251	-97.64415
Jamestown	46.905851	-98.693579
Jessie	47.54019	-98.229147
Jud	46.525772	-98.897552
Karlsruhe	48.091045	-100.616207
Kathryn	46.681174	-97.970358
Kenmare	48.672812	-102.07203
Kensal	47.300033	-98.732106
Kief	47.858986	-100.514172
Killdeer	47.368751	-102.746201
Kindred	46.649379	-97.01694
Knox	48.343948	-99.691112
Kramer	48.691031	-100.70765
Kulm	46.301947	-98.946607
Lakota	48.042868	-98.346767
LaMoure	46.357417	-98.296541
Landa	48.895855	-100.911987
Langdon	48.762209	-98.375265
Lankin	48.31467	-97.920258
Lansford	48.626952	-101.375891
Larimore	47.909065	-97.627004
Larson	48.891574	-102.862564
Lawton	48.303341	-98.367869
Leal	47.104916	-98.315527
Leeds	48.287207	-99.434292
Lehr	46.282395	-99.352929
Leith	46.364925	-101.641415
Leonard	46.65229	-97.249944
Lidgerwood	46.073704	-97.145151
Lignite	48.877169	-102.564428
Lincoln	46.768934	-100.697738
Linton	46.268675	-100.232894
Lisbon	46.438986	-97.684415
Litchville	46.656563	-98.191701
Logan	48.15956	-101.175557
Loma	48.637732	-98.525696
Long Creek	48.100963	-103.254588
Loraine	48.868354	-101.567889
Ludden	46.00797	-98.124794
Luverne	47.251424	-97.934817
McClusky	47.483989	-100.442533
McGregor	48.595563	-102.92801
McHenry	47.576405	-98.590996
McLeod	46.388675	-97.298694
McVille	47.765116	-98.175442
Maddock	47.962387	-99.529294
Makoti	47.96333	-101.802908
Mandan	46.829484	-100.88706
Mandaree	47.745108	-102.697582
Manning	47.231035	-102.770375
Mantador	46.165495	-96.977851
Manvel	48.072782	-97.177929
Mapleton	46.891531	-97.053257
Marion	46.611226	-98.338706
Marmarth	46.301219	-103.934594
Martin	47.82677	-100.115302
Max	47.82042	-101.291106
Maxbass	48.722447	-101.142365
Mayville	47.498184	-97.326354
Medina	46.89384	-99.299885
Medora	46.911261	-103.526517
Menoken	46.81442	-100.530479
Mercer	47.490606	-100.71114
Michigan City	48.02442	-98.12012
Milnor	46.260673	-97.455237
Milton	48.626006	-98.045964
Minnewaukan	48.071697	-99.253831
Minot	48.236125	-101.277533
Minot AFB	48.419002	-101.336503
Minto	48.29241	-97.373046
Mohall	48.765979	-101.516386
Monango	46.173406	-98.595175
Montpelier	46.698966	-98.588464
Mooreton	46.268931	-96.875777
Mott	46.374402	-102.318897
Mountain	48.684305	-97.864807
Munich	48.673375	-98.838749
Mylo	48.635841	-99.617921
Napoleon	46.503929	-99.768332
Nash	48.477824	-97.524453
Neche	48.983043	-97.551699
Nekoma	48.578209	-98.376132
Newburg	48.713878	-100.91264
New England	46.540817	-102.866962
New Leipzig	46.375768	-101.951599
New Rockford	47.679617	-99.137698
New Salem	46.84305	-101.417941
New Town	47.989075	-102.488305
Niagara	48.001008	-97.876993
Nome	46.675796	-97.816255
Noonan	48.890332	-103.010287
North River	46.95048	-96.803335
Northwood	47.731424	-97.565226
Oakes	46.139704	-98.087123
Oberon	47.923886	-99.205611
Oriska	46.931117	-97.790539
Orrin	48.090938	-100.167109
Osnabrock	48.670163	-98.149397
Overly	48.681139	-100.15102
Oxbow	46.6647	-96.820793
Page	47.15919	-97.568131
Palermo	48.338395	-102.228928
Park River	48.391059	-97.742678
Parshall	47.959506	-102.133804
Pekin	47.791911	-98.32777
Pembina	48.967087	-97.246861
Perth	48.714723	-99.458124
Petersburg	48.017504	-98.000641
Pettibone	47.117068	-99.520816
Pick City	47.511001	-101.457304
Pillsbury	47.207123	-97.795691
Pingree	47.163823	-98.908563
Pisek	48.310644	-97.71028
Plaza	48.026289	-101.958725
Porcupine	46.221838	-101.100104
Portal	48.994384	-102.548395
Portland	47.499511	-97.369306
Powers Lake	48.564022	-102.645625
Prairie Rose	46.817121	-96.835395
Raleigh	46.357143	-101.305383
Ray	48.33542	-103.173266
Reeder	46.105926	-102.942164
Regan	47.156794	-100.527298
Regent	46.422197	-102.558052
Reile's Acres	46.929064	-96.870046
Reynolds	47.668529	-97.105968
Rhame	46.234649	-103.654982
Richardton	46.881347	-102.333179
Riverdale	47.496757	-101.367049
Robinson	47.142062	-99.781332
Rocklake	48.79016	-99.245898
Rogers	47.074031	-98.203127
Rolette	48.660897	-99.841675
Rolla	48.843618	-99.609353
Ross	48.312775	-102.543509
Rugby	48.365422	-99.990223
Ruso	47.837332	-100.934268
Ruthville	48.370814	-101.300234
Rutland	46.054343	-97.506801
Ryder	47.921237	-101.670433
St. John	48.943766	-99.713096
St. Thomas	48.619236	-97.447107
Sanborn	46.942793	-98.223812
Sarles	48.944967	-98.996881
Sawyer	48.089458	-101.053314
Scranton	46.149479	-103.142977
Selfridge	46.041682	-100.924357
Selz	47.859404	-99.893412
Sentinel Butte	46.91944	-103.84059
Sharon	47.597181	-97.898719
Sheldon	46.588491	-97.494382
Shell Valley	48.808616	-99.827101
Sherwood	48.961867	-101.632802
Sheyenne	47.827287	-99.116832
Sibley	47.218602	-97.965306
Solen	46.387312	-100.795647
Souris	48.909959	-100.682648
South Heart	46.868131	-102.990532
Spiritwood	46.934282	-98.493296
Spiritwood Lake	47.079627	-98.58595
Springbrook	48.252114	-103.461679
Stanley	48.313784	-102.397321
Stanton	47.318483	-101.381965
Starkweather	48.452084	-98.878441
Steele	46.856801	-99.918125
Strasburg	46.133523	-100.160756
Streeter	46.657618	-99.356818
Surrey	48.242966	-101.12833
Sutton	47.403796	-98.441035
Sykeston	47.466071	-99.399315
Tappen	46.871603	-99.627096
Taylor	46.902205	-102.422874
Thompson	47.774612	-97.104357
Tioga	48.394617	-102.94349
Tolley	48.730301	-101.827083
Tolna	47.825699	-98.438164
Tower City	46.926308	-97.676035
Towner	48.34712	-100.406984
Trenton	48.069923	-103.843153
Turtle Lake	47.521482	-100.890799
Tuttle	47.144491	-99.993404
Underwood	47.456385	-101.141217
Upham	48.58155	-100.728432
Valley City	46.922573	-98.004137
Velva	48.058193	-100.932887
Venturia	45.996856	-99.548331
Verona	46.362629	-98.07715
Voltaire	48.018671	-100.844006
Wahpeton	46.272083	-96.612203
Walcott	46.550472	-96.93755
Wales	48.893432	-98.599177
Walhalla	48.92103	-97.916991
Warwick	47.853087	-98.705875
Washburn	47.294045	-101.027796
Watford City	47.801492	-103.266731
West Fargo	46.85638	-96.904809
Westhope	48.911176	-101.01771
Wheatland	46.904897	-97.345483
White Earth	48.379868	-102.771755
White Shield	47.660158	-101.843561
Wildrose	48.629953	-103.183693
Williston	48.189496	-103.649117
Willow City	48.604691	-100.293311
Wilton	47.157997	-100.783985
Wimbledon	47.169067	-98.458629
Wing	47.142266	-100.282318
Wishek	46.255615	-99.554482
Wolford	48.497483	-99.703815
Woodworth	47.142169	-99.304151
Wyndmere	46.264128	-97.131182
York	48.313243	-99.573257
Ypsilanti	46.783359	-98.560988
Zap	47.285093	-101.923718
Zeeland	45.972944	-99.832442
Aberdeen	38.671709	-83.770866
Ada	40.768144	-83.825192
Adamsville	40.068893	-81.882637
Addyston	39.138123	-84.712834
Adelphi	39.464497	-82.746107
Adena	40.216663	-80.87621
Ai	41.626104	-83.942749
Akron	41.080456	-81.521429
Albany	39.226537	-82.194711
Alexandria	40.090316	-82.612451
Alger	40.709796	-83.844035
Alliance	40.911171	-81.119827
Alvordton	41.663618	-84.434297
Amanda	39.650109	-82.741717
Amberley	39.203488	-84.428283
Amelia	39.026864	-84.21806
Amesville	39.401325	-81.955147
Amherst	41.405329	-82.231725
Amsterdam	40.471733	-80.921688
Andersonville	39.433897	-83.018961
Andover	41.606221	-80.568385
Anna	40.395364	-84.175659
Ansonia	40.213238	-84.63476
Antioch	39.661065	-81.066995
Antwerp	41.180176	-84.736099
Apple Creek	40.74887	-81.831736
Apple Valley	40.438206	-82.34901
Aquilla	41.546523	-81.173064
Arcadia	41.107922	-83.514739
Arcanum	39.992308	-84.554323
Archbold	41.516531	-84.304482
Arlington	40.893708	-83.652938
Arlington Heights	39.215337	-84.455548
Ashland	40.867068	-82.315152
Ashley	40.409806	-82.951653
Ashtabula	41.879462	-80.798482
Ashville	39.72434	-82.957472
Athalia	38.509119	-82.309459
Athens	39.326286	-82.100187
Attica	41.063685	-82.887108
Atwater	41.028289	-81.157063
Aurora	41.306796	-81.336465
Austinburg	41.769168	-80.855605
Austintown	41.091877	-80.738422
Avon	41.4451	-82.005109
Avon Lake	41.494504	-82.016075
Bailey Lakes	40.949571	-82.359265
Bainbridge	41.384255	-81.348495
Bainbridge	39.226404	-83.269727
Bairdstown	41.171184	-83.607289
Ballville	41.323322	-83.134515
Baltic	40.443578	-81.701
Baltimore	39.845998	-82.604648
Bannock	40.101679	-80.977287
Barberton	41.006903	-81.60439
Barnesville	39.990086	-81.172459
Barnhill	40.449755	-81.367866
Bascom	41.129043	-83.286925
Bass Lake	41.555836	-81.225906
Batavia	39.075273	-84.176122
Batesville	39.914726	-81.283466
Bay View	41.469332	-82.824171
Bay Village	41.487771	-81.928891
Beach City	40.653123	-81.579553
Beachwood	41.476264	-81.503232
Beallsville	39.848869	-81.035391
Beaver	39.034989	-82.825711
Beavercreek	39.733155	-84.059615
Beaverdam	40.832487	-83.973383
Beckett Ridge	39.344804	-84.438039
Bedford	41.392123	-81.53468
Bedford Heights	41.404084	-81.502334
Beechwood Trails	40.02958	-82.656566
Bellaire	40.016511	-80.747334
Bellbrook	39.6384	-84.085411
Belle Center	40.509011	-83.745293
Bellefontaine	40.362755	-83.763008
Belle Valley	39.788819	-81.556531
Bellevue	41.274116	-82.839855
Bellville	40.617729	-82.513147
Belmont	40.027979	-81.040933
Belmore	41.154838	-83.941697
Beloit	40.919696	-80.997812
Belpre	39.280492	-81.592338
Bentleyville	41.413327	-81.413446
Benton Ridge	41.004318	-83.791964
Bentonville	38.745519	-83.610266
Berea	41.370548	-81.861757
Bergholz	40.520796	-80.885057
Berkey	41.708353	-83.83833
Berlin	40.553036	-81.802166
Berlin Heights	41.322748	-82.487571
Bethel	38.962859	-84.084562
Bethesda	40.016577	-81.072605
Bettsville	41.244055	-83.233872
Beulah Beach	41.391876	-82.442947
Beverly	39.549969	-81.635845
Bexley	39.965358	-82.934479
Bidwell	38.920936	-82.285388
Birmingham	41.330189	-82.361651
Blacklick Estates	39.904597	-82.866383
Bladensburg	40.285258	-82.283584
Blaine	40.071975	-80.808627
Blakeslee	41.524213	-84.730846
Blanchester	39.295039	-83.972995
Bloomdale	41.171086	-83.553641
Bloomingburg	39.607929	-83.395286
Bloomingdale	40.342228	-80.81785
Bloomingville	41.357618	-82.730884
Bloomville	41.051373	-83.013668
Blue Ash	39.246055	-84.386845
Blue Jay	39.238473	-84.743972
Bluffton	40.892048	-83.887793
Bolindale	41.208846	-80.778433
Bolivar	40.65535	-81.454543
Bolton	40.939202	-81.129142
Boston Heights	41.252583	-81.507668
Botkins	40.452357	-84.179203
Bourneville	39.282856	-83.15961
Bowerston	40.427262	-81.187387
Bowersville	39.580787	-83.723326
Bowling Green	41.377677	-83.649584
Bradford	40.130055	-84.426892
Bradner	41.323884	-83.436366
Brady Lake	41.164796	-81.319067
Brandt	39.902684	-84.090744
Bratenahl	41.555037	-81.604957
Brecksville	41.307187	-81.619908
Brecon	39.279721	-84.353208
Bremen	39.705971	-82.429934
Brewster	40.711517	-81.607777
Brice	39.917249	-82.831886
Bridgeport	40.064562	-80.748943
Bridgetown	39.155133	-84.635939
Brilliant	40.26823	-80.637584
Brimfield	41.095496	-81.351145
Broadview Heights	41.318156	-81.679262
Brookfield Center	41.238395	-80.554736
Brooklyn	41.43474	-81.74918
Brooklyn Heights	41.419889	-81.665312
Brook Park	41.404309	-81.820342
Brookside	40.070945	-80.760847
Brookville	39.839533	-84.417347
Broughton	41.08801	-84.534984
Brownsville	39.94117	-82.249159
Brunersburg	41.30748	-84.391932
Brunswick	41.245799	-81.816582
Bryan	41.470289	-84.548084
Buchtel	39.463511	-82.180426
Buckeye Lake	39.936427	-82.481405
Buckland	40.623433	-84.259995
Bucyrus	40.805119	-82.971632
Buffalo	39.916861	-81.520418
Buford	39.071988	-83.839266
Burbank	40.986232	-81.99484
Burgoon	41.267414	-83.250743
Burkettsville	40.352937	-84.642673
Burlington	38.411498	-82.526156
Burton	41.468763	-81.149329
Butler	40.590165	-82.420178
Butlerville	39.301618	-84.090374
Byesville	39.974085	-81.546227
Cadiz	40.25659	-80.992648
Cairo	40.830753	-84.084489
Calcutta	40.689443	-80.549931
Caldwell	39.746354	-81.512976
Caledonia	40.636429	-82.969513
Cambridge	40.021047	-81.585548
Camden	39.636679	-84.644663
Campbell	41.078013	-80.589968
Camp Dennison	39.193844	-84.290332
Canal Fulton	40.892302	-81.58793
Canal Lewisville	40.298947	-81.840232
Canal Winchester	39.846589	-82.82131
Candlewood Lake	40.620876	-82.774093
Canfield	41.029579	-80.769981
Canton	40.80765	-81.367228
Carbon Hill	39.502067	-82.2427
Cardington	40.497984	-82.89365
Carey	40.945814	-83.386095
Carlisle	39.578992	-84.320959
Carroll	39.802585	-82.706178
Carrollton	40.578747	-81.09082
Casstown	40.052767	-84.128513
Castalia	41.404238	-82.80163
Castine	39.931042	-84.624718
Catawba	39.999627	-83.621903
Cecil	41.219096	-84.601581
Cedarville	39.748429	-83.812175
Celeryville	41.028734	-82.727332
Celina	40.555489	-84.561422
Centerburg	40.303684	-82.697808
Centerville (Thurman)	38.897874	-82.445775
Centerville	39.634334	-84.145717
Chagrin Falls	41.430952	-81.388975
Champion Heights	41.303107	-80.851376
Chardon	41.579289	-81.20906
Chatfield	40.951205	-82.94196
Chauncey	39.400532	-82.126627
Cherry Fork	38.887154	-83.612551
Cherry Grove	39.080228	-84.321968
Chesapeake	38.426926	-82.456167
Cheshire	38.951093	-82.114291
Chesterhill	39.494395	-81.868202
Chesterland	41.528307	-81.357477
Chesterville	40.475145	-82.680931
Cheviot	39.157657	-84.613935
Chickasaw	40.436217	-84.493693
Chillicothe	39.340502	-82.996102
Chilo	38.794189	-84.137801
Chippewa Lake	41.074059	-81.90349
Chippewa Park	40.516963	-83.887765
Choctaw Lake	39.959359	-83.490098
Christiansburg	40.056747	-84.025536
Churchill	41.169456	-80.665973
Cincinnati	39.140183	-84.505829
Cinnamon Lake	40.985996	-82.19673
Circleville	39.601152	-82.932515
Clarington	39.780856	-80.864985
Clarksburg	39.5058	-83.154339
Clarksville	39.401781	-83.988901
Clarktown	38.850584	-82.908605
Clay Center	41.573088	-83.364124
Clayton	39.869541	-84.325438
Cleveland	41.478462	-81.679435
Cleveland Heights	41.511075	-81.561766
Cleves	39.164583	-84.741377
Clifton	39.797226	-83.825423
Clinton	40.928138	-81.631137
Cloverdale	41.01929	-84.299766
Clyde	41.303585	-82.979425
Coal Grove	38.492232	-82.635852
Coalton	39.11171	-82.610873
Coldstream	39.044989	-84.340579
Coldwater	40.482987	-84.633308
College Corner	39.568912	-84.81141
Collins	41.254105	-82.482363
Columbiana	40.885537	-80.667818
Columbus	39.983938	-82.984882
Columbus Grove	40.919829	-84.060307
Commercial Point	39.789055	-83.019533
Concorde Hills	39.210768	-84.357332
Conesville	40.185136	-81.892029
Congress	40.925322	-82.055925
Conneaut	41.927299	-80.568382
Connorville	40.193702	-80.717606
Continental	41.099077	-84.271642
Convoy	40.917347	-84.705932
Coolville	39.216237	-81.799648
Corning	39.601632	-82.087568
Cortland	41.332102	-80.719486
Corwin	39.523036	-84.065425
Coshocton	40.261752	-81.847292
Covedale	39.126704	-84.636974
Covington	40.117035	-84.350684
Craig Beach	41.11567	-80.98213
Crestline	40.783388	-82.747712
Creston	40.976736	-81.899863
Cridersville	40.650539	-84.140286
Crooksville	39.767949	-82.094937
Crown City	38.589651	-82.29725
Crystal Lakes	39.888311	-84.02305
Crystal Rock	41.447787	-82.841928
Cumberland	39.853281	-81.658723
Curtice	41.615995	-83.374317
Custar	41.284596	-83.84381
Cuyahoga Falls	41.182881	-81.553008
Cuyahoga Heights	41.436174	-81.653713
Cygnet	41.241189	-83.644068
Cynthiana	39.173622	-83.348453
Dalton	40.799562	-81.703719
Damascus	40.906191	-80.949325
Danville	40.447056	-82.260896
Darbydale	39.855775	-83.174911
Darbyville	39.695984	-83.113651
Darrtown	39.497474	-84.669028
Day Heights	39.175498	-84.227465
Dayton	39.784743	-84.199632
Deer Park	39.203865	-84.39777
Deersville	40.308261	-81.188021
Defiance	41.28099	-84.365835
De Graff	40.312677	-83.916639
Delaware	40.286476	-83.074864
Delhi Hills	39.087138	-84.617628
Dellroy	40.555366	-81.199465
Delphos	40.846581	-84.336474
Delshire	39.088472	-84.595076
Delta	41.576095	-84.009587
Dennison	40.397736	-81.327269
Dent	39.191473	-84.660064
Derby	39.763983	-83.206803
Deshler	41.207838	-83.905927
Devola	39.474602	-81.471397
Dexter City	39.659327	-81.474444
Dillonvale	39.217301	-84.403004
Dillonvale	40.198544	-80.775442
Dola	40.78477	-83.698932
Donnelsville	39.915404	-83.94297
Dover	40.530048	-81.481028
Doylestown	40.970003	-81.695695
Dresden	40.122226	-82.013446
Drexel	39.738162	-84.293034
Dry Ridge	39.2539	-84.643397
Dry Run	39.104596	-84.331101
Dublin	40.113304	-83.145774
Duncan Falls	39.882489	-81.913656
Dundee	40.586815	-81.60694
Dunkirk	40.788135	-83.642567
Dunlap	39.296169	-84.638497
Dupont	41.055364	-84.300798
East Alliance	40.908596	-81.071826
East Canton	40.788946	-81.285029
East Cleveland	41.530657	-81.578516
East Fultonham	39.84866	-82.119306
Eastlake	41.656635	-81.429114
East Liberty	40.333938	-83.585019
East Liverpool	40.632996	-80.567393
East Palestine	40.839067	-80.546607
East Rochester	40.749485	-81.039937
East Sparta	40.663546	-81.364267
East Springfield	40.447388	-80.859924
Eaton	39.750107	-84.634469
Eaton Estates	41.304873	-82.013708
Edgerton	41.449553	-84.749835
Edgewood	41.876859	-80.74548
Edison	40.558254	-82.863191
Edon	41.556168	-84.769373
Eldorado	39.904256	-84.675331
Elgin	40.742679	-84.476221
Elida	40.78699	-84.199651
Elizabethtown	39.162654	-84.804064
Elmore	41.470091	-83.292551
Elmwood Place	39.18551	-84.489158
Elyria	41.372778	-82.108009
Empire	40.511685	-80.626118
Englewood	39.865067	-84.309463
Enon	39.865033	-83.93304
Etna	39.955172	-82.686083
Euclid	41.592154	-81.519678
Evendale	39.250871	-84.42674
Fairborn	39.799578	-84.008482
Fairfax	39.143233	-84.397163
Fairfield	39.33142	-84.542716
Fairfield Beach	39.917906	-82.480593
Fairlawn	41.131014	-81.622307
Fairport Harbor	41.747598	-81.272809
Fairview	40.057349	-81.234939
Fairview Park	41.441995	-81.852952
Farmersville	39.678703	-84.427431
Fayette	41.672755	-84.328428
Fayetteville	39.185373	-83.931964
Felicity	38.838763	-84.098458
Findlay	41.047364	-83.638093
Finneytown	39.215972	-84.514556
Five Points	39.559486	-84.186781
Flat Rock	41.235467	-82.859197
Fletcher	40.141788	-84.111874
Florida	41.323787	-84.200209
Flushing	40.148162	-81.064374
Forest	40.804417	-83.51455
Forest Park	39.286209	-84.525958
Forestville	39.069478	-84.339031
Fort Jennings	40.906176	-84.299622
Fort Loramie	40.345647	-84.370751
Fort McKinley	39.802639	-84.246071
Fort Recovery	40.412279	-84.776335
Fort Seneca	41.204341	-83.167914
Fort Shawnee	40.681287	-84.149835
Fostoria	41.160234	-83.412441
Four Bridges	39.380215	-84.35984
Frankfort	39.406268	-83.183237
Franklin	39.554951	-84.295728
Franklin Furnace	38.625917	-82.850084
Frazeysburg	40.119098	-82.117695
Fredericksburg	40.677162	-81.869783
Fredericktown	40.47854	-82.549521
Freeport	40.210983	-81.268725
Fremont	41.353019	-83.11559
Fresno	40.330802	-81.738627
Friendship	38.697711	-83.100796
Fruit Hill	39.069881	-84.367035
Fulton	40.463061	-82.828461
Fultonham	39.855702	-82.140782
Gahanna	40.036747	-82.879862
Galena	40.22527	-82.876169
Galion	40.738216	-82.781327
Gallipolis	38.820082	-82.190972
Gambier	40.376228	-82.394596
Gann (Brinkhaven)	40.470208	-82.190018
Garfield Heights	41.418631	-81.605081
Garrettsville	41.284385	-81.091868
Gates Mills	41.530992	-81.411153
Geneva	41.800759	-80.946279
Geneva-on-the-Lake	41.855268	-80.95128
Genoa	41.521005	-83.362043
Georgetown	38.868303	-83.899254
Germantown	39.632457	-84.36451
Gettysburg	40.116196	-84.496233
Gibsonburg	41.387191	-83.322165
Gilboa	41.018799	-83.921675
Girard	41.165648	-80.696089
Glandorf	41.026932	-84.075504
Glencoe	40.013155	-80.882866
Glendale	39.270658	-84.458537
Glenford	39.88616	-82.319718
Glenmont	40.519076	-82.09246
Glenmoor	40.663823	-80.613288
Glenwillow	41.359506	-81.471795
Gloria Glens Park	41.058271	-81.901368
Glouster	39.502277	-82.084093
Gnadenhutten	40.359867	-81.426383
Golf Manor	39.187768	-84.446968
Gomer	40.845448	-84.182796
Good Hope	39.446721	-83.359405
Gordon	39.930267	-84.509067
Goshen	39.228465	-84.150707
Grafton	41.28414	-82.029968
Grand Rapids	41.401119	-83.866432
Grand River	41.743895	-81.286268
Grandview	39.195237	-84.721204
Grandview Heights	39.979299	-83.040111
Granville	40.0568	-82.50414
Granville South	40.0515	-82.545238
Gratiot	39.951495	-82.21678
Gratis	39.648272	-84.528668
Graysville	39.663345	-81.174584
Green	40.953816	-81.472042
Green Camp	40.532016	-83.207613
Greenfield	39.353496	-83.388358
Greenhills	39.26696	-84.519358
Green Meadows	39.867193	-83.945334
Green Springs	41.257348	-83.053636
Greentown	40.926624	-81.401481
Greenville	40.104708	-84.62145
Greenwich	41.031358	-82.518822
Groesbeck	39.22903	-84.595897
Grove City	39.885822	-83.096959
Groveport	39.857337	-82.891442
Grover Hill	41.018952	-84.477636
Guilford Lake	40.795978	-80.873637
Hamburg	39.648369	-82.66453
Hamden	39.158528	-82.525504
Hamersville	38.918954	-83.985355
Hamilton	39.393428	-84.565754
Hamler	41.228234	-84.035523
Hanging Rock	38.559973	-82.727629
Hannibal	39.671769	-80.874105
Hanover	40.081905	-82.276876
Hanoverton	40.754694	-80.935488
Harbor Hills	39.939135	-82.432403
Harbor View	41.693264	-83.444753
Harpster	40.738429	-83.250178
Harrisburg	39.810694	-83.168409
Harrisburg	40.887343	-81.229954
Harrison	39.25658	-84.786202
Harrisville	40.181372	-80.8864
Harrod	40.707214	-83.921405
Hartford (Croton)	40.239903	-82.690793
Hartville	40.961452	-81.335123
Harveysburg	39.502882	-83.990564
Haskins	41.464805	-83.704304
Haviland	41.017789	-84.585294
Haydenville	39.479923	-82.321355
Hayesville	40.776013	-82.260162
Heath	40.020814	-82.442075
Hebron	39.965248	-82.486506
Helena	41.340327	-83.291896
Hemlock	39.592544	-82.152354
Hessville	41.403057	-83.24307
Hicksville	41.294388	-84.764739
Hidden Lakes	40.547945	-82.763207
Hide-A-Way Hills	39.654516	-82.465482
Higginsport	38.789761	-83.966967
Highland	39.343946	-83.600079
Highland Heights	41.551783	-81.469127
Highland Hills	41.449692	-81.519098
Highland Holiday	39.196724	-83.46563
Highpoint	39.289176	-84.347131
Hilliard	40.034719	-83.157788
Hills and Dales	40.829118	-81.444012
Hillsboro	39.212287	-83.611182
Hilltop	41.16263	-80.740793
Hiram	41.311453	-81.142868
Hockingport	39.193645	-81.742073
Holgate	41.249289	-84.129246
Holiday City	41.621271	-84.540496
Holiday Lakes	41.095137	-82.732829
Holiday Valley	39.853597	-83.962006
Holland	41.619253	-83.708216
Hollansburg	39.998493	-84.793009
Holloway	40.161773	-81.130868
Holmesville	40.628595	-81.923345
Homeworth	40.836069	-81.06514
Hooven	39.182157	-84.76988
Hopedale	40.326667	-80.895568
Howard	40.40932	-82.327415
Howland Center	41.248326	-80.744378
Hoytville	41.1904	-83.78491
Hubbard	41.158121	-80.564651
Huber Heights	39.858881	-84.112893
Huber Ridge	40.091558	-82.917543
Hudson	41.239213	-81.441611
Hunter	39.493981	-84.285142
Hunting Valley	41.484373	-81.412764
Huntsville	40.442307	-83.804507
Huron	41.397631	-82.562569
Iberia	40.682269	-82.833402
Independence	41.380013	-81.63329
Irondale	40.57215	-80.725708
Ironton	38.532596	-82.67809
Ithaca	39.937737	-84.553332
Jackson	39.04446	-82.644658
Jacksonburg	39.538385	-84.503315
Jackson Center	40.439024	-84.040801
Jacksontown	39.965643	-82.409828
Jacksonville	39.47593	-82.079504
Jamestown	39.657204	-83.753816
Jefferson	41.738411	-80.768782
Jeffersonville	39.653439	-83.551562
Jenera	40.899536	-83.72705
Jeromesville	40.803801	-82.196205
Jerry City	41.253686	-83.602309
Jersey	40.058731	-82.720554
Jerusalem	39.851885	-81.095923
Jewett	40.36806	-81.003002
Johnstown	40.149143	-82.686943
Junction City	39.721625	-82.300146
Kalida	40.986229	-84.194168
Kanauga	38.841738	-82.150461
Kansas	41.24515	-83.283916
Kelleys Island	41.602607	-82.706506
Kent	41.147561	-81.361965
Kenton	40.644541	-83.609951
Kenwood	39.207691	-84.375084
Kettering	39.695991	-84.150437
Kettlersville	40.435316	-84.254913
Kidron	40.746444	-81.749477
Kilbourne	40.332304	-82.959238
Killbuck	40.496094	-81.982288
Kimbolton	40.150857	-81.575835
Kings Mills	39.358349	-84.243812
Kingston	39.472318	-82.912045
Kingsville	41.882032	-80.674965
Kinsman Center	41.452727	-80.584006
Kipton	41.266634	-82.304322
Kirby	40.813493	-83.419408
Kirkersville	39.941096	-82.591905
Kirtland	41.596423	-81.339383
Kirtland Hills	41.637971	-81.326393
Kunkle	41.635942	-84.494224
La Croft	40.64683	-80.599784
Lafayette	40.758911	-83.949922
Lafayette	39.940787	-83.405527
Lafferty	40.116581	-81.022011
LaGrange	41.240398	-82.113544
Lake Buckhorn	40.472405	-81.91004
Lake Darby	39.962225	-83.219593
Lake Lakengren	39.687035	-84.688825
Lakeline	41.659504	-81.45452
Lake Lorelei	39.190589	-83.97102
Lake Milton	41.093977	-80.975811
Lake Mohawk	40.660988	-81.192586
Lakemore	41.022654	-81.423439
Lake Seneca	41.665792	-84.647154
Lakeside	41.5409	-82.753395
Lake Tomahawk	40.761379	-80.596337
Lakeview	40.487708	-83.930651
Lake Waynoka	38.940029	-83.780661
Lakewood	41.483258	-81.801143
Lancaster	39.725228	-82.605246
Landen	39.317063	-84.27632
Lansing	40.076071	-80.792415
La Rue	40.578102	-83.382124
Latty	41.087874	-84.583174
Laura	39.995085	-84.408449
Laurelville	39.473885	-82.736387
Lawrenceville	39.984337	-83.876466
Leavittsburg	41.246931	-80.877466
Lebanon	39.425551	-84.213189
Leesburg	39.341831	-83.551948
Leesville	40.452057	-81.20958
Leetonia	40.878838	-80.76293
Leipsic	41.113092	-83.967628
Lewisburg	39.850644	-84.543464
Lewistown	40.423752	-83.884627
Lewisville	39.767078	-81.218244
Lexington	40.679554	-82.578172
Liberty Center	41.44358	-84.007784
Lima	40.740679	-84.112091
Limaville	40.985543	-81.150705
Lincoln Heights	39.243505	-84.457004
Lincoln Heights	40.763856	-82.479539
Lincoln Village	39.952952	-83.13202
Lindsey	41.421681	-83.220993
Linndale	41.445131	-81.766431
Lisbon	40.775134	-80.762771
Lithopolis	39.81458	-82.81738
Little Hocking	39.258547	-81.702951
Lloydsville	40.067756	-80.997739
Lockbourne	39.8089	-82.987294
Lockington	40.207597	-84.237289
Lockland	39.227861	-84.45645
Lodi	41.038824	-82.009896
Logan	39.538372	-82.406406
Logan Elm Village	39.570229	-82.94668
London	39.892845	-83.438875
Lorain	41.438805	-82.179722
Lordstown	41.170976	-80.866271
Lore City	39.983203	-81.460077
Loudonville	40.634048	-82.23232
Louisville	40.837041	-81.264151
Loveland	39.26768	-84.268756
Loveland Park	39.29576	-84.264005
Lowell	39.529398	-81.507561
Lowellville	41.037167	-80.54218
Lower Salem	39.565104	-81.39249
Lucas	40.704126	-82.422048
Lucasville	38.873962	-82.990251
Luckey	41.451906	-83.482924
Ludlow Falls	39.998085	-84.339197
Lynchburg	39.23954	-83.786043
Lyndhurst	41.516931	-81.494818
Lyons	41.700481	-84.071908
McArthur	39.247191	-82.47826
McClure	41.370974	-83.941369
McComb	41.10671	-83.789477
McConnelsville	39.660741	-81.840517
McCutchenville	40.993788	-83.252932
McDermott	38.832068	-83.060272
McDonald	41.163586	-80.723255
Macedonia	41.314919	-81.501633
McGuffey	40.692794	-83.785921
Mack	39.149226	-84.679457
McKinley Heights	41.191133	-80.719233
Macksburg	39.631148	-81.4568
Madeira	39.185105	-84.373106
Madison	41.772258	-81.052983
Madison Place	39.155288	-84.376453
Magnetic Springs	40.353699	-83.262739
Magnolia	40.653062	-81.292758
Maineville	39.31945	-84.185128
Malinta	41.319593	-84.03536
Malta	39.651111	-81.863166
Malvern	40.689494	-81.180409
Manchester	38.689237	-83.606602
Mansfield	40.76672	-82.53082
Mantua	41.281952	-81.222399
Maple Heights	41.409047	-81.562861
Maple Ridge	40.912506	-81.048372
Maplewood Park	41.139256	-80.579754
Marathon	39.145335	-84.006249
Marble Cliff	39.985511	-83.061323
Marblehead	41.534879	-82.724037
Marengo	40.40082	-82.810994
Maria Stein	40.400268	-84.479159
Mariemont	39.142499	-84.379005
Marietta	39.423166	-81.446426
Marion	40.596746	-83.123185
Marlboro	40.950578	-81.216874
Marne	40.073817	-82.302873
Marseilles	40.700973	-83.392342
Marshallville	40.899629	-81.732929
Martinsburg	40.269753	-82.354372
Martins Ferry	40.104296	-80.729125
Martinsville	39.322974	-83.812263
Marysville	40.227986	-83.35936
Mason	39.351707	-84.302041
Massieville	39.263099	-82.965868
Massillon	40.784483	-81.525216
Masury	41.20848	-80.53696
Matamoras (New Matamoras)	39.518399	-81.07332
Maumee	41.571125	-83.66625
Mayfield	41.547248	-81.434345
Mayfield Heights	41.517312	-81.453889
Mechanicsburg	40.073483	-83.555971
Medina	41.134636	-81.869513
Medway	39.883675	-84.013628
Melmore	41.026155	-83.104977
Melrose	41.088719	-84.420035
Mendon	40.672717	-84.517854
Mentor	41.690159	-81.33588
Mentor-on-the-Lake	41.715129	-81.363467
Metamora	41.71147	-83.905017
Meyers Lake	40.814409	-81.421588
Miami Heights	39.167643	-84.715148
Miamisburg	39.630938	-84.270742
Miamitown	39.213887	-84.713285
Miamiville	39.212099	-84.300334
Middlebranch	40.896809	-81.332198
Middleburg Heights	41.369937	-81.813537
Middlefield	41.460504	-81.071201
Middle Point	40.855965	-84.446763
Middleport	38.993737	-82.065239
Middletown	39.502952	-84.364893
Midland	39.306906	-83.910807
Midvale	40.435975	-81.370335
Midway	39.733173	-83.476623
Mifflin	40.773461	-82.363858
Milan	41.288784	-82.601868
Milford	39.165209	-84.284784
Milford Center	40.179306	-83.43854
Millbury	41.564731	-83.425516
Milledgeville	39.593358	-83.587832
Miller	38.532945	-82.306437
Miller City	41.103674	-84.130043
Millersburg	40.553403	-81.916774
Millersport	39.896382	-82.541954
Millfield	39.435797	-82.095816
Millville	39.392377	-84.652903
Milton Center	41.300739	-83.829661
Miltonsburg	39.831333	-81.164754
Mineral City	40.602709	-81.361479
Mineral Ridge	41.137923	-80.760417
Minerva	40.730584	-81.102236
Minerva Park	40.076185	-82.943123
Minford	38.861469	-82.848892
Mingo Junction	40.325308	-80.61937
Minster	40.39475	-84.37886
Mitiwanga	41.380912	-82.462772
Mogadore	41.05246	-81.407317
Monfort Heights	39.182142	-84.606618
Monroe	39.44599	-84.365772
Monroeville	41.243843	-82.702575
Montezuma	40.489408	-84.549771
Montgomery	39.251232	-84.347994
Montpelier	41.584246	-84.591569
Montrose-Ghent	41.156665	-81.643575
Moraine	39.697519	-84.242719
Moreland Hills	41.441836	-81.435735
Morgandale	41.266998	-80.795765
Morral	40.691352	-83.209785
Morristown	40.063059	-81.070519
Morrow	39.34864	-84.120486
Moscow	38.859886	-84.2283
Mount Blanchard	40.898516	-83.556674
Mount Carmel	39.097745	-84.295091
Mount Cory	40.934925	-83.823566
Mount Eaton	40.694805	-81.702164
Mount Gilead	40.554047	-82.827904
Mount Healthy	39.233772	-84.546736
Mount Healthy Heights	39.271177	-84.569865
Mount Hope	40.624212	-81.772588
Mount Orab	39.029313	-83.926661
Mount Pleasant	40.175893	-80.799654
Mount Repose	39.189609	-84.220612
Mount Sterling	39.713348	-83.273531
Mount Vernon	40.386191	-82.484004
Mount Victory	40.533716	-83.521074
Mowrystown	39.042506	-83.752161
Mulberry	39.197544	-84.251095
Munroe Falls	41.139576	-81.436058
Murray City	39.50883	-82.169058
Mutual	40.079432	-83.636856
Nankin	40.915746	-82.289458
Napoleon	41.397969	-84.124984
Nashport	40.072849	-82.167034
Nashville	40.595848	-82.112967
Navarre	40.727715	-81.515812
Neapolis	41.490615	-83.874709
Neffs	40.039209	-80.81549
Negley	40.792736	-80.535946
Nellie	40.338471	-82.071379
Nelsonville	39.460172	-82.221368
Nettle Lake	41.677886	-84.725933
Nevada	40.818777	-83.131189
Neville	38.813026	-84.209949
New Albany	40.09	-82.776349
New Alexandria	40.291587	-80.675129
Newark	40.071503	-82.424221
New Athens	40.18442	-80.994283
New Baltimore	39.272436	-84.665673
New Bavaria	41.203645	-84.167206
New Bloomington	40.583696	-83.312524
New Boston	38.751345	-82.936153
New Bremen	40.435516	-84.377756
Newburgh Heights	41.45094	-81.662739
New Burlington	39.265597	-84.554573
New California	40.146587	-83.23666
New Carlisle	39.944443	-84.027667
Newcomerstown	40.275264	-81.596034
New Concord	39.993659	-81.738064
New Franklin	40.954288	-81.584869
New Hampshire	40.553968	-83.953184
New Haven	39.280001	-84.746667
New Haven	41.028851	-82.687468
New Holland	39.554456	-83.259498
New Knoxville	40.494729	-84.315011
New Lebanon	39.744042	-84.394249
New Lexington	39.716784	-82.20666
New London	41.079698	-82.40618
New Madison	39.967114	-84.708149
New Marshfield	39.324506	-82.21705
New Miami	39.432125	-84.540581
New Middletown	40.965546	-80.558322
New Paris	39.856678	-84.791916
New Philadelphia	40.486484	-81.440151
New Pittsburg	40.846668	-82.095172
Newport	40.295214	-84.369352
Newport	39.398033	-81.220841
New Richmond	38.973762	-84.281548
New Riegel	41.051886	-83.319008
New Springfield	40.917919	-80.600673
New Straitsville	39.578348	-82.228778
Newton Falls	41.192553	-80.967979
Newtown	39.123614	-84.35065
New Vienna	39.325762	-83.692764
New Washington	40.960406	-82.854643
New Waterford	40.847829	-80.618825
New Weston	40.337024	-84.643609
Ney	41.38062	-84.521157
Niles	41.187807	-80.753101
North Baltimore	41.179755	-83.668259
North Bend	39.149181	-84.735332
Northbrook	39.246685	-84.579624
North Canton	40.874146	-81.397134
North College Hill	39.217148	-84.55199
North Fairfield	41.104778	-82.612835
Northfield	41.338857	-81.526841
Northgate	39.252953	-84.592682
North Hampton	39.989307	-83.943993
North Industry	40.736186	-81.372756
North Kingsville	41.9254	-80.675706
North Lawrence	40.841878	-81.639934
North Lewisburg	40.220555	-83.557887
North Lima	40.947372	-80.664007
North Madison	41.829815	-81.050961
North Olmsted	41.414929	-81.919131
North Perry	41.800253	-81.124138
North Randall	41.431839	-81.530299
Northridge	39.997107	-83.777048
North Ridgeville	41.386317	-82.022821
North Robinson	40.792382	-82.856796
North Royalton	41.315918	-81.748063
North Star	40.324308	-84.568933
Northwood	41.610064	-83.482704
North Zanesville	39.986242	-81.992345
Norton	41.028931	-81.645535
Norwalk	41.244573	-82.60895
Norwich	39.98463	-81.792206
Norwood	39.160503	-84.453599
Oak Harbor	41.505127	-83.134962
Oak Hill	38.897295	-82.569345
Oakwood	41.367268	-81.50372
Oakwood	39.720221	-84.173325
Oakwood	41.092757	-84.374731
Oberlin	41.286063	-82.219565
Obetz	39.864435	-82.944622
Oceola	40.844087	-83.094763
Octa	39.613422	-83.610573
Ohio City	40.770325	-84.616184
Olde West Chester	39.335215	-84.403475
Old Fort	41.241877	-83.151417
Old Washington	40.037618	-81.444218
Olmsted Falls	41.365749	-81.903792
Ontario	40.768202	-82.614767
Orange	41.442616	-81.471718
Orangeville	41.344001	-80.524188
Oregon	41.655956	-83.438325
Orient	39.806745	-83.151753
Orrville	40.848267	-81.776894
Orwell	41.535983	-80.859245
Osgood	40.339526	-84.496105
Ostrander	40.269042	-83.207419
Ottawa	41.01983	-84.035317
Ottawa Hills	41.667058	-83.63977
Ottoville	40.934176	-84.338664
Otway	38.864932	-83.188227
Owensville	39.120837	-84.13613
Oxford	39.505558	-84.744335
Painesville	41.721635	-81.258357
Palestine	40.050152	-84.744321
Pancoastburg	39.623949	-83.265036
Pandora	40.945187	-83.954043
Park Layne	39.888137	-84.039386
Parkman	41.372206	-81.055012
Parma	41.383569	-81.728641
Parma Heights	41.383386	-81.761273
Parral	40.560946	-81.495098
Pataskala	40.019795	-82.71988
Patterson	40.78218	-83.526134
Paulding	41.142663	-84.582657
Payne	41.079818	-84.727249
Peebles	38.946291	-83.409378
Pekin	40.720697	-81.124619
Pemberville	41.409592	-83.458762
Peninsula	41.233971	-81.553175
Pepper Pike	41.479386	-81.460207
Perry	41.763674	-81.143013
Perry Heights	40.798468	-81.468819
Perrysburg	41.538986	-83.644132
Perrysville	40.658402	-82.31438
Petersburg	40.90997	-80.533551
Pettisville	41.53292	-84.224421
Pheasant Run	41.211352	-82.145523
Phillipsburg	39.903957	-84.40098
Philo	39.861312	-81.908796
Pickerington	39.887539	-82.764138
Pigeon Creek	41.110123	-81.672235
Piketon	39.06595	-82.997131
Pioneer	41.67876	-84.550095
Piqua	40.145865	-84.243506
Pitsburg	39.987156	-84.48783
Plain City	40.107518	-83.273587
Plainfield	40.205097	-81.718175
Plainville	39.143837	-84.359299
Pleasant City	39.903274	-81.543808
Pleasant Grove	39.951989	-81.957312
Pleasant Hill	40.050624	-84.346185
Pleasant Hills	39.236463	-84.522857
Pleasant Plain	39.278433	-84.112115
Pleasant Run	39.292694	-84.575724
Pleasant Run Farm	39.301608	-84.549319
Pleasantville	39.809833	-82.52239
Plumwood	40.008792	-83.414812
Plymouth	40.997018	-82.6674
Poland	41.022896	-80.615388
Polk	40.945154	-82.214348
Pomeroy	39.034672	-82.032416
Portage	41.323217	-83.646799
Portage Lakes	41.00925	-81.539424
Port Clinton	41.509718	-82.938339
Port Jefferson	40.330598	-84.09245
Portsmouth	38.753376	-82.949466
Port Washington	40.326727	-81.519402
Port William	39.551925	-83.785665
Potsdam	39.963712	-84.414821
Pottery Addition	40.402456	-80.624412
Powell	40.167687	-83.081555
Powhatan Point	39.862318	-80.809564
Proctorville	38.437596	-82.382064
Prospect	40.453917	-83.184804
Pulaski	41.510832	-84.507889
Put-in-Bay	41.653302	-82.81746
Quaker City	39.969656	-81.297357
Quincy	40.295488	-83.968702
Racine	38.968405	-81.910609
Radnor	40.385238	-83.145885
Rarden	38.923329	-83.242
Ravenna	41.161567	-81.242058
Rawson	40.956881	-83.7851
Rayland	40.183359	-80.691751
Raymond	40.340482	-83.468152
Reading	39.22423	-84.433341
Reedurban	40.797851	-81.43584
Reminderville	41.327153	-81.397379
Remington	39.229214	-84.32294
Rendville	39.623178	-82.089287
Reno	39.37417	-81.390542
Reno Beach	41.662408	-83.265618
Republic	41.125017	-83.016657
Reynoldsburg	39.961302	-82.788939
Richfield	41.233132	-81.643941
Richmond	40.43285	-80.77189
Richmond Dale	39.204191	-82.81215
Richmond Heights	41.560646	-81.5077
Richville	40.752134	-81.466249
Richwood	40.427437	-83.294377
Ridgeville Corners	41.438753	-84.255364
Ridgeway	40.512215	-83.569066
Ridgewood	39.189889	-84.434377
Rio Grande	38.880247	-82.379393
Ripley	38.730797	-83.832852
Risingsun	41.267053	-83.426911
Rittman	40.973373	-81.784583
Riverlea	40.080408	-83.025048
Riverside	39.78265	-84.123915
Roachester	39.353855	-84.0989
Roaming Shores	41.638816	-80.828275
Robertsville	40.76198	-81.193778
Rochester	41.124065	-82.306283
Rockbridge	39.586228	-82.526229
Rock Creek	41.660373	-80.854533
Rockford	40.691027	-84.649909
Rocky Fork Point	39.188919	-83.487645
Rocky Ridge	41.530446	-83.213365
Rocky River	41.473072	-81.853825
Rogers	40.789667	-80.627462
Rome (Stout)	38.666203	-83.378143
Rose Farm	39.736383	-82.077519
Roseland	40.786306	-82.547234
Rosemount	38.773897	-82.975011
Roseville	39.806527	-82.075641
Rosewood	40.217387	-83.96343
Ross	39.313907	-84.660145
Rossburg	40.280203	-84.63828
Rossford	41.577572	-83.572178
Rossmoyne	39.215253	-84.388774
Roswell	40.475918	-81.347945
Rudolph	41.296562	-83.664042
Rushsylvania	40.461318	-83.671152
Rushville	39.764354	-82.430349
Russells Point	40.467436	-83.893493
Russellville	38.867273	-83.787784
Russia	40.234006	-84.406715
Rutland	39.041255	-82.128571
Sabina	39.49089	-83.635331
St. Bernard	39.171729	-84.494088
St. Clairsville	40.078274	-80.899173
St. Henry	40.42034	-84.631536
St. Johns	40.555459	-84.080233
St. Louisville	40.171109	-82.418053
St. Martin	39.211773	-83.884405
St. Marys	40.547565	-84.392335
St. Paris	40.126945	-83.964352
Salem	40.904596	-80.848937
Salem Heights	40.904325	-80.887975
Salem Heights	39.065798	-84.384016
Salesville	39.974089	-81.336568
Salineville	40.620724	-80.834424
Sandusky	41.455885	-82.714436
Sandyville	40.646859	-81.367015
Sarahsville	39.807118	-81.469466
Sardinia	39.007114	-83.802104
Sardis	39.626921	-80.905845
Savannah	40.969379	-82.369629
Sawyerwood	41.03444	-81.440842
Saybrook-on-the-Lake	41.86701	-80.879137
Scio	40.398983	-81.088175
Sciotodale	38.751299	-82.850983
Scott	40.988653	-84.583975
Seaman	38.930876	-83.567712
Sebring	40.920003	-81.025268
Senecaville	39.934764	-81.459462
Seven Hills	41.379264	-81.676292
Seven Mile	39.48592	-84.552317
Seville	41.02071	-81.867141
Shadyside	39.971891	-80.751029
Shaker Heights	41.47609	-81.549197
Sharon Center	41.096045	-81.739294
Sharonville	39.280586	-84.407514
Shawnee	39.139668	-84.777755
Shawnee	39.610584	-82.20188
Shawnee Hills	40.160095	-83.135656
Shawnee Hills	39.649681	-83.788284
Sheffield	41.456889	-82.093971
Sheffield Lake	41.488347	-82.097859
Shelby	40.885138	-82.658308
Sherrodsville	40.4945	-81.244098
Sherwood	41.291964	-84.548099
Sherwood	39.085335	-84.360942
Shiloh	39.815046	-84.23232
Shiloh	40.971667	-82.600419
Shreve	40.681264	-82.021787
Sidney	40.289527	-84.166729
Silver Lake	41.156278	-81.455664
Silverton	39.18837	-84.400916
Sinking Spring	39.074722	-83.387135
Sixteen Mile Stand	39.275264	-84.326879
Skyline Acres	39.227374	-84.566406
Smithville	40.862469	-81.860509
Solon	41.38599	-81.440835
Somerset	39.806638	-82.299646
Somerville	39.563828	-84.639283
South Amherst	41.346226	-82.23527
South Bloomfield	39.71704	-82.993321
South Canal	41.171881	-80.992683
South Charleston	39.824773	-83.643743
South Euclid	41.523957	-81.524485
South Lebanon	39.363348	-84.220102
South Mount Vernon	40.382354	-82.501857
South Point	38.422181	-82.579061
South Russell	41.433828	-81.327964
South Salem	39.337227	-83.307089
South Solon	39.73734	-83.61263
South Vienna	39.929321	-83.613934
South Webster	38.816992	-82.732495
South Zanesville	39.90362	-82.017867
Sparta	40.394433	-82.699647
Spencer	41.097757	-82.121762
Spencerville	40.707965	-84.353159
Springboro	39.562227	-84.233602
Springdale	39.290599	-84.47579
Springfield	39.928908	-83.794241
Spring Valley	39.61107	-84.007924
Stafford	39.712412	-81.276578
Sterling	40.966244	-81.843942
Steubenville	40.36631	-80.657061
Stewart	39.308029	-81.89749
Stockdale	38.957777	-82.857377
Stockport	39.54887	-81.794397
Stone Creek	40.39884	-81.555323
Stony Prairie	41.348733	-83.144335
Stony Ridge	41.507546	-83.509329
Stoutsville	39.604975	-82.823364
Stow	41.176261	-81.436523
Strasburg	40.600595	-81.529351
Stratton	40.525436	-80.631434
Streetsboro	41.239608	-81.345862
Strongsville	41.312955	-81.83169
Struthers	41.051218	-80.592724
Stryker	41.502756	-84.416869
Suffield	41.014711	-81.33777
Sugar Bush Knolls	41.203242	-81.350955
Sugarcreek	40.507739	-81.640574
Sugar Grove	39.6304	-82.544839
Sullivan	41.021093	-82.214713
Sulphur Springs	40.87222	-82.87643
Summerfield	39.796815	-81.335333
Summerside	39.118661	-84.286119
Summitville	40.671828	-80.889552
Sunbury	40.249405	-82.880199
Swanton	41.584874	-83.885249
Sycamore	40.951672	-83.17097
Sylvania	41.710362	-83.710212
Syracuse	39.001232	-81.970716
Tallmadge	41.106119	-81.424834
Tarlton	39.554252	-82.778112
Taylor Creek	39.22925	-84.67814
Tedrow	41.602912	-84.204273
Terrace Park	39.15856	-84.312243
The Plains	39.365195	-82.133583
The Village of Indian Hill	39.188557	-84.336021
Thornport	39.921227	-82.427593
Thornville	39.89461	-82.42024
Thurston	39.841714	-82.548415
Tiffin	41.11491	-83.180468
Tiltonsville	40.172393	-80.697599
Timberlake	41.665522	-81.442798
Tipp City	39.964474	-84.18638
Tippecanoe	40.273757	-81.281066
Tiro	40.906235	-82.769001
Toledo	41.664071	-83.581861
Tontogany	41.421033	-83.740976
Toronto	40.457934	-80.60963
Tremont City	40.013912	-83.83835
Trenton	39.478808	-84.466373
Trimble	39.48587	-82.08165
Trinway	40.137604	-82.011891
Trotwood	39.791838	-84.321834
Troy	40.043891	-84.21953
Tuppers Plains	39.172625	-81.846582
Turpin Hills	39.107408	-84.375016
Tuscarawas	40.391871	-81.396494
Twinsburg	41.322594	-81.443123
Twinsburg Heights	41.306367	-81.4579
Uhrichsville	40.404075	-81.348958
Union	39.906599	-84.29333
Union City	40.198539	-84.789208
Uniontown	40.959366	-81.403701
Unionville Center	40.13705	-83.341267
Uniopolis	40.602322	-84.085692
University Heights	41.494785	-81.534898
Upper Arlington	40.027587	-83.070722
Upper Sandusky	40.830669	-83.270709
Urbana	40.109096	-83.754984
Urbancrest	39.901524	-83.088184
Utica	40.237101	-82.441522
Valley City	41.233647	-81.939611
Valley Hi	40.316243	-83.675963
Valley View	41.3815	-81.608298
Valleyview	39.963906	-83.072291
Van Buren	41.138673	-83.649441
Vandalia	39.878977	-84.192224
Vanlue	40.974092	-83.48475
Van Wert	40.864796	-84.588518
Vaughnsville	40.880224	-84.145321
Venedocia	40.785009	-84.455943
Vermilion	41.408005	-82.317254
Verona	39.901324	-84.505997
Versailles	40.222271	-84.482673
Vickery	41.376929	-82.94151
Vienna Center	41.234457	-80.654071
Vincent	39.375309	-81.671173
Vinton	38.980429	-82.33233
Wadsworth	41.027436	-81.732205
Waite Hill	41.608723	-81.388759
Wakeman	41.253215	-82.402687
Walbridge	41.586074	-83.487414
Waldo	40.459754	-83.084836
Walnut Creek	40.546486	-81.729562
Walton Hills	41.370877	-81.558682
Wapakoneta	40.565229	-84.190695
Warren	41.239564	-80.816015
Warrensville Heights	41.437217	-81.521752
Warsaw	40.335636	-82.000992
Washington Court House	39.537916	-83.427788
Washingtonville	40.896331	-80.768024
Waterford	39.538652	-81.644233
Waterville	41.501971	-83.736852
Wauseon	41.553441	-84.140136
Waverly	39.12597	-82.983687
Wayne	41.300961	-83.471727
Wayne Lakes	40.02172	-84.663212
Waynesburg	40.668139	-81.259874
Waynesfield	40.602466	-83.973883
Waynesville	39.531945	-84.090938
Wellington	41.152266	-82.22634
Wellston	39.117399	-82.537564
Wellsville	40.603924	-80.655745
West Alexandria	39.745066	-84.536078
West Carrollton	39.669742	-84.25549
West Elkton	39.588138	-84.559781
Westerville	40.123435	-82.913324
West Farmington	41.391019	-80.974013
Westfield Center	41.028278	-81.931479
West Hill	41.229985	-80.526958
West Jefferson	39.9494	-83.308423
West Lafayette	40.275989	-81.751708
Westlake	41.449531	-81.930162
West Leipsic	41.105284	-84.001152
West Liberty	40.256784	-83.75836
West Logan	39.538001	-82.429081
West Manchester	39.90332	-84.626326
West Mansfield	40.401388	-83.544004
West Millgrove	41.242745	-83.491407
West Milton	39.959051	-84.326231
Westminster	40.701038	-83.975081
Weston	41.345981	-83.794609
West Portsmouth	38.766629	-83.036423
West Rushville	39.764363	-82.449766
West Salem	40.969763	-82.107945
West Union	38.791684	-83.544094
West Unity	41.588977	-84.430295
Wetherington	39.363345	-84.376693
Wharton	40.861306	-83.46481
Wheelersburg	38.741473	-82.845543
Whitehall	39.968968	-82.883948
Whitehouse	41.521582	-83.795753
White Oak	39.210636	-84.606186
Whites Landing	41.43092	-82.89475
Wickliffe	41.606322	-81.468028
Wightmans Grove	41.423665	-83.045779
Wilberforce	39.714974	-83.884442
Wilkesville	39.076459	-82.326552
Wilkshire Hills	40.639605	-81.432248
Willard	41.051941	-82.723533
Williamsburg	39.058144	-84.048347
Williamsdale	39.442074	-84.529831
Williamsport	39.581669	-83.120524
Williston	41.602614	-83.341909
Willoughby	41.645285	-81.414353
Willoughby Hills	41.584171	-81.432976
Willowick	41.634299	-81.467905
Willshire	40.746432	-84.792043
Wilmington	39.429125	-83.816172
Wilmot	40.655175	-81.634597
Wilson	39.860518	-81.069041
Winchester	38.9435	-83.654068
Windham	41.239443	-81.039535
Winesburg	40.617472	-81.694681
Wintersville	40.378017	-80.709914
Withamsville	39.062789	-84.280768
Wolfhurst	40.068856	-80.780797
Woodlawn	39.255562	-84.471053
Woodmere	41.459854	-81.479872
Woodsdale	39.432765	-84.484691
Woodsfield	39.763047	-81.116774
Woodstock	40.17361	-83.528065
Woodville	41.451029	-83.363988
Woodworth	40.976821	-80.656183
Wooster	40.81703	-81.931529
Worthington	40.096908	-83.020216
Wren	40.802675	-84.772307
Wright-Patterson AFB	39.822834	-84.048504
Wyoming	39.229686	-84.481561
Xenia	39.683133	-83.940808
Yankee Lake	41.26823	-80.567889
Yellow Springs	39.798382	-83.891984
Yorkshire	40.325515	-84.49515
Yorkville	40.15382	-80.707064
Youngstown	41.099095	-80.645902
Zaleski	39.28192	-82.394333
Zanesfield	40.338604	-83.677893
Zanesville	39.955993	-82.013469
Zoar	40.612978	-81.422978
Achille	33.835346	-96.388752
Ada	34.767914	-96.669114
Adair	36.43641	-95.273445
Adams	36.754581	-101.075164
Adamson	34.924784	-95.547583
Addington	34.243091	-97.966102
Afton	36.696535	-94.957463
Agra	35.894937	-96.870195
Akins	35.503967	-94.666795
Albany	33.874518	-96.155242
Albion	34.662141	-95.099369
Alderson	34.900593	-95.689431
Alex	34.922801	-97.776329
Aline	36.50967	-98.448672
Allen	34.877628	-96.412889
Altus	34.657061	-99.309046
Alva	36.789566	-98.664877
Amber	35.160232	-97.882055
Ames	36.246962	-98.186139
Amorita	36.924012	-98.293621
Anadarko	35.065296	-98.244469
Antlers	34.233026	-95.622759
Apache	34.894169	-98.358726
Arapaho	35.577797	-98.959345
Arcadia	35.665487	-97.325515
Ardmore	34.196507	-97.131848
Arkoma	35.330247	-94.448332
Armstrong	34.052816	-96.34484
Arnett	36.134487	-99.772706
Arpelar	34.932848	-95.951695
Asher	34.988373	-96.925401
Ashland	34.765566	-96.070867
Atoka	34.386353	-96.131101
Atwood	34.955155	-96.336762
Avant	36.489631	-96.04626
Avard	36.697358	-98.789357
Bache	34.894271	-95.650521
Badger Lee	35.473733	-94.818981
Baker	36.870414	-101.017712
Ballou	36.142127	-95.199834
Barber	35.752135	-94.848449
Barnsdall	36.560938	-96.15577
Baron	35.935523	-94.602071
Bartlesville	36.737668	-95.948454
Bearden	35.364298	-96.388587
Beaver	36.815087	-100.523543
Bee	34.124588	-96.568773
Beggs	35.741386	-96.066464
Belfonte	35.542915	-94.551167
Bell	35.729723	-94.567897
Bennington	34.005396	-96.038388
Bentley	34.217411	-96.07971
Bernice	36.623395	-94.913481
Bessie	35.385419	-98.989178
Bethany	35.507174	-97.641734
Bethel Acres	35.311366	-97.045059
Big Cabin	36.542261	-95.221994
Billings	36.537595	-97.441749
Binger	35.310487	-98.343134
Bison	36.195948	-97.897913
Bixby	35.945571	-95.878343
Blackburn	36.373312	-96.596551
Blackgum	35.612046	-94.992135
Blackwell	36.801341	-97.300871
Blair	34.780193	-99.333436
Blanchard	35.152343	-97.665221
Blanco	34.750821	-95.773563
Blue	33.989938	-96.230368
Bluejacket	36.800427	-95.074033
Boise City	36.731336	-102.509522
Bokchito	34.015434	-96.141577
Bokoshe	35.190371	-94.790406
Boley	35.489868	-96.479953
Boswell	34.027613	-95.869957
Bowlegs	35.147276	-96.669273
Bowring	36.878744	-96.11975
Box	35.570017	-94.972763
Boynton	35.649415	-95.6541
Bradley	34.877967	-97.708744
Braggs	35.663293	-95.198339
Braman	36.923644	-97.335815
Bray	34.60836	-97.817484
Breckenridge	36.457242	-97.725465
Brent	35.36622	-94.792473
Briartown	35.297323	-95.238611
Bridge Creek	35.233546	-97.734686
Bridgeport	35.547622	-98.377478
Briggs	35.921763	-94.878519
Bristow	35.833592	-96.394395
Broken Arrow	36.036529	-95.780996
Broken Bow	34.028862	-94.741357
Bromide	34.418295	-96.494761
Brooksville	35.209675	-96.961127
Brush Creek	36.416473	-94.783885
Brushy	35.561647	-94.747517
Bryant	35.392286	-96.062342
Buffalo	36.829412	-99.637673
Bug Tussle	35.033312	-95.675587
Bull Hollow	36.304625	-94.900832
Bunch	35.698852	-94.740242
Burbank	36.696085	-96.728112
Burlington	36.900213	-98.42341
Burneyville	33.890125	-97.292396
Burns Flat	35.354693	-99.175017
Bushyhead	36.461664	-95.505238
Butler	35.636448	-99.186377
Butler	36.538724	-94.74057
Byars	34.871969	-97.054224
Byng	34.865667	-96.66777
Byron	36.901382	-98.294423
Cache	34.627562	-98.619548
Caddo	34.125593	-96.263719
Calera	33.930829	-96.42906
Calumet	35.601385	-98.124786
Calvin	34.96638	-96.249887
Camargo	36.017902	-99.288454
Cameron	35.137457	-94.539287
Canadian	35.173963	-95.649404
Canadian Shores	35.172853	-95.742081
Caney	34.235764	-96.217168
Caney	35.829557	-94.840026
Caney Ridge	35.763926	-94.882761
Canton	36.055018	-98.588403
Canute	35.421969	-99.277927
Capron	36.896662	-98.577622
Carlisle	35.506877	-95.032222
Carlton Landing	35.211734	-95.557049
Carmen	36.579117	-98.457902
Carnegie	35.102742	-98.599587
Carney	35.805891	-97.015542
Carrier	36.478594	-98.0172
Carter	35.216948	-99.503576
Cartwright	33.85539	-96.556978
Cashion	35.800909	-97.675739
Castle	35.468109	-96.391552
Catoosa	36.180264	-95.77031
Cave Spring	35.728177	-94.75814
Cayuga	36.637389	-94.651732
Cedar Crest	36.123176	-95.173148
Cedar Lake	35.427	-98.193009
Cedar Valley	35.872919	-97.500499
Cement	34.936209	-98.136277
Centrahoma	34.610397	-96.343671
Central High	34.614327	-98.088648
Chance	36.067498	-94.646266
Chandler	35.712784	-96.836198
Chattanooga	34.42386	-98.654017
Checotah	35.482436	-95.522818
Chelsea	36.532037	-95.434568
Cherokee	36.750694	-98.357667
Cherry Tree	35.746465	-94.643925
Chester	36.215676	-98.921341
Chewey	36.112488	-94.725729
Cheyenne	35.61092	-99.676371
Chickasha	35.040543	-97.947173
Choctaw	35.484983	-97.269942
Chouteau	36.189507	-95.338902
Christie	35.97604	-94.646948
Cimarron City	35.888778	-97.603211
Claremore	36.314628	-95.608319
Clarita	34.484118	-96.444883
Clarksville	35.824076	-95.514082
Clayton	34.586129	-95.355746
Clearview	35.398249	-96.18696
Cleora	36.595027	-94.942887
Cleo Springs	36.404928	-98.440027
Cleveland	36.310908	-96.47218
Clinton	35.507101	-98.970503
Cloud Creek	36.293782	-94.754354
Coalgate	34.532271	-96.221205
Colbert	33.858359	-96.507632
Colcord	36.264707	-94.692344
Cole	35.098548	-97.562738
Coleman	34.264653	-96.420626
Collinsville	36.369263	-95.861756
Colony	35.348537	-98.671458
Comanche	34.362503	-97.979879
Commerce	36.934895	-94.861462
Connerville	34.442069	-96.629676
Cookson	35.721272	-94.915492
Cooperton	34.86651	-98.875869
Copan	36.900473	-95.925291
Copeland	36.663775	-94.827148
Corn	35.379052	-98.781704
Cornish	34.163583	-97.596391
Cottonwood	34.554699	-96.203235
Council Hill	35.555812	-95.65251
Covington	36.307474	-97.586358
Coweta	35.971822	-95.671012
Cowlington	35.309628	-94.783967
Coyle	35.951809	-97.235972
Crescent	35.951937	-97.594355
Crescent Springs	35.89765	-97.602795
Cromwell	35.340736	-96.459568
Crowder	35.118247	-95.677794
Cumberland	34.058719	-96.592436
Cushing	35.979681	-96.761753
Custer City	35.663829	-98.886946
Cyril	34.898474	-98.20293
Dacoma	36.659622	-98.563474
Dale	35.384162	-97.043419
Davenport	35.70938	-96.764208
Davidson	34.242103	-99.078113
Davis	34.429427	-97.174438
Deer Creek	36.806682	-97.519483
Deer Lick	36.459467	-94.746813
Delaware	36.778958	-95.642539
Del City	35.448278	-97.440785
Dennis	36.547328	-94.87692
Depew	35.801443	-96.511066
Devol	34.1954	-98.588195
Dewar	35.457918	-95.949132
Dewey	36.790402	-95.933712
Dibble	35.019655	-97.627086
Dickson	34.190224	-96.99875
Dill City	35.281822	-99.133647
Disney	36.474142	-95.017845
Dixon	35.161003	-96.518441
Dodge	36.578926	-94.638484
Dotyville	36.8514	-94.909763
Dougherty	34.399808	-97.05148
Douglas	36.260463	-97.6666
Dover	35.981347	-97.910823
Dripping Springs	36.170866	-94.685163
Drowning Creek	36.4778	-94.894247
Drummond	36.301724	-98.03578
Drumright	35.989923	-96.597424
Dry Creek	35.738788	-94.873333
Duchess Landing	35.398468	-95.41658
Duncan	34.481607	-97.960537
Durant	33.995153	-96.39254
Durham	35.84389	-99.926126
Dustin	35.271245	-96.027826
Dwight Mission	35.557966	-94.850529
Eagle City	35.93383	-98.589967
Eagletown	34.041866	-94.570239
Eakly	35.305361	-98.55619
Earl	34.203356	-96.892088
Earlsboro	35.3292	-96.802928
East Duke	34.662829	-99.569629
Edgewater Park	34.824734	-98.375198
Edmond	35.673807	-97.413076
Eldon	35.940128	-94.809192
Eldorado	34.472945	-99.649617
Elgin	34.785937	-98.296627
Elk City	35.389612	-99.428749
Elmer	34.480801	-99.352104
Elm Grove	35.795962	-94.568114
Elmore City	34.629322	-97.393953
Elohim City	35.641465	-94.510467
El Reno	35.541833	-97.961268
Emet	34.205997	-96.53929
Empire City	34.477613	-98.059445
Enid	36.406702	-97.869861
Enterprise	35.22483	-95.376876
Erick	35.215604	-99.868683
Erin Springs	34.810665	-97.605272
Etowah	35.125933	-97.1704
Etta	35.836225	-94.903013
Eufaula	35.292114	-95.586425
Evening Shade	35.620973	-94.905374
Fairfax	36.570081	-96.707885
Fairfield	35.837508	-94.6082
Fairland	36.751393	-94.847266
Fairmont	36.356015	-97.705455
Fair Oaks	36.158993	-95.690685
Fairview	36.27061	-98.477017
Fallis	35.749299	-97.118222
Fanshawe	34.961951	-94.911181
Fargo	36.374206	-99.622165
Faxon	34.460258	-98.579374
Fay	35.81609	-98.658661
Felt	36.563366	-102.79479
Finley	34.327347	-95.497668
Fittstown	34.609033	-96.640542
Fitzhugh	34.657603	-96.766932
Fletcher	34.823702	-98.231446
Flint Creek	36.176928	-94.746713
Flute Springs	35.626728	-94.799979
Foraker	36.87283	-96.569211
Forest Park	35.509594	-97.446904
Forgan	36.906979	-100.537979
Fort Cobb	35.115273	-98.445334
Fort Coffee	35.294209	-94.571353
Fort Gibson	35.782175	-95.260139
Fort Supply	36.572092	-99.57352
Fort Towson	34.031395	-95.277635
Foss	35.450005	-99.170738
Foster	34.605963	-97.489859
Fox	34.357864	-97.495
Foyil	36.430325	-95.520461
Francis	34.874579	-96.59266
Frederick	34.349965	-98.987997
Freedom	36.767478	-99.112273
Friendship	34.697835	-99.228694
Gage	36.318128	-99.757603
Gans	35.387395	-94.694587
Garber	36.436669	-97.581012
Garvin	33.957181	-94.930997
Gate	36.851706	-100.055208
Geary	35.637076	-98.316976
Gene Autry	34.314442	-97.042171
Geronimo	34.483127	-98.387653
Gerty	34.835734	-96.288876
Gideon	35.997151	-95.027925
Glencoe	36.234081	-96.932853
Glenpool	35.94949	-96.006754
Golden	34.030741	-94.902967
Goldsby	35.123907	-97.486624
Goltry	36.531887	-98.15096
Goodwell	36.59479	-101.621981
Gore	35.542935	-95.112779
Gotebo	35.07123	-98.874261
Gould	34.669144	-99.773646
Gowen	34.883282	-95.47238
Gracemont	35.187856	-98.259114
Grainola	36.937929	-96.648771
Grandfield	34.230749	-98.687311
Grand Lake Towne	36.505588	-95.027836
Grandview	35.96476	-94.99866
Granite	34.951154	-99.368379
Grant	33.936486	-95.517868
Grayson	35.505391	-95.871617
Greasy	35.681874	-94.702453
Greenfield	35.729052	-98.377483
Greenville	34.0044	-97.121286
Gregory	36.169725	-95.574088
Grove	36.585034	-94.787247
Guthrie	35.876512	-97.408657
Guymon	36.690101	-101.477046
Haileyville	34.854152	-95.578632
Hallett	36.231852	-96.56786
Hammon	35.63232	-99.38322
Hanna	35.202089	-95.889242
Hanson	35.438009	-94.698351
Hardesty	36.614785	-101.193662
Harrah	35.472048	-97.182687
Hartshorne	34.838795	-95.561923
Haskell	35.818966	-95.680398
Hastings	34.22432	-98.108748
Haworth	33.840923	-94.657009
Haywood	34.891946	-95.951981
Headrick	34.626894	-99.137336
Healdton	34.231506	-97.487173
Heavener	34.891965	-94.60779
Helena	36.546477	-98.27187
Hendrix	33.775265	-96.407082
Hennepin	34.517219	-97.345376
Hennessey	36.105811	-97.898615
Henryetta	35.441655	-95.986416
Hickory	34.556478	-96.85342
Hillsdale	36.56325	-97.992664
Hinton	35.493227	-98.354723
Hitchcock	35.967658	-98.349696
Hitchita	35.519825	-95.751743
Hobart	35.024581	-99.087565
Hochatown	34.165729	-94.771597
Hodgen	34.840444	-94.633889
Hoffman	35.488837	-95.844692
Holdenville	35.083481	-96.401353
Hollis	34.689672	-99.915294
Hollister	34.340936	-98.871131
Homestead	36.14997	-98.397004
Hominy	36.421925	-96.393031
Honey Hill	35.764728	-94.574949
Hooker	36.861328	-101.21621
Hoot Owl	36.359983	-95.121414
Hopeton	36.68818	-98.662014
Horntown	35.083603	-96.23759
Hough	36.871959	-101.57474
Howe	34.949572	-94.640305
Hoyt	35.264849	-95.301151
Hugo	34.011584	-95.512179
Hulbert	35.931653	-95.145527
Hunter	36.564017	-97.662508
Hydro	35.54813	-98.580106
Idabel	33.907406	-94.822174
Indiahoma	34.619895	-98.75205
Indianola	36.444505	-94.674667
Indianola	35.163372	-95.775934
Ingalls	36.104744	-96.87077
Inola	36.113154	-95.551556
Iron Post	36.155822	-95.135248
Isabella	36.238987	-98.326401
IXL	35.528769	-96.385394
Jay	36.427112	-94.795571
Jefferson	36.720343	-97.790901
Jenks	35.998219	-95.973404
Jennings	36.182278	-96.569162
Jet	36.666527	-98.181648
Johnson	35.413769	-96.849312
Johnson Prairie	36.079103	-94.975868
Jones	35.56673	-97.288914
Justice	36.290802	-95.563561
Kansas	36.205359	-94.788945
Katie	34.590712	-97.32562
Kaw City	36.766748	-96.861777
Keefton	35.578506	-95.306315
Kellyville	35.968997	-96.193923
Kemp	33.769572	-96.354436
Kendrick	35.785303	-96.775512
Kenefic	34.149955	-96.36441
Kenton	36.906359	-102.965209
Kenwood	36.301244	-94.997873
Keota	35.257388	-94.922314
Ketchum	36.517568	-95.037332
Keyes	36.807634	-102.251735
Keys	35.802786	-94.941358
Kiefer	35.943753	-96.05314
Kildare	36.80836	-97.049982
Kingfisher	35.844726	-97.939308
Kingston	34.000377	-96.706504
Kinta	35.119759	-95.238238
Kiowa	34.723294	-95.902895
Knowles	36.872893	-100.192416
Konawa	34.957894	-96.753806
Krebs	34.929783	-95.718636
Kremlin	36.546573	-97.83233
Lahoma	36.387988	-98.090322
Lake Aluma	35.53147	-97.447417
Lake Ellsworth Addition	34.836829	-98.321326
Lakeside Village	34.798885	-98.381096
Lamar	35.094209	-96.124823
Lambert	36.683241	-98.423656
Lamont	36.691319	-97.558274
Lane	34.29988	-95.989631
Langley	36.480261	-95.05721
Langston	35.931276	-97.279406
Latta	34.753149	-96.708797
Laverne	36.705318	-99.896732
Lawrence Creek	36.083804	-96.426756
Lawton	34.619218	-98.421106
Lawtonka Acres	34.780499	-98.529603
Leach	36.197849	-94.909861
Lebanon	33.971745	-96.92384
Leedey	35.868423	-99.344924
Le Flore	34.894594	-94.978025
Lehigh	34.474729	-96.221689
Lenapah	36.851347	-95.635696
Leon	33.877336	-97.429083
Leonard	35.922786	-95.801007
Lequire	35.111147	-95.111859
Lexington	35.017605	-97.335018
Liberty	35.460861	-94.545749
Liberty	35.853024	-95.986245
Lima	35.173708	-96.598114
Limestone	36.314343	-95.747728
Lindsay	34.840485	-97.609851
Little City	34.083955	-96.616047
Little Ponderosa	36.961186	-100.878139
Little Rock	36.214953	-95.091226
Loco	34.329506	-97.680638
Locust Grove	36.198162	-95.168874
Lone Chimney	36.23265	-96.792914
Lone Grove	34.180972	-97.253313
Lone Wolf	34.990427	-99.245602
Long	35.497823	-94.538858
Longdale	36.133794	-98.551179
Longtown	35.242373	-95.518593
Lookeba	35.363005	-98.364095
Lost City	36.000647	-95.122306
Lotsee	36.133432	-96.209085
Loveland	34.304985	-98.771271
Lovell	36.056034	-97.636473
Lowrey	36.099952	-94.930908
Loyal	35.972771	-98.118154
Lucien	36.274764	-97.455029
Luther	35.668218	-97.190547
Lyons Switch	35.788983	-94.685329
McAlester	34.926128	-95.773619
McBride	33.934502	-96.636363
McCord	36.673115	-97.035919
McCurtain	35.150561	-94.967178
McLoud	35.412153	-97.106622
Macomb	35.147902	-97.00865
Madill	34.08708	-96.774665
Mallard Bay	35.862248	-95.263845
Manchester	36.994494	-98.0351
Mangum	34.878559	-99.503906
Manitou	34.507244	-98.981011
Mannford	36.132862	-96.330428
Mannsville	34.183123	-96.888853
Maramec	36.24189	-96.680512
Marble City	35.583882	-94.817396
Marietta	35.848331	-94.653261
Marietta	33.936172	-97.124716
Marland	36.560995	-97.152772
Marlow	34.631114	-97.956659
Marshall	36.149683	-97.623244
Martha	34.725983	-99.386657
Maud	35.133451	-96.777971
May	36.616708	-99.748636
Maysville	34.864713	-97.373593
Mazie	36.142561	-95.330214
Mead	33.997991	-96.518641
Medford	36.801767	-97.73708
Medicine Park	34.73199	-98.48897
Meeker	35.489312	-96.897646
Mehan	36.04583	-96.940133
Meno	36.388195	-98.177925
Meridian	35.844226	-97.245563
Miami	36.887738	-94.870913
Middleberg	35.10661	-97.73416
Midwest City	35.458752	-97.37457
Milburn	34.238658	-96.552394
Milfay	35.75095	-96.559172
Mill Creek	34.402551	-96.825196
Millerton	33.984902	-95.023033
Minco	35.315621	-97.951407
Moffett	35.404671	-94.455721
Monroe	34.993724	-94.515539
Moodys	36.034069	-94.956412
Moore	35.328503	-97.474763
Mooreland	36.437701	-99.204847
Morris	35.605211	-95.860823
Morrison	36.29173	-97.0348
Mounds	35.875913	-96.066128
Mountain Park	34.698829	-98.952348
Mountain View	35.099516	-98.749749
Moyers	34.325002	-95.651087
Mulberry	35.868687	-94.69945
Muldrow	35.40342	-94.597523
Mule Barn	36.217903	-96.312301
Mulhall	36.112098	-97.342802
Murphy	36.134102	-95.24137
Muskogee	35.743797	-95.356405
Mustang	35.391847	-97.72514
Mutual	36.230462	-99.167975
Narcissa	36.801033	-94.927866
Nardin	36.804091	-97.449868
Nash	36.665048	-98.051966
Nashoba	34.480729	-95.210298
Nelagoney	36.626037	-96.2441
Nescatunga	36.754293	-98.156052
New Alluwe	36.610102	-95.488565
Newcastle	35.242395	-97.595336
New Cordell	35.296862	-98.983769
New Eucha	36.39116	-94.852242
Newkirk	36.881797	-97.055292
New Woodville	33.968845	-96.654842
Nichols Hills	35.546389	-97.54327
Nicoma Park	35.49178	-97.324313
Nicut	35.602384	-94.562909
Ninnekah	34.964011	-97.944707
Noble	35.134919	-97.371089
Norge	34.98878	-97.994049
Norman	35.240569	-97.345299
North Enid	36.445832	-97.863389
North Miami	36.920131	-94.879654
Norwood	35.844683	-95.151226
Notchietown	35.585427	-95.089467
Nowata	36.699265	-95.637465
Oak Grove	36.205613	-96.338423
Oak Hill-Piney	36.378688	-94.726565
Oakhurst	36.08061	-96.062364
Oakland	34.093175	-96.802424
Oaks	36.169798	-94.852931
Oakwood	35.931616	-98.703088
Ochelata	36.602685	-95.975056
Oilton	36.082655	-96.581442
Okarche	35.724871	-97.975675
Okay	35.865019	-95.307735
Okeene	36.117076	-98.316734
Okemah	35.429269	-96.300309
Oklahoma City	35.467079	-97.513657
Okmulgee	35.625162	-95.954032
Oktaha	35.577489	-95.477892
Old Eucha	36.355135	-94.937907
Old Green	35.98533	-94.608227
Olive	36.02382	-96.481544
Olustee	34.547754	-99.424066
Oologah	36.443778	-95.708911
Optima	36.761275	-101.349203
Orlando	36.148356	-97.374844
Osage	36.295702	-96.417211
Owasso	36.287217	-95.835365
Paden	35.508363	-96.567089
Panama	35.171182	-94.668428
Panola	34.922121	-95.208671
Paoli	34.827046	-97.262269
Paradise Hill	35.607345	-95.07309
Park Hill	35.834444	-94.972077
Pauls Valley	34.710206	-97.224027
Pawhuska	36.669064	-96.331216
Pawnee	36.35148	-96.800504
Peavine	35.900317	-94.606632
Peckham	36.886652	-97.178056
Peggs	36.067284	-95.071798
Pensacola	36.459227	-95.127764
Peoria	36.915563	-94.669552
Perkins	35.979763	-97.03129
Perry	36.280149	-97.30819
Pershing	36.590124	-96.273126
Pettit	35.773684	-94.976758
Phillips	34.504221	-96.222227
Pickett	34.779506	-96.775519
Piedmont	35.674845	-97.753508
Piney	35.890519	-94.555943
Pinhook Corner	35.533147	-94.891677
Pink	35.232691	-97.100032
Pin Oak Acres	36.122561	-95.288859
Pittsburg	34.711636	-95.850183
Platter	33.907851	-96.533959
Pocasset	35.177995	-97.959187
Pocola	35.251531	-94.467919
Ponca City	36.721042	-97.068444
Pond Creek	36.667836	-97.80239
Pontotoc	34.488836	-96.629019
Porter	35.868409	-95.515954
Porum	35.357128	-95.26339
Poteau	35.06665	-94.610269
Prague	35.496803	-96.69987
Preston	35.711372	-95.988891
Proctor	35.980356	-94.736268
Prue	36.249422	-96.266523
Pryor Creek	36.299675	-95.311286
Pump Back	36.260656	-95.121073
Pumpkin Hollow	36.005973	-94.841439
Purcell	35.02366	-97.373675
Putnam	35.855908	-98.968223
Quapaw	36.949034	-94.786513
Quay	36.160699	-96.70827
Quinlan	36.456222	-99.045728
Quinton	35.12606	-95.366479
Ralston	36.503475	-96.73738
Ramona	36.537579	-95.926319
Randlett	34.177347	-98.463921
Ratliff City	34.452445	-97.517354
Rattan	34.19604	-95.404544
Ravia	34.241226	-96.756825
Reagan	34.344063	-96.713367
Redbird	35.887132	-95.587254
Redbird Smith	35.563929	-95.024055
Red Oak	34.951328	-95.079441
Red Rock	36.460071	-97.179608
Remy	35.46144	-94.499574
Renfrow	36.92484	-97.657048
Rentiesville	35.533543	-95.484796
Reydon	35.649812	-99.92361
Ringling	34.177257	-97.591474
Ringwood	36.383582	-98.239964
Ripley	36.01584	-96.903844
River Bottom	35.635741	-95.237836
Rock Island	35.184921	-94.482614
Rocky	35.156408	-99.059646
Rocky Ford	36.155773	-94.911016
Rocky Mountain	35.790288	-94.771297
Rocky Point	36.025606	-95.322084
Roff	34.628935	-96.841467
Roland	35.414074	-94.514853
Roosevelt	34.848278	-99.022335
Rose	36.212358	-95.038139
Rosedale	34.918875	-97.185071
Rosston	36.812897	-99.932746
Rush Springs	34.778857	-97.95731
Ryan	34.021415	-97.954152
St. Louis	35.081259	-96.859791
Salina	36.291629	-95.155423
Sallisaw	35.46036	-94.806617
Sams Corner	36.198319	-95.216708
Sand Hill	35.634262	-95.2012
Sand Point	33.960153	-96.571054
Sand Springs	36.136482	-96.13197
Sapulpa	36.004206	-96.123275
Sasakwa	34.946762	-96.52533
Savanna	34.837078	-95.833557
Sawyer	34.018708	-95.378474
Sayre	35.295653	-99.628239
Schulter	35.511268	-95.95654
Scipio	35.051296	-95.955577
Seiling	36.144651	-98.925437
Selman	36.801413	-99.489322
Seminole	35.234772	-96.649329
Sentinel	35.156979	-99.173463
Sequoyah	36.379744	-95.596839
Seward	35.796668	-97.486973
Shady Grove	35.948542	-95.095242
Shady Grove	35.468503	-95.411458
Shady Point	35.127606	-94.668555
Shamrock	35.910664	-96.577693
Sharon	36.275492	-99.338134
Shattuck	36.26497	-99.877431
Shawnee	35.369413	-96.956408
Shidler	36.780521	-96.659952
Short	35.568198	-94.495373
Silo	34.035744	-96.474467
Simms	35.39871	-95.164706
Skedee	36.380474	-96.703923
Skiatook	36.34654	-95.94536
Slaughterville	35.094631	-97.282809
Slick	35.778762	-96.264795
Smith Village	35.45079	-97.457006
Smithville	34.47276	-94.646471
Snake Creek	36.178558	-95.093714
Snyder	34.65541	-98.953394
Soper	34.032075	-95.696601
Sour John	35.620585	-95.143283
South Coffeyville	36.992089	-95.621838
Sparks	35.610915	-96.818516
Sparrowhawk	35.970552	-94.892782
Spaulding	35.013077	-96.440443
Spavinaw	36.393932	-95.050185
Spencer	35.510758	-97.371553
Sperry	36.297697	-95.995653
Spiro	35.240531	-94.624258
Sportmans Shores	36.464013	-95.0829
Sportsmen Acres	36.245577	-95.251695
Springer	34.29562	-97.11745
Steely Hollow	35.99169	-94.935948
Sterling	34.749393	-98.172507
Stidham	35.368643	-95.700754
Stigler	35.258881	-95.11685
Stillwater	36.131496	-97.074464
Stilwell	35.814716	-94.631569
Stonewall	34.649823	-96.526832
Stoney Point	35.564708	-94.676222
Strang	36.412259	-95.134738
Stratford	34.795314	-96.960497
Stringtown	34.4696	-96.055521
Strong City	35.66984	-99.600448
Stroud	35.768875	-96.65007
Stuart	34.901062	-96.099426
Sugden	34.08253	-97.978839
Sulphur	34.502141	-96.985193
Summit	35.669581	-95.420655
Sumner	36.318302	-97.117931
Sunray	34.409303	-97.954223
Sweetwater	35.415025	-99.920299
Swink	34.017272	-95.20179
Sycamore	36.399006	-94.714954
Taft	35.760334	-95.545985
Tagg Flats	36.338723	-94.903645
Tahlequah	35.910503	-94.97772
Talala	36.529498	-95.701067
Talihina	34.75284	-95.043566
Taloga	36.040236	-98.964039
Tamaha	35.398188	-95.014189
Tatums	34.477557	-97.464584
Taylor Ferry	35.934485	-95.305379
Tecumseh	35.264267	-96.933445
Temple	34.272116	-98.234568
Tenkiller	35.802534	-94.852314
Teresita	36.123037	-94.980356
Terlton	36.187621	-96.491817
Terral	33.896632	-97.938228
Texanna	35.357918	-95.511754
Texhoma	36.505405	-101.787387
Texola	35.222462	-99.992959
Thackerville	33.787525	-97.13918
The Village	35.570276	-97.557499
Thomas	35.745192	-98.745116
Tiawah	36.248285	-95.53619
Tipton	34.499357	-99.136278
Tishomingo	34.239048	-96.68242
Titanic	35.890698	-94.740643
Tonkawa	36.670589	-97.315028
Tonkawa Tribal Housing	36.669741	-97.266254
Toppers	35.966203	-95.319681
Tribbey	35.103791	-97.105602
Tryon	35.877055	-96.96959
Tullahassee	35.834812	-95.446942
Tulsa	36.127949	-95.902316
Tupelo	34.602685	-96.420791
Turley	36.246853	-95.966211
Turpin	36.870458	-100.882502
Tushka	34.318649	-96.167332
Tuskahoma	34.629729	-95.282605
Tuttle	35.313876	-97.753612
Twin Lakes	35.868492	-97.665038
Twin Oaks	36.197428	-94.837848
Tyrone	36.955669	-101.067992
Union City	35.399523	-97.906705
Utica	33.906613	-96.221735
Valley Brook	35.40267	-97.481423
Valley Park	36.278805	-95.735742
Valliant	34.007542	-95.084904
Vanoss	34.757816	-96.871209
Velma	34.456418	-97.663845
Vera	36.452641	-95.892914
Verden	35.083316	-98.086122
Verdigris	36.253523	-95.660442
Vernon	35.226515	-95.938588
Vian	35.50425	-94.969826
Vici	36.14881	-99.299433
Vinita	36.648772	-95.161001
Wagoner	35.965686	-95.377715
Wainwright	35.613519	-95.565562
Wakita	36.88186	-97.923948
Walters	34.358433	-98.356883
Wanette	34.962613	-97.031708
Wann	36.914701	-95.804716
Wapanucka	34.373472	-96.425128
Wardville	34.654646	-96.030893
Warner	35.491693	-95.308945
Warr Acres	35.526104	-97.618106
Warwick	35.690338	-97.005027
Washington	35.054686	-97.490731
Washita	35.104407	-98.341338
Watonga	35.847503	-98.402734
Watova	36.61972	-95.660449
Watts	36.106512	-94.573885
Wauhillau	35.861012	-94.75947
Waukomis	36.286102	-97.902729
Waurika	34.183747	-98.026293
Wayne	34.91691	-97.316523
Waynoka	36.582962	-98.87895
Weatherford	35.539026	-98.684994
Webb City	36.808308	-96.71331
Webbers Falls	35.517003	-95.164221
Welch	36.874408	-95.094399
Weleetka	35.34029	-96.135974
Welling	35.881053	-94.87032
Wellston	35.683851	-97.063415
Welty	35.62716	-96.417151
West Peavine	35.911493	-94.652781
Westport	36.193432	-96.337138
West Siloam Springs	36.175982	-94.598811
Westville	35.989661	-94.574665
Wetumka	35.241875	-96.236791
Wewoka	35.144068	-96.496775
Whippoorwill	36.912011	-96.127692
White Eagle	36.626662	-97.081228
Whitefield	35.254288	-95.244834
Whitehorn Cove	35.994857	-95.287289
White Oak	36.609145	-95.275453
Whitesboro	34.7047	-94.873497
White Water	36.50169	-94.728885
Wickliffe	36.312098	-95.10738
Wilburton	34.91845	-95.304015
Willow	35.051531	-99.509898
Wilson	34.168664	-97.425407
Winchester	35.790569	-95.998131
Wister	34.969743	-94.720638
Woodall	35.824573	-95.082349
Woodlawn Park	35.509629	-97.649868
Woodward	36.424832	-99.404726
Wright City	34.066286	-95.00701
Wyandotte	36.807143	-94.729305
Wynnewood	34.642789	-97.162467
Wynona	36.545789	-96.326351
Yale	36.115147	-96.701059
Yeager	35.156806	-96.339992
Yukon	35.518409	-97.766172
Zeb	35.796588	-95.055116
Zena	36.508375	-94.84813
Zion	35.787806	-94.642477
Adair Village	44.670721	-123.21601
Adams	45.766351	-118.564087
Adrian	43.740826	-117.070882
Albany	44.626928	-123.096741
Aloha	45.492047	-122.872543
Alpine	44.330261	-123.362845
Alsea	44.381815	-123.595831
Altamont	42.197846	-121.724797
Amity	45.116161	-123.199672
Annex	44.234248	-116.992408
Antelope	44.91126	-120.723581
Arlington	45.725317	-120.188954
Ashland	42.192216	-122.69825
Astoria	46.187375	-123.815073
Athena	45.813302	-118.492603
Aumsville	44.846171	-122.869871
Aurora	45.228317	-122.757227
Baker City	44.774886	-117.831986
Bandon	43.11469	-124.41552
Banks	45.614938	-123.107067
Barlow	45.252401	-122.72231
Barnesdale	45.64869	-123.854321
Barview	43.347917	-124.306543
Bay City	45.521061	-123.886126
Bayshore	44.440759	-124.081012
Bayside Gardens	45.714329	-123.916474
Beatty	42.44188	-121.271602
Beaver	45.27901	-123.824616
Beavercreek	45.281036	-122.50849
Beaver Marsh	43.136384	-121.804189
Beaverton	45.47783	-122.816902
Bellfountain	44.365424	-123.355855
Bend	44.056683	-121.307991
Bethany	45.561341	-122.836947
Biggs Junction	45.663971	-120.839157
Black Butte Ranch	44.364176	-121.668579
Blodgett	44.59698	-123.521026
Bly	42.391666	-121.043455
Boardman	45.836507	-119.692793
Bonanza	42.200317	-121.406675
Boring	45.431266	-122.372496
Brogan	44.247544	-117.518669
Brookings	42.072408	-124.304909
Brooks	45.050852	-122.957438
Brownsville	44.392189	-122.983287
Bull Mountain	45.41259	-122.831994
Bunker Hill	43.34737	-124.212329
Burns	43.588281	-119.06129
Butte Falls	42.54141	-122.56908
Butteville	45.252414	-122.834472
Camp Sherman	44.449305	-121.649605
Canby	45.26509	-122.688395
Cannon Beach	45.888053	-123.960107
Canyon City	44.39301	-118.949485
Canyonville	42.927297	-123.27889
Cape Meares	45.526653	-123.951786
Carlton	45.294505	-123.175373
Cascade Locks	45.676045	-121.868706
Cascadia	44.393003	-122.50264
Cave Junction	42.166664	-123.648096
Cayuse	45.676497	-118.5735
Cedar Hills	45.504435	-122.80655
Cedar Mill	45.535475	-122.80064
Central Point	42.376382	-122.910736
Chemult	43.215056	-121.785013
Chenoweth	45.616403	-121.234279
Cherry Grove	45.450705	-123.248126
Cheshire	44.190134	-123.283391
Chiloquin	42.576417	-121.867752
Clatskanie	46.104628	-123.204491
Cloverdale	45.200608	-123.884165
Coburg	44.138481	-123.056977
Columbia City	45.897546	-122.812402
Condon	45.236554	-120.185926
Coos Bay	43.381126	-124.232597
Coquille	43.180331	-124.184163
Cornelius	45.518929	-123.05097
Corvallis	44.569949	-123.278285
Cottage Grove	43.795891	-123.057228
Cove	45.296426	-117.8102
Crabtree	44.637638	-122.905948
Crane	43.417916	-118.587477
Crawfordsville	44.356077	-122.864927
Crescent	43.453446	-121.699734
Crescent Lake	43.509612	-121.935345
Creswell	43.922625	-123.014001
Crooked River Ranch	44.424179	-121.275717
Culver	44.523371	-121.211017
Dallas	44.922071	-123.312874
Damascus	45.426416	-122.442992
Days Creek	42.970493	-123.165742
Dayton	45.21985	-123.078093
Dayville	44.466761	-119.53222
Deer Island	45.932994	-122.849762
Depoe Bay	44.809106	-124.059688
Deschutes River Woods	43.987447	-121.359101
Detroit	44.733778	-122.151664
Dexter	43.922266	-122.827663
Dillard	43.108239	-123.426192
Dilley	45.491714	-123.12227
Donald	45.221483	-122.837818
Drain	43.662314	-123.314309
Dufur	45.453077	-121.12875
Dundee	45.275798	-123.007417
Dunes City	43.910475	-124.091082
Dunthorpe	45.440911	-122.659058
Durham	45.394459	-122.757985
Eagle Crest	44.26142	-121.29955
Eagle Point	42.467688	-122.801593
Echo	45.743096	-119.191832
Elgin	45.564655	-117.92127
Elkton	43.637429	-123.569148
Elmira	44.07146	-123.35706
Enterprise	45.425772	-117.278809
Eola	44.931237	-123.120718
Estacada	45.298199	-122.332394
Eugene	44.056848	-123.119019
Fair Oaks	43.410894	-123.219492
Fairview	45.547585	-122.436823
Fairview	45.458328	-123.792589
Falcon Heights	42.131365	-121.756612
Falls City	44.864785	-123.437554
Florence	43.991632	-124.106456
Foots Creek	42.388135	-123.140951
Forest Grove	45.524781	-123.10991
Fort Hill	45.067025	-123.56051
Fort Klamath	42.704957	-121.994258
Fossil	44.998072	-120.214642
Four Corners	44.929104	-122.973175
Garden Home-Whitford	45.46336	-122.760775
Gardiner	43.732721	-124.106808
Garibaldi	45.560783	-123.91135
Gaston	45.43488	-123.14506
Gates	44.756008	-122.420127
Gearhart	46.031719	-123.918479
Gervais	45.108038	-122.896426
Gilchrist	43.478489	-121.69387
Gladstone	45.38565	-122.592827
Glasgow	43.437656	-124.195126
Glendale	42.738052	-123.429355
Glide	43.291881	-123.073619
Gold Beach	42.413297	-124.422162
Gold Hill	42.435789	-123.05264
Gopher Flats	45.665942	-118.722499
Government Camp	45.302233	-121.752589
Grand Ronde	45.073843	-123.621044
Granite	44.810265	-118.419242
Grants Pass	42.432313	-123.331772
Grass Valley	45.359058	-120.784166
Green	43.151399	-123.387402
Greenhorn	44.708716	-118.496741
Green Meadows	45.613003	-118.800007
Gresham	45.502319	-122.441609
Haines	44.912272	-117.939552
Halfway	44.878023	-117.109699
Halsey	44.382845	-123.109487
Happy Valley	45.436027	-122.510132
Harbor	42.036734	-124.252045
Harper	43.856971	-117.626545
Harrisburg	44.270278	-123.162583
Hayesville	44.979282	-122.973726
Hebo	45.226003	-123.858629
Heceta Beach	44.024236	-124.117826
Helix	45.850648	-118.65905
Heppner	45.352941	-119.560545
Hermiston	45.832934	-119.285194
Hillsboro	45.526798	-122.935395
Hines	43.557358	-119.081951
Holley	44.348986	-122.785581
Hood River	45.709115	-121.526019
Hubbard	45.181472	-122.808324
Huntington	44.350086	-117.266763
Idanha	44.70152	-122.083188
Idaville	45.509725	-123.863276
Imbler	45.462114	-117.963193
Independence	44.857805	-123.197722
Ione	45.50291	-119.821972
Irrigon	45.89507	-119.488758
Island City	45.335842	-118.049176
Jacksonville	42.312632	-122.969169
Jasper	43.98698	-122.916348
Jeffers Gardens	46.151755	-123.852082
Jefferson	44.716554	-123.005969
Jennings Lodge	45.393518	-122.615453
John Day	44.418121	-118.956296
Johnson City	45.404217	-122.578222
Jordan Valley	42.979333	-117.057442
Joseph	45.352531	-117.230358
Junction City	44.21191	-123.200151
Juniper Canyon	44.199775	-120.746693
Juntura	43.748684	-118.078841
Keizer	45.002971	-123.024491
Keno	42.131126	-121.928289
Kerby	42.199844	-123.645659
King City	45.401189	-122.806943
Kings Valley	44.698503	-123.426859
Kirkpatrick	45.679586	-118.649878
Klamath Falls	42.218845	-121.778718
Knappa	46.170814	-123.579823
Labish Village	45.019095	-122.973569
Lacomb	44.584365	-122.741669
Lafayette	45.246856	-123.111899
La Grande	45.324471	-118.086891
Lake Oswego	45.413551	-122.700007
Lakeside	43.584498	-124.171932
Lakeview	42.191438	-120.352536
Langlois	42.925901	-124.453177
La Pine	43.68685	-121.485315
Lebanon	44.530982	-122.908081
Lexington	45.44616	-119.687952
Lincoln Beach	44.873179	-124.031435
Lincoln City	44.977881	-124.006054
Lonerock	45.088722	-119.884125
Long Creek	44.714152	-119.104245
Lookingglass	43.184802	-123.499903
Lostine	45.486703	-117.429466
Lowell	43.920071	-122.781752
Lyons	44.779255	-122.611833
McKay	45.492346	-118.68418
McMinnville	45.211047	-123.191822
Madras	44.663897	-121.160438
Malin	42.013367	-121.409744
Manzanita	45.716584	-123.935073
Mapleton	44.033416	-123.86483
Marcola	44.175058	-122.858162
Marion	44.75125	-122.927723
Marlene Village	45.517297	-122.819938
Maupin	45.170708	-121.088391
Maywood Park	45.552517	-122.561778
Meacham	45.523066	-118.439518
Medford	42.336893	-122.851768
Mehama	44.791246	-122.628424
Melrose	43.252861	-123.457458
Merlin	42.519934	-123.432297
Merrill	42.026015	-121.60085
Metolius	44.587479	-121.175989
Metzger	45.449304	-122.762071
Mill City	44.752002	-122.477004
Millersburg	44.678867	-123.072469
Milton-Freewater	45.933993	-118.390968
Milwaukie	45.444835	-122.620848
Mission	45.658566	-118.665527
Mitchell	44.573695	-120.152883
Molalla	45.149348	-122.584865
Monmouth	44.851316	-123.228603
Monroe	44.316948	-123.298903
Monument	44.820795	-119.420885
Moro	45.483752	-120.733315
Mosier	45.685038	-121.398216
Mount Angel	45.069535	-122.797219
Mount Hood	45.533898	-121.566214
Mount Hood Villages	45.323984	-121.990453
Mount Vernon	44.416897	-119.113174
Mulino	45.222006	-122.557242
Myrtle Creek	43.024065	-123.27835
Myrtle Point	43.06268	-124.13308
Neahkahnie	45.732341	-123.939798
Nehalem	45.719528	-123.894023
Neotsu	44.996052	-123.977634
Nesika Beach	42.507694	-124.40224
Neskowin	45.120823	-123.976305
Netarts	45.435624	-123.934386
Newberg	45.307236	-122.960176
New Hope	42.36929	-123.35895
New Pine Creek	42.00144	-120.304294
Newport	44.621411	-124.043824
North Bend	43.407163	-124.234483
North Plains	45.597475	-122.994719
North Powder	45.030008	-117.9204
Nyssa	43.87788	-116.9956
Oak Grove	45.412653	-122.634446
Oak Hills	45.540399	-122.841285
Oakland	43.422998	-123.297168
Oakridge	43.745052	-122.465026
Oatfield	45.412539	-122.594086
O'Brien	42.079926	-123.704571
Oceanside	45.454901	-123.961265
Ochoco West	44.403269	-120.92083
Odell	45.635462	-121.552231
Ontario	44.025047	-116.978769
Oregon City	45.341314	-122.592327
Oregon Shores	42.538031	-121.920711
Orient	45.4694	-122.354978
Pacific City	45.205273	-123.954237
Paisley	42.692535	-120.545275
Parkdale	45.513042	-121.592076
Pendleton	45.675629	-118.819733
Peoria	44.450749	-123.204252
Philomath	44.541973	-123.359527
Phoenix	42.274837	-122.815295
Pilot Rock	45.492793	-118.830157
Pine Grove	45.11351	-121.355334
Pine Hollow	45.235235	-121.283705
Pistol River	42.287853	-124.398775
Pleasant Valley	45.376125	-123.795172
Plush	42.405043	-119.899312
Portland	45.536951	-122.649971
Port Orford	42.749276	-124.498118
Powers	42.885003	-124.076248
Prairie City	44.461101	-118.70938
Prescott	46.047605	-122.887077
Prineville	44.29854	-120.860718
Prineville Lake Acres	44.167579	-120.788884
Pronghorn	44.188124	-121.181724
Prospect	42.754675	-122.471115
Rainier	46.071388	-122.941401
Raleigh Hills	45.485095	-122.756678
Redmond	44.260694	-121.182425
Redwood	42.42091	-123.392828
Reedsport	43.698854	-124.111918
Rhododendron	45.305321	-121.847917
Richland	44.769508	-117.168576
Rickreall	44.931926	-123.234362
Riddle	42.954177	-123.364485
Rivergrove	45.385167	-122.733525
River Point	46.144397	-123.80488
River Road	44.083591	-123.132123
Riverside	45.676815	-118.736816
Rockaway Beach	45.617027	-123.938885
Rockcreek	45.552516	-122.875945
Rocky Point	42.433579	-122.118865
Rogue River	42.435534	-123.168226
Roseburg	43.223604	-123.352037
Roseburg North	43.269577	-123.34746
Rose Lodge	45.018708	-123.888223
Rowena	45.670108	-121.274947
Ruch	42.231368	-123.040322
Rufus	45.689049	-120.746072
Running Y Ranch	42.273266	-121.874966
St. Helens	45.856821	-122.816279
St. Paul	45.212249	-122.977166
Salem	44.9239	-123.023007
Sandy	45.398073	-122.268802
San Marine	44.35473	-124.093996
Santa Clara	44.115022	-123.134283
Saunders Lake	43.519681	-124.211737
Scappoose	45.758079	-122.873097
Scio	44.704284	-122.851065
Scotts Mills	45.04103	-122.668923
Seaside	45.989019	-123.920958
Selma	42.279724	-123.615063
Seneca	44.135219	-118.97627
Seventh Mountain	44.004302	-121.383738
Shady Cove	42.605321	-122.819377
Shaniko	45.003653	-120.752151
Shedd	44.457955	-123.111911
Sheridan	45.095933	-123.398088
Sherwood	45.35945	-122.842392
Siletz	44.721834	-123.9187
Silver Lake	43.12639	-121.049471
Silverton	45.003391	-122.780928
Sisters	44.292382	-121.552975
Sodaville	44.483042	-122.869078
South Lebanon	44.506392	-122.900579
Sportsmans Park	45.219499	-121.39562
Sprague River	42.456624	-121.502141
Spray	44.833108	-119.794149
Springfield	44.053777	-122.981113
Stafford	45.382617	-122.676463
Stanfield	45.782259	-119.21613
Stayton	44.805514	-122.799814
Sublimity	44.829407	-122.792302
Summerville	45.489708	-118.004065
Summit	44.636046	-123.576709
Sumpter	44.743547	-118.197461
Sunriver	43.882123	-121.434971
Sutherlin	43.386245	-123.322673
Svensen	46.156421	-123.655415
Sweet Home	44.404011	-122.7015
Takilma	42.040835	-123.622313
Talent	42.240464	-122.781158
Tangent	44.547613	-123.110798
Terrebonne	44.353349	-121.18083
Tetherow	44.038944	-121.366544
The Dalles	45.598386	-121.152411
Three Rivers	43.836558	-121.46463
Tigard	45.422921	-122.784388
Tillamook	45.456124	-123.833147
Toledo	44.619748	-123.933704
Trail	42.666479	-122.812825
Trent	43.943618	-122.857848
Tri-City	42.989349	-123.299866
Troutdale	45.53922	-122.392673
Tualatin	45.376858	-122.774679
Tumalo	44.156065	-121.327985
Turner	44.848455	-122.951336
Tutuilla	45.614178	-118.706494
Tygh Valley	45.241802	-121.169278
Ukiah	45.134673	-118.933189
Umapine	45.975929	-118.500938
Umatilla	45.917612	-119.331979
Union	45.208913	-117.867864
Unity	44.451573	-118.186298
Vale	43.983941	-117.242119
Veneta	44.04715	-123.351335
Vernonia	45.864032	-123.183624
Waldport	44.418366	-124.066234
Wallowa	45.57035	-117.528575
Wallowa Lake	45.300501	-117.215248
Wamic	45.225619	-121.292667
Warm Springs	44.791278	-121.247653
Warren	45.816024	-122.882741
Warrenton	46.173097	-123.92971
Wasco	45.591657	-120.697464
Waterloo	44.494663	-122.824265
Wedderburn	42.434187	-124.420148
Westfir	43.757892	-122.503083
West Haven-Sylvan	45.516439	-122.765448
West Linn	45.366592	-122.6389
Weston	45.814708	-118.425547
Westport	46.130373	-123.37144
West Scio	44.709831	-122.88122
West Slope	45.496229	-122.773018
Wheeler	45.687317	-123.887071
White City	42.431667	-122.832231
Willamina	45.078649	-123.48487
Williams	42.219433	-123.292208
Wilsonville	45.311262	-122.77092
Wimer	42.552527	-123.145949
Winchester Bay	43.669982	-124.186938
Winston	43.120109	-123.424531
Woodburn	45.147266	-122.860401
Wood Village	45.535789	-122.420493
Yachats	44.311758	-124.101392
Yamhill	45.34083	-123.184471
Yoncalla	43.600247	-123.292372
Aaronsburg	40.904233	-77.451316
Aaronsburg	40.010823	-80.000926
Abbottstown	39.881766	-76.992777
Ackermanville	40.83404	-75.226474
Acosta	40.109981	-79.069856
Adamsburg	40.312434	-79.654279
Adamstown	40.244477	-76.064701
Adamsville	41.511107	-80.371471
Addison	39.745247	-79.334349
Akron	40.157809	-76.203373
Alba	41.705934	-76.827636
Albion	41.890023	-80.36478
Albrightsville	41.01168	-75.606829
Alburtis	40.506632	-75.600226
Aldan	39.92241	-75.288119
Alexandria	40.558438	-78.099883
Alfarata	40.661867	-77.455851
Aliquippa	40.615827	-80.255162
Alleghenyville	40.234057	-75.97757
Allenport	40.367646	-77.874092
Allenport	40.088805	-79.859395
Allensville	40.529336	-77.811249
Allentown	40.593648	-75.478393
Allenwood	41.108096	-76.898157
Allison	39.985305	-79.873134
Allison Park	40.573012	-79.96027
Allport	40.966539	-78.204948
Almedia	41.014286	-76.384604
Alsace Manor	40.397188	-75.855654
Altamont	40.784965	-76.216932
Altoona	40.508052	-78.401114
Alverda	40.634542	-78.858396
Ambler	40.156385	-75.221532
Ambridge	40.591646	-80.226911
Ambridge Heights	40.592832	-80.214116
Amity Gardens	40.269351	-75.730789
Ancient Oaks	40.536139	-75.58578
Andalusia	40.068274	-74.972149
Annville	40.332505	-76.507684
Apollo	40.585004	-79.564677
Applewold	40.808227	-79.522029
Arcadia University	40.091545	-75.165241
Archbald	41.506438	-75.550459
Ardmore	40.003242	-75.294739
Arendtsville	39.923308	-77.299862
Aristes	40.814382	-76.33677
Arlington Heights	41.000062	-75.208272
Armagh	40.453632	-79.032451
Arnold	40.578916	-79.765293
Arnold City	40.117314	-79.822597
Arnot	41.661573	-77.12216
Arona	40.268182	-79.655373
Ashland	40.781106	-76.345046
Ashley	41.212727	-75.899363
Ashville	40.560018	-78.547344
Aspers	39.978659	-77.227331
Aspinwall	40.492789	-79.90306
Atglen	39.947508	-75.974987
Athens	41.937461	-76.513961
Atkinson Mills	40.449273	-77.803428
Atlantic	41.505256	-80.340579
Atlas	40.797422	-76.42833
Atlasburg	40.343541	-80.380339
Atwood	40.751483	-79.252111
Auburn	40.595403	-76.097239
Audubon	40.13034	-75.42802
Austin	41.637306	-78.090335
Avalon	40.501162	-80.068531
Avella	40.273657	-80.467216
Avis	41.185691	-77.316486
Avoca	41.338182	-75.742232
Avon	40.342605	-76.379283
Avondale	39.826215	-75.781343
Avonia	42.048505	-80.28361
Avonmore	40.52715	-79.469786
Baden	40.639695	-80.222537
Baidland	40.188737	-79.954985
Baileyville	40.712067	-77.996053
Bainbridge	40.089845	-76.655069
Bairdford	40.627904	-79.881254
Bakerstown	40.65377	-79.939457
Bala Cynwyd	40.011608	-75.227892
Bald Eagle	40.719476	-78.187234
Baldwin	40.380642	-79.945203
Bally	40.400447	-75.587617
Bangor	40.867969	-75.208481
Barkeyville	41.196557	-79.982568
Barrville	40.668232	-77.682222
Bath	40.729195	-75.390593
Baumstown	40.277284	-75.81188
Beallsville	40.061904	-80.030231
Bear Creek Village	41.186018	-75.753988
Bear Lake	41.993404	-79.501342
Bear Rocks	40.127496	-79.463621
Beaver	40.693538	-80.307582
Beaverdale	40.325973	-78.698031
Beaver Falls	40.759401	-80.322551
Beaver Meadows	40.929892	-75.913105
Beaver Springs	40.744823	-77.216216
Beavertown	40.373605	-78.237108
Beavertown	40.749664	-77.170985
Bechtelsville	40.370158	-75.630835
Bedford	40.015115	-78.503017
Beech Creek	41.072748	-77.580412
Beech Mountain Lakes	41.043799	-75.931813
Belfast	40.782132	-75.2743
Bell Acres	40.589779	-80.173782
Bellefonte	40.914213	-77.768197
Belle Vernon	40.123488	-79.862037
Belleville	40.606583	-77.719782
Bellevue	40.49395	-80.055342
Bellwood	40.600677	-78.333271
Belmont	40.281262	-78.884561
Belsano	40.519833	-78.871136
Ben Avon	40.505159	-80.082138
Ben Avon Heights	40.512545	-80.073081
Bendersville	39.981276	-77.249315
Benson	40.202742	-78.929348
Bentleyville	40.117846	-80.00442
Benton	41.195691	-76.384254
Berlin	39.921523	-78.950859
Bernville	40.433758	-76.111172
Berrysburg	40.602935	-76.810105
Berwick	41.05499	-76.25101
Berwyn	40.038794	-75.442087
Bessemer	40.977156	-80.488722
Bethany	41.614398	-75.288511
Bethel	40.476483	-76.28797
Bethel Park	40.323803	-80.036421
Bethlehem	40.626424	-75.367898
Beurys Lake	40.717827	-76.379918
Big Bass Lake	41.249749	-75.479672
Big Beaver	40.82264	-80.357679
Bigler	40.987489	-78.309334
Biglerville	39.929513	-77.246842
Big Run	40.970657	-78.877426
Birchwood Lakes	41.250911	-74.910728
Bird-in-Hand	40.036657	-76.189542
Birdsboro	40.262329	-75.810113
Birmingham	40.647154	-78.195685
Black Lick	40.469136	-79.188058
Blain	40.336518	-77.512368
Blain City	40.756883	-78.53111
Blaine Hill	40.274086	-79.874456
Blairsville	40.43249	-79.259881
Blakely	41.485933	-75.601255
Blanchard	41.067043	-77.605916
Blandburg	40.683698	-78.415837
Blandon	40.44515	-75.879451
Blawnox	40.493302	-79.859344
Bloomfield	40.418871	-77.188969
Blooming Glen	40.368067	-75.240482
Blooming Valley	41.677013	-80.030887
Bloomsburg	41.002717	-76.45658
Blossburg	41.679525	-77.068951
Blue Ball	40.111297	-76.055148
Blue Bell	40.147352	-75.26868
Blue Knob	40.352891	-78.553228
Blue Ridge Summit	39.725562	-77.468754
Boalsburg	40.777966	-77.774364
Bobtown	39.760344	-79.984788
Boiling Springs	40.159332	-77.139919
Bolivar	40.395006	-79.152089
Bonneauville	39.810426	-77.13626
Boothwyn	39.835656	-75.445331
Boston	40.311678	-79.823518
Boswell	40.161484	-79.027467
Bowers	40.485917	-75.74323
Bowmanstown	40.801445	-75.661116
Bowmansville	40.20173	-76.02103
Boyers	41.107485	-79.900879
Boyertown	40.33233	-75.637478
Brackenridge	40.607982	-79.740016
Braddock	40.401736	-79.868622
Braddock Hills	40.41456	-79.861273
Bradenville	40.323621	-79.340254
Bradford	41.960963	-78.64088
Bradford Woods	40.636949	-80.0809
Branchdale	40.673193	-76.32223
Brandonville	40.860056	-76.168887
Brave	39.725568	-80.260241
Breinigsville	40.538903	-75.634783
Brentwood	40.373378	-79.975784
Bressler	40.231928	-76.818973
Briar Creek	41.049239	-76.284018
Brickerville	40.226828	-76.286485
Bridgeport	40.104072	-75.34355
Bridgeville	40.358204	-80.10755
Bridgewater	40.705077	-80.30041
Brisbin	40.838548	-78.351235
Bristol	40.102767	-74.852347
Brittany Farms-The Highlands	40.268509	-75.216644
Broad Top City	40.20118	-78.140563
Brockton	40.750778	-76.06761
Brockway	41.247102	-78.792415
Brodheadsville	40.928446	-75.401855
Brookhaven	39.871096	-75.391253
Brooks Mill	40.373774	-78.423428
Brookville	41.161676	-79.082652
Broomall	39.968823	-75.354127
Browndale	41.654934	-75.455745
Brownstown	40.333357	-78.937286
Brownstown	40.127126	-76.21818
Brownsville	40.018865	-79.890016
Browntown	41.313869	-75.782666
Bruin	41.05439	-79.727301
Bryn Athyn	40.141067	-75.067401
Bryn Mawr	40.020824	-75.316167
Buckhorn	41.020442	-76.493202
Buck Run	40.706754	-76.32123
Buena Vista	40.277723	-79.80049
Buffington	39.929961	-79.839149
Bulger	40.376643	-80.322993
Bunola	40.233582	-79.950497
Burgettstown	40.381293	-80.392613
Burlington	41.784063	-76.607272
Burnham	40.634293	-77.562995
Burnside	40.812405	-78.798048
Burnt Cabins	40.077953	-77.8981
Butler	40.861554	-79.89617
Byrnedale	41.292712	-78.502276
Cairnbrook	40.124587	-78.818938
California	40.066665	-79.91198
Callensburg	41.125741	-79.557713
Callery	40.739383	-80.037966
Callimont	39.801153	-78.921606
Caln	39.997115	-75.782896
Calumet	40.218902	-79.48919
Cambridge	40.08103	-75.943491
Cambridge Springs	41.801969	-80.059793
Campbelltown	40.276002	-76.582914
Camp Hill	40.242192	-76.9274
Canadohta Lake	41.811497	-79.835754
Canan Station	40.462742	-78.431957
Canoe Creek	40.473575	-78.278995
Canonsburg	40.264246	-80.186776
Canton	41.65711	-76.852662
Carbondale	41.571373	-75.504778
Carlisle	40.199994	-77.204149
Carlisle Barracks	40.209791	-77.172749
Carmichaels	39.897595	-79.974988
Carnegie	40.407987	-80.086037
Carnot-Moon	40.518718	-80.217742
Carrolltown	40.604512	-78.707012
Carroll Valley	39.750191	-77.386854
Carson Valley	40.449128	-78.448584
Casanova	40.955618	-78.158465
Cashtown	39.884405	-77.350746
Cassandra	40.408604	-78.640744
Casselman	39.885407	-79.21065
Cassville	40.292836	-78.02723
Castanea	41.11712	-77.426972
Castle Shannon	40.366424	-80.019461
Catasauqua	40.653828	-75.461037
Catawissa	40.95311	-76.459943
Cecil-Bishop	40.318488	-80.191902
Cedar Crest	40.396593	-77.885703
Cementon	40.687474	-75.517773
Centerport	40.485895	-76.004376
Centerville	41.738881	-79.761018
Centerville	40.032477	-79.95948
Central City	40.109617	-78.804318
Centralia	40.804486	-76.344007
Centre Hall	40.844743	-77.685072
Cetronia	40.585675	-75.543838
Chadds Ford	39.875949	-75.608223
Chalfant	40.410124	-79.838594
Chalfont	40.288978	-75.209591
Chalkhill	39.847801	-79.618245
Chambersburg	39.931433	-77.655642
Chapman	40.759951	-75.400558
Charleroi	40.137859	-79.899756
Charlottsville	40.645655	-78.275434
Chase	41.28064	-75.964362
Cheltenham Village	40.063116	-75.09345
Cherry Tree	40.725747	-78.812492
Cherry Valley	41.159412	-79.801195
Cherryville	40.756581	-75.532524
Chester	39.845558	-75.371882
Chesterbrook	40.070357	-75.455128
Chester Heights	39.892551	-75.468956
Chester Hill	40.890972	-78.230665
Chestnut Hill	40.72279	-75.207232
Chest Springs	40.578082	-78.610521
Cheswick	40.543024	-79.800984
Chevy Chase Heights	40.64037	-79.14562
Chewton	40.897578	-80.318456
Cheyney University	39.934245	-75.530595
Chicora	40.952507	-79.73905
Chinchilla	41.485848	-75.666462
Christiana	39.954504	-75.997346
Church Hill	40.692602	-77.59491
Churchill	40.438847	-79.84159
Churchtown	40.139327	-75.95321
Churchville	40.19451	-75.001775
Clairton	40.296656	-79.889026
Clappertown	40.402729	-78.277756
Clarence	41.046331	-77.950301
Clarendon	41.780615	-79.094008
Clarion	41.209445	-79.380087
Clark	41.287725	-80.404732
Clarks Green	41.500913	-75.695315
Clarks Summit	41.490237	-75.706509
Clarksville	39.974396	-80.043902
Clay	40.219045	-76.239033
Claysburg	40.291448	-78.451419
Claysville	40.120644	-80.413275
Clearfield	41.021498	-78.439398
Clearville	39.918796	-78.383788
Cleona	40.338511	-76.477093
Clifton Heights	39.93015	-75.295827
Clinton	40.492265	-80.296995
Clinton	40.706199	-79.591713
Clintondale	41.01849	-77.520788
Clintonville	41.201025	-79.874512
Clymer	40.668502	-79.013605
Coal Center	40.070033	-79.901166
Coaldale	40.167359	-78.21661
Coaldale	40.81974	-75.916102
Coalmont	40.21121	-78.199977
Coalport	40.746364	-78.529652
Coatesville	39.985152	-75.819
Coburn	40.86612	-77.463863
Cochranton	41.519097	-80.046991
Cochranville	39.888614	-75.92981
Cokeburg	40.099954	-80.065513
Collegeville	40.186865	-75.457519
Collingdale	39.915065	-75.27763
Collinsburg	40.220942	-79.781219
Colonial Park	40.298695	-76.806994
Colony Park	40.349196	-75.9798
Columbia	40.034855	-76.495889
Columbus	41.947907	-79.583235
Colver	40.542658	-78.789158
Colwyn	39.911809	-75.253077
Commodore	40.715139	-78.934778
Conashaugh Lakes	41.304037	-74.992538
Conestoga	39.939755	-76.336045
Confluence	39.809904	-79.355905
Conneaut Lake	41.602677	-80.309411
Conneaut Lakeshore	41.619041	-80.312062
Conneautville	41.75776	-80.368638
Connellsville	40.015901	-79.58963
Connoquenessing	40.817417	-80.015151
Conshohocken	40.077219	-75.3041
Continental Courts	40.870533	-77.865723
Conway	40.666338	-80.240179
Conyngham	40.991236	-76.059854
Coopersburg	40.510368	-75.39192
Cooperstown	41.4998	-79.873626
Coplay	40.670709	-75.495547
Coral	40.503555	-79.175216
Coraopolis	40.514618	-80.161825
Cornwall	40.261093	-76.410952
Cornwells Heights	40.077065	-74.951649
Corry	41.928225	-79.63313
Corsica	41.181294	-79.202565
Cotton Town	40.279879	-78.481156
Coudersport	41.775844	-78.016038
Coulter	40.300059	-79.794091
Courtdale	41.284932	-75.914293
Cove Forge	40.479115	-78.173388
Crabtree	40.363841	-79.46949
Crafton	40.433301	-80.071133
Cranesville	41.902592	-80.33649
Creekside	40.681932	-79.193613
Crenshaw	41.251665	-78.754056
Cresson	40.462568	-78.586611
Cressona	40.630394	-76.193861
Cross Creek	40.326398	-80.409115
Cross Keys	40.445719	-78.429329
Cross Roads	39.820013	-76.572823
Crown	41.393939	-79.263766
Croydon	40.090348	-74.896679
Crucible	39.947936	-79.966613
Culp	40.582484	-78.263258
Cumbola	40.713801	-76.143184
Curryville	40.275932	-78.337961
Curtisville	40.649746	-79.849193
Curwensville	40.972882	-78.518619
Daisytown	40.320076	-78.903675
Dale	40.31218	-78.905062
Dallas	41.33152	-75.972862
Dallastown	39.899667	-76.640937
Dalmatia	40.648944	-76.904234
Dalton	41.53761	-75.73827
Danville	40.961676	-76.61204
Darby	39.920953	-75.261082
Darlington	40.810298	-80.423389
Dauberville	40.46076	-75.995109
Dauphin	40.368281	-76.930221
Davidsville	40.234795	-78.93563
Dawson	40.047175	-79.656942
Dayton	40.881195	-79.241127
Deemston	40.027272	-80.033355
Deer Lake	39.847251	-79.589543
Deer Lake	40.620874	-76.056838
Defiance	40.159907	-78.231776
Delano	40.840428	-76.067036
Delaware Water Gap	40.967874	-75.133837
Delmont	40.414408	-79.57289
Delta	39.726707	-76.327131
Denver	40.234122	-76.141163
Derry	40.333431	-79.301084
DeSales University	40.538224	-75.378114
Devon	40.048947	-75.426792
Dewart	41.109937	-76.870655
Dickson City	41.468349	-75.635816
Dillsburg	40.111524	-77.032508
Dilworthtown	39.901873	-75.571355
Distant	40.974232	-79.358261
Dixonville	40.71617	-79.010553
Donaldson	40.636341	-76.405873
Donegal	40.11202	-79.380772
Donora	40.179529	-79.862408
Dormont	40.394046	-80.037709
Dorneyville	40.576561	-75.51958
Dorseyville	40.579778	-79.889741
Douglassville	40.259899	-75.724228
Dover	40.003302	-76.848431
Downingtown	40.008289	-75.702163
Doylestown	40.314197	-75.127697
Dravosburg	40.350648	-79.890176
Drexel Hill	39.949498	-75.303876
Drifting	41.021688	-78.113974
Driftwood	41.343958	-78.122955
Dry Tavern	39.939872	-80.009525
Dryville	40.46166	-75.754753
Dublin	40.37692	-75.205948
DuBois	41.122269	-78.756154
Duboistown	41.223175	-77.037947
Dudley	40.205307	-78.178305
Dumb Hundred	40.317043	-78.410466
Dunbar	39.978297	-79.614665
Duncannon	40.395178	-77.02773
Duncansville	40.426307	-78.43026
Dunlevy	40.109575	-79.858756
Dunlo	40.293443	-78.717617
Dunmore	41.413984	-75.606253
Dunnstown	41.150071	-77.420699
Dupont	41.323776	-75.741921
Duquesne	40.373461	-79.850162
Duryea	41.35131	-75.776063
Dushore	41.526002	-76.398512
Eagle	40.076202	-75.684749
Eagle Creek	40.898834	-77.893495
Eagle Lake	41.280051	-75.472903
Eagles Mere	41.409845	-76.583089
Eagleview	40.059376	-75.680747
Eagleville	41.055987	-77.585317
Eagleville	40.159863	-75.408962
Earlston	40.004081	-78.373206
East Altoona	40.546917	-78.363634
East Bangor	40.880311	-75.186393
East Berlin	39.936829	-76.979459
East Berwick	41.069717	-76.217444
East Brady	40.981944	-79.610306
East Butler	40.878837	-79.847256
East Conemaugh	40.34763	-78.886072
East Earl	40.110171	-76.025953
East Freedom	40.355235	-78.430471
East Greenville	40.40572	-75.50596
East Lansdowne	39.943971	-75.2608
Eastlawn Gardens	40.748049	-75.284681
East McKeesport	40.384812	-79.807439
East Marianna	40.021608	-80.088321
Easton	40.685971	-75.218548
East Petersburg	40.10336	-76.349739
East Pittsburgh	40.396866	-79.8382
East Prospect	39.971008	-76.521404
East Rochester	40.698201	-80.268983
East Salem	40.608713	-77.23694
East Sharpsburg	40.334512	-78.37217
East Side	41.062383	-75.762173
East Smithfield	41.869101	-76.630551
East Stroudsburg	41.004877	-75.171457
East Uniontown	39.895986	-79.697595
Eastvale	40.76662	-80.314786
East Vandergrift	40.597437	-79.562908
East Washington	40.174435	-80.232436
East Waterford	40.371131	-77.604695
East York	39.968722	-76.675534
Eau Claire	41.136824	-79.798531
Ebensburg	40.48812	-78.726541
Economy	40.643656	-80.186297
Eddington	40.086492	-74.944534
Eddystone	39.854849	-75.337107
Edenborn	39.882069	-79.887664
Edenburg	40.565512	-75.959644
Edgewood	40.431295	-79.883964
Edgewood	40.788252	-76.578025
Edgeworth	40.554421	-80.192335
Edie	40.086322	-79.127898
Edinboro	41.874979	-80.124246
Edinburg	41.009048	-80.430318
Edwardsville	41.2602	-75.909888
Effort	40.941549	-75.437683
Egypt	40.685278	-75.533025
Ehrenfeld	40.375187	-78.77734
Eighty Four	40.177698	-80.130298
Elberta	40.512465	-78.324216
Elco	40.081825	-79.881678
Elderton	40.694547	-79.342075
Eldorado	40.481187	-78.439291
Eldred	41.956831	-78.38062
Elgin	41.907013	-79.746508
Elim	40.297248	-78.945469
Elizabeth	40.271554	-79.887153
Elizabethtown	40.153284	-76.598652
Elizabethville	40.547242	-76.815973
Elk Grove	41.306567	-76.408816
Elkins Park	40.077471	-75.128024
Elkland	41.989058	-77.314061
Ellport	40.861623	-80.262113
Ellsworth	40.105341	-80.022613
Ellwood City	40.861982	-80.282913
Elmora	40.603362	-78.74961
Elrama	40.251701	-79.924344
Elverson	40.153719	-75.830826
Elysburg	40.86799	-76.54916
Emeigh	40.696851	-78.78477
Emerald Lakes	41.084103	-75.413727
Emigsville	40.008019	-76.730281
Emlenton	41.180245	-79.70855
Emmaus	40.535188	-75.497883
Emporium	41.510411	-78.234035
Emsworth	40.510872	-80.096217
Englewood	40.781462	-76.24491
Enhaut	40.232425	-76.82539
Enlow	40.452255	-80.231739
Enola	40.290604	-76.935497
Enon Valley	40.855756	-80.456243
Ephrata	40.180851	-76.180184
Erie	42.116594	-80.073503
Ernest	40.678894	-79.165775
Espy	41.005039	-76.417222
Etna	40.495161	-79.949631
Evansburg	40.189785	-75.434052
Evans City	40.768498	-80.058366
Everett	40.010867	-78.355903
Everson	40.090648	-79.587044
Exeter	41.333177	-75.82115
Export	40.416912	-79.623063
Exton	40.029916	-75.633061
Eyers Grove	41.095493	-76.519614
Factoryville	41.559965	-75.782643
Fairchance	39.825088	-79.753998
Fairdale	39.893169	-79.966679
Fairfield	39.789001	-77.369819
Fairhope	40.115014	-79.838819
Fairless Hills	40.177667	-74.85096
Fairview	41.015595	-79.743151
Fairview	42.025458	-80.254725
Fairview-Ferndale	40.780601	-76.573967
Falls Creek	41.141959	-78.806947
Fallston	40.726792	-80.31375
Falmouth	40.129868	-76.702427
Farmersville	40.124234	-76.152095
Farmington	39.808181	-79.562942
Farrell	41.211094	-80.497338
Farwell	41.333176	-77.721297
Fawn Grove	39.731172	-76.452115
Fawn Lake Forest	41.51421	-75.054398
Faxon	41.255677	-76.977138
Fayette City	40.100691	-79.838348
Fayetteville	39.911433	-77.5651
Feasterville	40.154001	-74.991563
Fellsburg	40.184207	-79.826989
Felton	39.857115	-76.561135
Fenelton	40.872431	-79.728709
Ferndale	40.290549	-78.919817
Fernville	41.001972	-76.477437
Finleyville	40.252765	-80.002032
Fisherville	40.472598	-78.169775
Fivepointville	40.182712	-76.06328
Fleetwood	40.456503	-75.821579
Flemington	41.12719	-77.470232
Flinton	40.716081	-78.517887
Flourtown	40.1052	-75.206883
Flying Hills	40.277907	-75.913223
Folcroft	39.888246	-75.275774
Folsom	39.892381	-75.328666
Foot of Ten	40.418094	-78.461567
Force	41.25932	-78.50406
Ford City	40.769615	-79.532999
Ford Cliff	40.760813	-79.535765
Forest City	41.65269	-75.469231
Forest Hills	40.425081	-79.854465
Forest Lake	41.888208	-75.959355
Forestville	41.102059	-80.001436
Forestville	40.693791	-76.292597
Forksville	41.489613	-76.602841
Fort Fetter	40.430089	-78.404304
Fort Indiantown Gap	40.444367	-76.582102
Fort Loudon	39.921906	-77.907236
Fort Washington	40.140762	-75.192575
Forty Fort	41.280053	-75.87322
Foster Brook	41.983354	-78.602436
Fostoria	40.619152	-78.319666
Foundryville	41.076903	-76.234997
Fountain Hill	40.602814	-75.39608
Fountain Springs	40.772168	-76.328513
Foxburg	41.141527	-79.677846
Fox Chapel	40.525996	-79.888903
Fox Chase	40.394796	-75.96342
Frackville	40.783315	-76.232931
Frankfort Springs	40.481015	-80.442777
Franklin	40.342041	-78.883782
Franklin	41.38303	-79.832088
Franklin Forge	40.471052	-78.232055
Franklin Park	40.59212	-80.098726
Franklintown	40.076079	-77.029592
Frankstown	40.444473	-78.35581
Frazer	40.037433	-75.555541
Fredericksburg	40.310326	-78.286159
Fredericksburg	41.643775	-80.176448
Fredericksburg	40.444095	-76.437689
Fredericktown	40.001918	-80.009236
Fredonia	41.32191	-80.258067
Freeburg	40.762497	-76.940877
Freedom	40.685145	-80.253612
Freeland	41.021219	-75.896271
Freemansburg	40.628013	-75.339936
Freeport	40.686223	-79.682568
Frenchville	41.101712	-78.225241
Friedens	40.044868	-79.002767
Friedensburg	40.607789	-76.228379
Friendsville	41.917923	-76.047727
Friesville	40.294321	-78.463733
Frisco	40.851568	-80.268464
Frizzleburg	41.074025	-80.438923
Frystown	40.455364	-76.324736
Fullerton	40.630707	-75.480152
Galeton	41.734304	-77.643512
Gallitzin	40.480964	-78.554553
Ganister	40.473606	-78.226673
Gap	39.989889	-76.021247
Garden View	41.256525	-77.048135
Gardners	40.006422	-77.208255
Garrett	39.864384	-79.061847
Gastonville	40.26684	-80.009551
Geeseytown	40.451552	-78.343973
Geistown	40.293596	-78.8726
Genesee	41.991195	-77.865526
Geneva	41.562014	-80.225979
Georgetown	40.642105	-80.498668
Georgetown	39.9418	-76.08115
Georgetown	41.227067	-75.872243
Gettysburg	39.830597	-77.234147
Gibraltar	40.279424	-75.856308
Gibsonia	40.63223	-79.968348
Gilberton	40.795118	-76.223348
Gilbertsville	40.323041	-75.60863
Girard	42.004116	-80.319209
Girardville	40.792381	-76.282923
Glasgow	40.644495	-80.50767
Glassport	40.325814	-79.885985
Glenburn	41.516361	-75.724286
Glen Campbell	40.819747	-78.829639
Glendale	40.397878	-80.093156
Glendon	40.657583	-75.239993
Glenfield	40.522438	-80.14062
Glen Hope	40.803419	-78.492136
Glen Lyon	41.177434	-76.086538
Glenmoore	40.086138	-75.789022
Glenolden	39.899627	-75.291954
Glen Osborne	40.529812	-80.167075
Glen Richey	40.949492	-78.471407
Glen Rock	39.793501	-76.730704
Glenshaw	40.539072	-79.973472
Glenside	40.103249	-75.151877
Gold Key Lake	41.314261	-74.943506
Goldsboro	40.155731	-76.753323
Goodville	40.126901	-76.002655
Gordon	40.750116	-76.33993
Gordonville	40.021116	-76.136502
Gouglersville	40.270374	-76.01878
Gouldsboro	41.245668	-75.441703
Graceton	40.507104	-79.168713
Grampian	40.964421	-78.611703
Grantley	39.940052	-76.730972
Granville	40.55408	-77.615163
Grapeville	40.325272	-79.605972
Grassflat	41.007919	-78.108672
Gratz	40.607322	-76.715719
Gray	40.657622	-78.252075
Gray	40.133007	-79.092366
Grazierville	40.657549	-78.271345
Great Bend	41.97303	-75.745218
Greencastle	39.79067	-77.726674
Greenfields	40.363201	-75.956166
Green Hills	40.115418	-80.305354
Green Lane	40.336648	-75.471752
Greenock	40.313177	-79.804178
Greensboro	39.792124	-79.913032
Greensburg	40.311155	-79.544431
Greens Landing	41.936246	-76.545554
Green Tree	40.417056	-80.054317
Greenville	41.405074	-80.383809
Greenwood	40.537091	-78.354534
Grier City	40.826835	-76.057889
Grill	40.298614	-75.934664
Grindstone	40.021877	-79.823099
Grove City	41.157116	-80.088596
Guilford	39.917314	-77.599485
Guys Mills	41.631964	-79.976702
Halfway House	40.279622	-75.640538
Halifax	40.462859	-76.932499
Hallam	40.002431	-76.604163
Hallstead	41.961755	-75.747012
Hamburg	40.556225	-75.982357
Hamorton	39.867646	-75.65163
Hampton	39.924448	-77.049936
Hannasville	41.471796	-79.931372
Hanover	39.811756	-76.983605
Harford	41.781996	-75.706221
Harlansburg	41.018656	-80.184754
Harleigh	40.986229	-75.970333
Harleysville	40.278403	-75.387857
Harmonsburg	41.665533	-80.314191
Harmony	40.801349	-80.124921
Harrisburg	40.275891	-76.88502
Harrison City	40.354799	-79.650185
Harrisville	41.136407	-80.010746
Hartleton	40.900186	-77.156414
Hartstown	41.548474	-80.384564
Harveys Lake	41.364713	-76.044743
Harwick	40.556227	-79.805381
Hasson Heights	41.44862	-79.676595
Hastings	40.66475	-78.709317
Hatboro	40.17744	-75.105504
Hatfield	40.277095	-75.298872
Haverford College	40.009262	-75.307376
Hawk Run	40.924257	-78.20308
Hawley	41.475949	-75.175964
Hawthorn	41.020482	-79.283246
Haysville	40.526143	-80.154706
Hayti	39.986939	-75.844108
Hazen	40.81716	-80.247362
Hazleton	40.95047	-75.972509
Hebron	40.338927	-76.399676
Heckscherville	40.721041	-76.26686
Hegins	40.652375	-76.487552
Heidelberg	40.391467	-80.092179
Heidlersburg	39.947052	-77.149643
Heilwood	40.621874	-78.915191
Hellertown	40.581346	-75.337913
Hemlock Farms	41.315756	-75.04982
Hendersonville	40.300734	-80.158317
Henrietta	40.262502	-78.297711
Hereford	40.450942	-75.550389
Herminie	40.263225	-79.713603
Hermitage	41.229552	-80.440704
Herndon	40.712319	-76.852612
Hershey	40.28001	-76.644328
Hickory	40.295719	-80.305135
Hickory Hills	41.03441	-75.820554
Highland Park	40.621671	-77.570621
Highspire	40.20861	-76.785533
Hilldale	41.286895	-75.836058
Hiller	40.007769	-79.910027
Hillsville	41.011752	-80.49726
Hinkletown	40.145236	-76.120807
Hokendauqua	40.658455	-75.495219
Holiday Pocono	41.030757	-75.610698
Hollidaysburg	40.431099	-78.392963
Holters Crossing	40.971982	-77.72415
Homeacre-Lyndora	40.872097	-79.921114
Homer City	40.540735	-79.15995
Homestead	40.407278	-79.909894
Hometown	40.821581	-75.986552
Homewood	40.813337	-80.32944
Homewood at Martinsburg	40.304508	-78.332406
Honesdale	41.57571	-75.250769
Honey Brook	40.09358	-75.91075
Hookstown	40.598874	-80.47375
Hooversville	40.150459	-78.913303
Hop Bottom	41.703668	-75.765675
Hopeland	40.228784	-76.262375
Hopewell	40.135164	-78.265678
Hopwood	39.877285	-79.701732
Horsham	40.182544	-75.138657
Hostetter	40.263951	-79.397769
Houserville	40.826587	-77.822668
Houston	40.249451	-80.21113
Houtzdale	40.825074	-78.351013
Howard	41.011386	-77.657314
Hublersburg	40.960921	-77.609128
Hudson	41.277249	-75.831171
Hughestown	41.328927	-75.77003
Hughesville	41.239049	-76.725376
Hulmeville	40.143277	-74.906944
Hummelstown	40.265326	-76.712873
Hummels Wharf	40.831185	-76.842253
Hunker	40.204003	-79.615471
Hunterstown	39.884779	-77.154984
Huntingdon	40.498154	-78.007336
Hustontown	40.04831	-78.027422
Hyde	41.006957	-78.467848
Hyde Park	40.375785	-75.924057
Hyde Park	40.631645	-79.589328
Hydetown	41.651594	-79.72406
Hyndman	39.820893	-78.721491
Hyner	41.337455	-77.641831
Ickesburg	40.458691	-77.354115
Idaville	40.021563	-77.20623
Imperial	40.453677	-80.249934
Indiana	40.621954	-79.155283
Indian Lake	40.0418	-78.866871
Indian Mountain Lake	41.00031	-75.507524
Indian Rocks	41.372174	-75.322796
Industry	40.266539	-79.793128
Industry	40.656819	-80.41092
Ingram	40.444827	-80.068508
Inkerman	41.29688	-75.816608
Intercourse	40.03639	-76.105819
Iola	41.133818	-76.53069
Ironville	40.658574	-78.215678
Irvona	40.77383	-78.550269
Irwin	40.325063	-79.699757
Ivyland	40.207958	-75.073492
Jackson Center	41.273129	-80.13968
Jacksonville	40.992046	-77.633978
Jacksonville	40.56093	-79.30181
Jacksonwald	40.33109	-75.83613
Jacobus	39.882462	-76.712125
James City	41.615684	-78.847378
Jamestown	40.403691	-78.658825
Jamestown	41.484108	-80.437245
Jamison City	41.297298	-76.370313
Jeannette	40.327756	-79.613906
Jeddo	40.990351	-75.895809
Jefferson	39.93045	-80.057713
Jefferson	39.812348	-76.843033
Jefferson Hills	40.297236	-79.942469
Jenkintown	40.096296	-75.129753
Jennerstown	40.163279	-79.061039
Jermyn	41.527298	-75.545436
Jerome	40.213543	-78.980864
Jersey Shore	41.200731	-77.266569
Jerseytown	41.089035	-76.580154
Jessup	41.452222	-75.54128
Jim Thorpe	40.857215	-75.776338
Joffre	40.380891	-80.353172
Johnsonburg	41.492224	-78.678766
Johnstown	40.326132	-78.919139
Jonestown	41.126731	-76.309451
Jonestown	40.412972	-76.480726
Jugtown	40.33623	-78.326984
Julian	40.861484	-77.942857
Juniata Gap	40.551813	-78.433173
Juniata Terrace	40.585491	-77.578351
Kane	41.663008	-78.809016
Kapp Heights	40.899495	-76.808933
Karns City	40.996952	-79.726353
Karthaus	41.121974	-78.120602
Kelayres	40.900734	-76.004552
Kempton	40.628836	-75.855575
Kenhorst	40.306848	-75.943817
Kenilworth	40.224868	-75.634288
Kenmar	41.254525	-76.954959
Kennerdell	41.278697	-79.821951
Kennett Square	39.843841	-75.711296
Kerrtown	41.626643	-80.169107
Kersey	41.357261	-78.609208
Kimberton	40.132126	-75.573667
King of Prussia	40.096029	-75.379074
Kingston	41.264754	-75.886574
Kirkwood	39.847079	-76.083376
Kiskimere	40.619013	-79.585698
Kistler	40.377003	-77.865437
Kittanning	40.8287	-79.518688
Klahr	40.297763	-78.512951
Klingerstown	40.658894	-76.693058
Knox	41.234429	-79.536064
Knoxville	41.960452	-77.437917
Koppel	40.835927	-80.318307
Kratzerville	40.856055	-76.891172
Kreamer	40.798499	-76.973092
Kulpmont	40.795436	-76.472057
Kulpsville	40.243943	-75.340698
Kutztown	40.521313	-75.777288
Kutztown University	40.510369	-75.784397
Kylertown	40.998873	-78.167983
Laboratory	40.151392	-80.214708
Laceyville	41.645903	-76.158727
Laflin	41.289844	-75.79441
Lake Arthur Estates	40.961625	-80.148257
Lake City	42.017727	-80.346301
Lake Heritage	39.807872	-77.184177
Lake Latonka	41.281851	-80.185912
Lake Meade	39.984182	-77.037367
Lakemont	40.464225	-78.392763
Lakeside	41.862447	-75.648316
Lake Wallenpaupack Estates	41.363953	-75.32728
Lake Winola	41.515332	-75.848484
Lake Wynonah	40.591149	-76.170433
Lamar	41.010035	-77.523444
Lampeter	39.993628	-76.245295
Lancaster	40.042061	-76.30099
Landingville	40.623154	-76.122675
Landisburg	40.342981	-77.305618
Landisville	40.090065	-76.405324
Lanesboro	41.963682	-75.576164
Langeloth	40.36314	-80.413666
Langhorne	40.177453	-74.923416
Langhorne Manor	40.165957	-74.918253
Lansdale	40.241654	-75.281208
Lansdowne	39.940759	-75.27603
Lanse	40.961123	-78.115673
Lansford	40.833033	-75.884397
Laporte	41.417126	-76.492401
Larke	40.424916	-78.208624
Larksville	41.264013	-75.930896
Latrobe	40.312434	-79.382596
Lattimer	40.992925	-75.960661
Laureldale	40.389705	-75.913458
Laurel Lake	41.952673	-75.922572
Laurel Mountain	40.211168	-79.185012
Laurel Run	41.219459	-75.84461
Laurelton	40.878987	-77.204312
Laurys Station	40.723499	-75.543084
Lavelle	40.762314	-76.386879
Lawnton	40.265251	-76.79843
Lawrence	40.303102	-80.119608
Lawrence Park	42.150606	-80.022999
Lawrenceville	41.996136	-77.130392
Lawson Heights	40.293802	-79.387335
Leamersville	40.37427	-78.431336
Lebanon	40.341193	-76.422735
Lebanon South	40.328112	-76.406778
Leechburg	40.630442	-79.602156
Leeper	41.370455	-79.305587
Leesport	40.444433	-75.967191
Leetsdale	40.56389	-80.216015
Lehighton	40.827662	-75.716547
Leith-Hatfield	39.877217	-79.731331
Lemont	40.811936	-77.816177
Lemont Furnace	39.911058	-79.663031
Lemoyne	40.244217	-76.899119
Lenape Heights	40.763374	-79.521619
Lenhartsville	40.571275	-75.889719
Lenkerville	40.532687	-76.959428
Leola	40.092953	-76.188963
LeRaysville	41.837644	-76.173693
Level Green	40.390203	-79.721495
Levittown	40.152343	-74.85234
Lewisberry	40.135634	-76.860933
Lewisburg	40.964126	-76.889957
Lewis Run	41.867552	-78.654034
Lewistown	40.597229	-77.571516
Liberty	40.3217	-79.863158
Liberty	41.558497	-77.10552
Lightstreet	41.039781	-76.418697
Ligonier	40.24494	-79.237487
Lilly	40.424242	-78.620203
Lima	39.919449	-75.441534
Lime Ridge	41.026078	-76.350118
Lincoln	40.291407	-79.859919
Lincoln Park	40.314696	-75.988597
Lincoln University	39.806469	-75.927906
Lincolnville	41.790271	-79.839301
Linds Crossing	40.440108	-78.323273
Linesville	41.6564	-80.422396
Linglestown	40.34435	-76.794824
Linntown	40.956346	-76.900503
Linwood	39.825374	-75.425239
Lionville	40.053656	-75.644767
Lititz	40.153998	-76.304314
Little Britain	39.778999	-76.108668
Little Meadows	41.989031	-76.127729
Littlestown	39.745485	-77.085705
Liverpool	40.573461	-76.992598
Llewellyn	40.672411	-76.277632
Lock Haven	41.137115	-77.453239
Locustdale	40.778538	-76.373632
Locust Gap	40.769997	-76.440649
Loganton	41.034229	-77.302333
Loganville	39.855938	-76.707872
Long Branch	40.098348	-79.880078
Longfellow	40.506642	-77.665649
Loop	40.426292	-78.361865
Lorain	40.296033	-78.896074
Lorane	40.29422	-75.848207
Loretto	40.508398	-78.635148
Lower Allen	40.226748	-76.902769
Lower Burrell	40.58329	-79.718007
Loyalhanna	40.314436	-79.356094
Loysville	40.370249	-77.335423
Lucerne Mines	40.556545	-79.153895
Lumber City	40.657929	-77.601238
Luthersburg	41.049779	-78.713223
Luzerne	41.286856	-75.896836
Lykens	40.56411	-76.69838
Lynnwood-Pricedale	40.130076	-79.851945
Lyons	40.480578	-75.758948
McAdoo	40.900964	-75.992382
McAlisterville	40.637977	-77.27301
McClure	40.707798	-77.311367
McConnellsburg	39.932	-77.995793
McConnellstown	40.46438	-78.066937
McDonald	40.37007	-80.232521
McElhattan	41.153938	-77.352108
McEwensville	41.072324	-76.818762
McGovern	40.236233	-80.226766
McKean	41.998484	-80.139587
McKeansburg	40.682314	-76.019556
McKee	40.360453	-78.421066
McKeesport	40.341877	-79.845007
McKees Rocks	40.469019	-80.063328
Mackeyville	41.053699	-77.463674
McKinley	40.084013	-75.110677
McKnightstown	39.873488	-77.330218
McMurray	40.281468	-80.087433
McSherrystown	39.803527	-77.01989
Macungie	40.515911	-75.554084
McVeytown	40.498615	-77.741124
Madera	40.829198	-78.43033
Madison	40.245557	-79.674861
Madisonburg	40.926812	-77.518594
Mahaffey	40.873883	-78.727101
Mahanoy City	40.812627	-76.138184
Mainesburg	41.781981	-76.994683
Mainville	40.982644	-76.369505
Maitland	40.623731	-77.499278
Malvern	40.033147	-75.515363
Mammoth	40.198687	-79.462864
Manchester	40.061202	-76.719425
Manheim	40.163273	-76.395973
Manns Choice	40.003316	-78.590802
Manor	40.345939	-79.669268
Manorville	40.787837	-79.520848
Mansfield	41.806178	-77.078376
Maple Glen	40.177757	-75.179243
Mapleton	40.391976	-77.941647
Mapletown	39.805239	-79.940054
Marcus Hook	39.81287	-75.41624
Marianna	40.012824	-80.112099
Marianne	41.244734	-79.433012
Marienville	41.468751	-79.118138
Marietta	40.057043	-76.551723
Marion	39.860593	-77.701529
Marion Center	40.770518	-79.04721
Marion Heights	40.803651	-76.464339
Marklesburg	40.384007	-78.168619
Markleysburg	39.736099	-79.451856
Marlin	40.678975	-76.243966
Mars	40.696952	-80.014099
Marshallton	39.947965	-75.677118
Marshallton	40.785128	-76.536496
Martinsburg	40.310917	-78.324286
Martinsburg Junction	40.310206	-78.3365
Martins Creek	40.78271	-75.190211
Maryd	40.759361	-76.055738
Marysville	40.337629	-76.932069
Masontown	39.848744	-79.908736
Masthope	41.516571	-75.025362
Matamoras	41.366596	-74.699671
Mather	39.935584	-80.074474
Mattawana	40.496849	-77.727253
Maxatawny	40.541207	-75.691937
Mayfield	41.539668	-75.531066
Maytown	40.083556	-76.56644
Meadowlands	40.217306	-80.229979
Meadowood	40.84074	-79.895954
Meadville	41.647878	-80.147438
Mechanicsburg	40.211404	-77.00593
Mechanicsville	40.690826	-76.180687
Media	39.92004	-75.388333
Mehoopany	41.567048	-76.062171
Melrose Park	40.063903	-75.127501
Mercer	41.22653	-80.236253
Mercersburg	39.831886	-77.90289
Meridian	40.852595	-79.954854
Merion Station	40.003564	-75.250088
Mertztown	40.501714	-75.664612
Meshoppen	41.609263	-76.041819
Messiah College	40.157418	-76.982115
Mexico	40.54165	-77.358283
Meyersdale	39.813339	-79.027697
Middleburg	40.7895	-77.044862
Middleport	40.727784	-76.086824
Middletown	40.200888	-76.729183
Middletown	40.644006	-75.324584
Midland	40.634358	-80.458011
Midland	40.257102	-80.216168
Midway	39.807917	-77.005203
Midway	40.368664	-80.291209
Mifflin	40.56857	-77.404539
Mifflinburg	40.91956	-77.047424
Mifflintown	40.571174	-77.39514
Mifflinville	41.030711	-76.302779
Mildred	41.475976	-76.380201
Milesburg	40.942383	-77.791686
Milford	41.323661	-74.801019
Milford Square	40.433182	-75.405024
Millbourne	39.963735	-75.252615
Mill Creek	40.437031	-77.930955
Millersburg	40.543191	-76.952904
Millerstown	40.277124	-78.302912
Millerstown	40.555738	-77.151474
Millersville	40.005322	-76.35176
Millerton	41.986774	-76.939696
Mill Hall	41.105235	-77.488485
Millheim	40.893647	-77.476547
Mill Run	40.50553	-78.433132
Millsboro	39.990132	-80.002241
Millvale	40.481749	-79.973795
Mill Village	41.877511	-79.972625
Millville	41.120975	-76.525613
Millwood	40.3504	-79.285332
Milroy	40.71936	-77.58999
Milton	41.002114	-76.852339
Mineral Springs	40.99597	-78.36889
Minersville	40.690801	-76.259413
Mingoville	40.936973	-77.659649
Misericordia University	41.34605	-75.971038
Mocanaqua	41.138561	-76.133129
Modena	39.963913	-75.805064
Mohnton	40.287457	-75.986899
Mohrsville	40.475362	-75.979932
Monaca	40.683423	-80.273427
Monessen	40.151966	-79.883008
Monongahela	40.191166	-79.922476
Monroe	41.712133	-76.475056
Monroeville	40.426324	-79.761379
Mont Alto	39.840401	-77.555719
Montandon	40.965461	-76.852953
Mont Clare	40.136683	-75.499347
Montgomery	41.173681	-76.868776
Montgomeryville	40.250233	-75.240509
Montoursville	41.246493	-76.9167
Montrose	41.833441	-75.876092
Montrose Manor	40.306297	-75.987177
Monument	41.111186	-77.70422
Moores Mill	40.493093	-78.266485
Moose Run	40.953052	-77.803153
Moosic	41.356041	-75.704697
Morea	40.789175	-76.172831
Morgan Hill	40.666508	-75.204039
Morgantown	40.150068	-75.887328
Morrisdale	40.948891	-78.228307
Morris Run	41.67623	-77.018737
Morrisville	40.207644	-74.780269
Morrisville	39.90068	-80.167815
Morton	39.911583	-75.326754
Moscow	41.342168	-75.527938
Moshannon	41.034184	-78.006936
Mount Aetna	40.420391	-76.296435
Mountainhome	41.177927	-75.263254
Mountain Top	41.135302	-75.90443
Mount Bethel	40.899594	-75.112739
Mount Carbon	40.673329	-76.188381
Mount Carmel	40.795904	-76.411997
Mount Cobb	41.425924	-75.497592
Mount Eagle	40.980004	-77.705821
Mount Gretna	40.24556	-76.471478
Mount Gretna Heights	40.249674	-76.465733
Mount Holly Springs	40.109283	-77.182874
Mount Jackson	40.968135	-80.432262
Mount Jewett	41.729097	-78.640278
Mount Joy	40.110613	-76.50572
Mount Morris	39.73325	-80.081989
Mount Oliver	40.411274	-79.985639
Mount Penn	40.328643	-75.889724
Mount Pleasant	40.150932	-79.543363
Mount Pleasant Mills	40.724697	-77.026451
Mount Pocono	41.122493	-75.357768
Mount Royal	40.037999	-76.886993
Mount Union	40.384079	-77.88152
Mountville	40.040745	-76.434924
Mount Wolf	40.061672	-76.705197
Muhlenberg Park	40.386837	-75.939758
Muir	40.594297	-76.518657
Muncy	41.202161	-76.785507
Mundys Corner	40.443125	-78.832451
Munhall	40.393601	-79.900954
Murrysville	40.442861	-79.658311
Muse	40.29233	-80.205553
Myerstown	40.372139	-76.305579
Nanticoke	41.200466	-75.999704
Nanty-Glo	40.470561	-78.834011
Naomi	40.109326	-79.844138
Narberth	40.007677	-75.263451
Natrona	40.611888	-79.7225
Natrona Heights	40.623705	-79.726152
Nazareth	40.739963	-75.312618
Nealmont	40.666592	-78.218821
Needmore	39.84745	-78.143178
Nemacolin	39.88432	-79.93013
Nescopeck	41.053021	-76.212309
Nesquehoning	40.87808	-75.822
New Albany	41.601176	-76.445999
New Alexandria	40.394456	-79.417524
New Baltimore	39.983481	-78.772274
New Beaver	40.880701	-80.381357
New Bedford	41.089418	-80.49352
New Berlin	40.881591	-76.981166
New Berlinville	40.345935	-75.631298
New Bethlehem	41.006282	-79.32529
New Boston	40.798354	-76.150489
New Brighton	40.735641	-80.309473
New Britain	40.299552	-75.178093
New Buffalo	40.45434	-76.970472
Newburg	40.521376	-78.421656
Newburg	40.839436	-78.684958
Newburg	40.136985	-77.554642
New Castle	40.995617	-80.345807
New Castle Northwest	41.022139	-80.355785
New Centerville	39.942259	-79.191746
New Columbia	41.037465	-76.878199
New Columbus	41.173197	-76.286815
New Cumberland	40.228765	-76.878291
New Eagle	40.207156	-79.953342
Newell	40.074612	-79.891797
New Florence	40.379052	-79.075136
New Freedom	39.735327	-76.696708
New Freeport	39.759493	-80.426658
New Galilee	40.833417	-80.401018
New Holland	40.101294	-76.090147
New Hope	40.361358	-74.956796
New Jerusalem	40.440899	-75.75915
New Kensington	40.572482	-79.753051
New Kingstown	40.233498	-77.069411
New Lebanon	41.420065	-80.080007
Newmanstown	40.351462	-76.211656
New Market	40.223034	-76.856148
New Milford	41.876143	-75.726561
New Morgan	40.190214	-75.900546
New Oxford	39.863001	-77.055477
New Paris	40.108408	-78.643067
New Philadelphia	40.717829	-76.116686
Newport	40.478978	-77.133946
New Ringgold	40.689171	-75.992813
Newry	40.393325	-78.435719
New Salem	39.930108	-79.825986
New Salem	39.903697	-76.791318
New Schaefferstown	40.453392	-76.169215
New Stanton	40.222332	-79.6088
Newton Hamilton	40.392991	-77.835345
Newtown	40.228344	-74.932293
Newtown	40.653216	-76.345568
Newtown Grant	40.26053	-74.94893
New Tripoli	40.673927	-75.747569
Newville	40.169893	-77.40179
New Washington	40.820922	-78.702553
New Wilmington	41.117581	-80.331539
Nicholson	41.628609	-75.789388
Nicktown	40.613791	-78.804663
Nittany	40.994719	-77.552128
Nixon	40.785833	-79.937501
Noblestown	40.395461	-80.201869
Norristown	40.122076	-75.33987
Northampton	40.688237	-75.487449
North Apollo	40.593808	-79.556616
North Belle Vernon	40.132048	-79.863957
North Bend	41.347017	-77.702653
North Braddock	40.401739	-79.853704
North Catasauqua	40.663571	-75.473879
North Charleroi	40.150394	-79.908148
North East	42.213367	-79.833351
Northern Cambria	40.657065	-78.777695
North Irwin	40.338942	-79.711443
North Philipsburg	40.909233	-78.208719
North Towanda	41.788759	-76.45379
Northumberland	40.897214	-76.792951
North Vandergrift	40.6087	-79.551764
North Wales	40.211171	-75.274441
North Warren	41.883098	-79.166439
North Washington	41.048803	-79.814329
Northwest Harborcreek	42.148221	-79.994675
Northwood	40.686375	-78.227125
North York	39.97801	-76.730882
Norvelt	40.204995	-79.497011
Norwood	39.88599	-75.295756
Nottingham	39.747765	-76.03164
Noxen	41.421989	-76.069178
Nuangola	41.158384	-75.978039
Numidia	40.878606	-76.404719
Nuremberg	40.937751	-76.168464
Oakdale	40.400165	-80.18715
Oak Hills	40.826268	-79.915113
Oakland	40.305536	-78.881828
Oakland	40.991642	-80.372106
Oakland	41.950773	-75.608763
Oak Lane	40.056184	-75.114647
Oakmont	40.519756	-79.836672
Oaks	40.131601	-75.456461
Oakwood	41.010907	-80.379465
Oberlin	40.239818	-76.815737
Ohiopyle	39.864067	-79.494688
Ohioville	40.684728	-80.483721
Oil City	41.42877	-79.707838
Oklahoma	41.111674	-78.733143
Oklahoma	40.581417	-79.577352
Old Forge	41.370426	-75.7409
Old Orchard	40.657487	-75.260914
Oley	40.389816	-75.787214
Oliver	39.915267	-79.721252
Olivia	40.714008	-78.200336
Olyphant	41.451543	-75.57576
Oneida	40.907162	-76.1238
Orangeville	41.076951	-76.413464
Orbisonia	40.242923	-77.89301
Orchard Hills	40.581594	-79.5453
Ore Hill	40.292312	-78.403252
Oreland	40.114972	-75.180401
Oreminea	40.403382	-78.254599
Orrstown	40.058791	-77.608151
Orrtanna	39.84407	-77.360517
Orviston	41.107341	-77.753355
Orwigsburg	40.654167	-76.103989
Orwin	40.583869	-76.531414
Osceola Mills	40.852485	-78.269801
Oswayo	41.920879	-78.020966
Oval	41.152235	-77.174487
Oxford	39.785561	-75.979652
Paint	40.242074	-78.850075
Palmdale	40.296024	-76.623645
Palmer Heights	40.689083	-75.267627
Palmerton	40.804094	-75.617106
Palmyra	40.310026	-76.594781
Palo Alto	40.686087	-76.169934
Paoli	40.042016	-75.490294
Paradise	40.00623	-76.122298
Pardeesville	41.000629	-75.968144
Paris	40.41036	-80.506658
Park Crest	40.81936	-76.061582
Parker	41.090639	-79.68459
Parkesburg	39.960054	-75.916161
Park Forest Village	40.799576	-77.908414
Parkhill	40.359284	-78.872849
Parkland	40.159646	-74.93162
Park Place	40.837954	-76.099177
Parkside	39.867367	-75.377992
Parkville	39.785905	-76.968548
Parryville	40.822445	-75.670561
Patterson Heights	40.738598	-80.326093
Patton	40.632421	-78.649873
Paxtang	40.262348	-76.834241
Paxtonia	40.316621	-76.788479
Paxtonville	40.77463	-77.076157
Pen Argyl	40.867794	-75.253857
Penbrook	40.278009	-76.848329
Penfield	41.215504	-78.573379
Pen Mar	39.726323	-77.51597
Penn	40.329191	-79.64212
Penndel	40.155166	-74.914655
Penn Estates	41.033451	-75.239969
Penn Farms	40.415986	-78.413375
Penn Lake Park	41.114745	-75.775136
Pennsburg	40.393586	-75.496411
Pennsbury Village	40.428243	-80.101097
Penns Creek	40.86327	-77.055453
Pennside	40.337925	-75.876721
Penn State Berks	40.361281	-75.976
Penn State Erie (Behrend)	42.117759	-79.98577
Pennville	39.786802	-76.992007
Pennwyn	40.288962	-75.973585
Penn Wynne	39.986667	-75.27147
Penryn	40.195817	-76.369772
Perkasie	40.371737	-75.292772
Perryopolis	40.086831	-79.752596
Peru	40.854377	-77.767175
Petersburg	40.572598	-78.050615
Petrolia	41.021619	-79.716777
Philadelphia	40.009376	-75.133346
Philipsburg	40.892852	-78.216743
Phoenixville	40.135201	-75.522699
Picture Rocks	41.277711	-76.705997
Pikes Creek	41.308561	-76.102821
Pillow	40.640543	-76.802909
Pinecroft	40.564434	-78.35336
Pine Glen	41.088678	-78.057971
Pine Grove	40.553414	-76.386016
Pine Grove Mills	40.731529	-77.888417
Pine Ridge	41.144014	-74.98701
Pine Run	40.686433	-80.23942
Pitcairn	40.407774	-79.776354
Pittsburgh	40.439936	-79.975676
Pittston	41.32792	-75.785684
Plainfield	40.201172	-77.283279
Plains	41.275791	-75.851871
Platea	41.950986	-80.33045
Pleasant Gap	40.867277	-77.744137
Pleasant Hill	40.337169	-76.444644
Pleasant Hills	40.329834	-79.959639
Pleasant View	40.609262	-79.575054
Pleasantville	40.17972	-78.61327
Pleasantville	41.59348	-79.580818
Pleasureville	40.001214	-76.705743
Plum	40.501869	-79.748178
Plumsteadville	40.384613	-75.139286
Plumville	40.792487	-79.179355
Plymouth	41.240885	-75.951965
Plymouth Meeting	40.109734	-75.280366
Plymptonville	41.043581	-78.450818
Pocono Mountain Lake Estates	41.155333	-74.965055
Pocono Pines	41.116316	-75.458772
Pocono Ranch Lands	41.171651	-74.951288
Pocono Springs	41.279963	-75.401422
Pocono Woodland Lakes	41.323616	-74.890774
Point Marion	39.735608	-79.900513
Point View	40.489547	-78.241948
Polk	41.368404	-79.92926
Pomeroy	39.964794	-75.882856
Portage	40.386861	-78.674724
Port Allegany	41.815197	-78.276469
Port Carbon	40.696914	-76.166618
Port Clinton	40.583253	-76.030814
Portersville	40.924332	-80.146883
Portland	40.922079	-75.098343
Port Matilda	40.799994	-78.052638
Port Royal	40.533772	-77.38946
Port Trevorton	40.692491	-76.893706
Port Vue	40.337869	-79.874116
Potlicker Flats	40.727004	-77.606032
Potters Mills	40.802352	-77.627097
Pottsgrove	40.264405	-75.609289
Pottstown	40.250924	-75.644754
Pottsville	40.679854	-76.20921
Pringle	41.27734	-75.901267
Progress	40.290062	-76.839376
Prompton	41.593655	-75.324586
Prospect	40.899213	-80.04865
Prospect Park	41.518671	-78.210027
Prospect Park	39.886097	-75.30737
Pughtown	40.170858	-75.657603
Pulaski	41.111393	-80.430597
Punxsutawney	40.943745	-78.974766
Puzzletown	40.379476	-78.491706
Pymatuning Central	41.588373	-80.478438
Pymatuning North	41.666091	-80.465313
Pymatuning South	41.51248	-80.476252
Quakertown	40.439678	-75.345766
Quarryville	39.895528	-76.162022
Queens Gate	39.94064	-76.68738
Quentin	40.283056	-76.436224
Railroad	39.75961	-76.696073
Rainsburg	39.895724	-78.517301
Ramblewood	40.723772	-77.943198
Ramey	40.8025	-78.400563
Rankin	40.413364	-79.88382
Ranshaw	40.785554	-76.517437
Raubsville	40.625555	-75.205736
Rauchtown	41.127628	-77.242649
Ravine	40.568611	-76.393656
Reading	40.33922	-75.926277
Reamstown	40.2124	-76.117569
Rebersburg	40.942677	-77.444031
Red Hill	40.529482	-78.43555
Red Hill	40.377078	-75.48381
Red Lion	39.898606	-76.607749
Reedsville	40.664911	-77.593006
Reese	40.434929	-78.300101
Refton	39.951147	-76.243963
Rehrersburg	40.45804	-76.24531
Reiffton	40.310553	-75.861438
Reightown	40.601943	-78.34367
Reinerton	40.59139	-76.535879
Reinholds	40.270901	-76.12365
Renfrew	40.80655	-79.962331
Rennerdale	40.400154	-80.139602
Renningers	40.649665	-76.148445
Renovo	41.327767	-77.767232
Republic	39.966378	-79.876857
Reservoir	40.402724	-78.384833
Revloc	40.491395	-78.763664
Rew	41.899207	-78.538802
Reynolds Heights	41.343126	-80.402161
Reynoldsville	41.094894	-78.887735
Rheems	40.12568	-76.570628
Rices Landing	39.94495	-79.998167
Riceville	41.77928	-79.80463
Richboro	40.225413	-74.992957
Richfield	40.683701	-77.123664
Richland	40.357393	-76.256853
Richlandtown	40.47253	-75.321158
Riddlesburg	40.157117	-78.252896
Ridgway	41.431904	-78.727074
Ridley Park	39.877989	-75.325471
Riegelsville	40.595421	-75.197483
Rimersburg	41.040797	-79.502406
Ringtown	40.85652	-76.235027
Riverside	40.283648	-78.921728
Riverside	40.948953	-76.641902
Riverview Park	40.391833	-75.950098
Roaring Spring	40.334785	-78.395967
Robertsdale	40.1832	-78.11529
Robeson Extension	40.467153	-78.199624
Robesonia	40.348619	-76.138564
Robinson	40.403408	-79.140271
Rochester	40.702534	-80.28373
Rockdale Acres	41.763989	-79.923273
Rockhill	40.241067	-77.899521
Rockledge	40.082295	-75.089775
Rockwood	39.915754	-79.157308
Rogersville	39.88083	-80.269183
Rohrerstown	40.052295	-76.359738
Rohrsburg	41.13022	-76.425312
Rome	41.857981	-76.341101
Ronco	39.867997	-79.922808
Ronks	40.028441	-76.17608
Roots	40.613717	-78.365241
Roscoe	40.078203	-79.863966
Rosebud	40.749348	-78.545864
Rosemont	40.030639	-75.327036
Roseto	40.878174	-75.220343
Rose Valley	39.89475	-75.385186
Roseville	41.863696	-76.957577
Roslyn	40.131136	-75.137426
Rossiter	40.900773	-78.935947
Rosslyn Farms	40.422418	-80.088537
Rote	41.078006	-77.411534
Rothsville	40.153073	-76.247813
Roulette	41.776757	-78.15513
Rouseville	41.468503	-79.681234
Rouzerville	39.734145	-77.52799
Rowes Run	40.008873	-79.817702
Royalton	40.185769	-76.723996
Royer	40.422284	-78.272311
Royersford	40.186326	-75.538885
Runville	40.95733	-77.833434
Rupert	40.975486	-76.481593
Rural Valley	40.799109	-79.314947
Russell	41.93736	-79.140336
Russellton	40.608085	-79.840132
Rutherford	40.269588	-76.767819
Rutledge	39.900948	-75.327422
Sabinsville	41.86707	-77.527992
Sadsburyville	39.982321	-75.893897
Saegertown	41.714553	-80.130923
Sagamore	40.781378	-79.231011
Saginaw	40.065024	-76.671134
St. Benedict	40.629888	-78.724492
St. Clair	40.478469	-78.228416
St. Clair	40.721092	-76.190338
St. Clairsville	40.155862	-78.510762
St. Davids	40.03875	-75.373907
St. Lawrence	40.325908	-75.863816
St. Marys	41.455038	-78.52019
St. Michael	40.324714	-78.766403
St. Petersburg	41.160974	-79.654515
St. Vincent College	40.291313	-79.405461
Salisbury	39.75345	-79.084357
Salix	40.296353	-78.759331
Salladasburg	41.28079	-77.231829
Salona	41.0873	-77.453734
Saltillo	40.211757	-78.006234
Saltsburg	40.484636	-79.448248
Salunga	40.092903	-76.428155
Sanatoga	40.250819	-75.588228
Sand Hill	40.361355	-76.421735
Sandy	41.102339	-78.777157
Sandy Lake	41.350221	-80.083691
Sandy Ridge	40.811218	-78.230785
Sankertown	40.471433	-78.591953
Saw Creek	41.119475	-75.046271
Saxonburg	40.750962	-79.814959
Saxton	40.212708	-78.247061
Saylorsburg	40.899038	-75.316751
Sayre	41.985722	-76.520848
Scalp Level	40.249477	-78.844257
Schaefferstown	40.296816	-76.293884
Schellsburg	40.04816	-78.643383
Schenley	40.686167	-79.648863
Schlusser	40.244606	-77.186252
Schnecksville	40.670888	-75.620714
Schoeneck	40.244375	-76.178238
Schubert	40.50048	-76.218614
Schuylkill Haven	40.628257	-76.172496
Schwenksville	40.257859	-75.465724
Scotland	39.96977	-77.584408
Scottdale	40.103389	-79.589818
Scranton	41.404178	-75.665908
Selinsgrove	40.800138	-76.865401
Sellersville	40.36054	-75.306872
Seltzer	40.69593	-76.236466
Seneca	41.377197	-79.705192
Seven Fields	40.68673	-80.063904
Seven Springs	40.026688	-79.294069
Seven Valleys	39.854529	-76.766677
Seward	40.413067	-79.021854
Sewickley	40.539728	-80.178902
Sewickley Heights	40.559512	-80.152803
Sewickley Hills	40.568065	-80.127144
Shade Gap	40.180299	-77.866203
Shamokin	40.788108	-76.554991
Shamokin Dam	40.858162	-76.825783
Shanksville	40.017351	-78.906921
Shanor-Northvue	40.913847	-79.918978
Sharon	41.233978	-80.49982
Sharon Hill	39.907433	-75.267787
Sharpsburg	40.493243	-79.921547
Sharpsville	41.259039	-80.481813
Shartlesville	40.516225	-76.100144
Shavertown	41.318758	-75.940436
Sheakleyville	41.443826	-80.206704
Sheatown	41.193829	-76.018859
Sheffield	41.700999	-79.029872
Shelltown	40.45676	-78.206692
Shellytown	40.409179	-78.210608
Shelocta	40.656274	-79.300286
Shenandoah	40.817081	-76.200667
Shenandoah Heights	40.833422	-76.206159
Sheppton	40.8964	-76.119619
Shickshinny	41.154181	-76.150937
Shillington	40.302633	-75.967081
Shiloh	39.973244	-76.792036
Shinglehouse	41.966989	-78.190472
Shippensburg	40.048733	-77.523193
Shippensburg University	40.061734	-77.52279
Shippenville	41.250993	-79.462626
Shippingport	40.625126	-80.415891
Shiremanstown	40.222355	-76.955566
Shirleysburg	40.29741	-77.876419
Shoemakersville	40.499901	-75.969774
Shrewsbury	39.771303	-76.67988
Sickles Corner	40.553306	-78.279779
Sidman	40.323551	-78.752329
Sierra View	40.989769	-75.42024
Siglerville	40.736848	-77.531856
Silkworth	41.274839	-76.07295
Silverdale	40.346684	-75.271138
Simpson	41.595019	-75.479642
Sinking Spring	40.324692	-76.02253
Sinnamahoning	41.322284	-78.095746
Skelp	40.618356	-78.261819
Ski Gap	40.315989	-78.517227
Skippack	40.221241	-75.401054
Skyline View	40.337621	-76.725558
Slabtown	40.903066	-76.401922
Slatedale	40.743873	-75.658519
Slatington	40.753595	-75.610811
Slickville	40.462104	-79.518421
Sligo	41.110216	-79.503142
Slippery Rock	41.069487	-80.057929
Slippery Rock University	41.064684	-80.041943
Slovan	40.359525	-80.385017
Smethport	41.808415	-78.44469
Smicksburg	40.870133	-79.17133
Smith Corner	40.357543	-78.486155
Smithfield	39.802179	-79.808726
Smithton	40.153808	-79.741667
Smock	39.999692	-79.777407
Smoketown	40.036195	-76.204465
Snow Shoe	41.02765	-77.94972
S.N.P.J.	40.929	-80.496224
Snydertown	40.986907	-77.599899
Snydertown	40.872713	-76.673474
Somerset	40.00503	-79.077855
Soudersburg	40.015329	-76.153609
Souderton	40.311002	-75.322351
South Bethlehem	40.999158	-79.33954
South Coatesville	39.971712	-75.811829
South Connellsville	39.992519	-79.575482
South Fork	40.361997	-78.7896
South Greensburg	40.278198	-79.547435
South Heights	40.575072	-80.236104
Southmont	40.310804	-78.9327
South Montrose	41.795614	-75.891169
South New Castle	40.974737	-80.345647
South Philipsburg	40.886985	-78.218613
Southpointe	40.29728	-80.182166
South Pottstown	40.235588	-75.662981
South Renovo	41.324691	-77.742258
South Temple	40.398813	-75.922542
South Uniontown	39.893883	-79.746607
Southview	40.331993	-80.256058
South Waverly	41.994192	-76.544369
Southwest Greensburg	40.29187	-79.547812
South Williamsport	41.229388	-77.000475
Spartansburg	41.823237	-79.681817
Speers	40.122367	-79.880588
Spinnerstown	40.443089	-75.449123
Springboro	41.800594	-80.371724
Spring Church	40.605582	-79.484378
Spring City	40.176898	-75.546471
Springdale	40.540789	-79.781009
Spring Drive Mobile Home Park	40.307027	-78.330033
Spring Grove	39.880852	-76.86401
Spring Hill	40.370386	-78.669169
Spring House	40.177154	-75.219515
Spring Mills	40.853403	-77.565327
Springmont	40.327369	-76.004166
Spring Mount	40.274371	-75.46913
Spring Ridge	40.353282	-75.989224
Springville	41.694526	-75.926951
Sproul	40.272302	-78.458224
Spry	39.912513	-76.686349
Starbrick	41.841445	-79.21284
Star Junction	40.061009	-79.765628
Starrucca	41.890893	-75.449842
State College	40.791039	-77.856813
State Line	39.73293	-77.72469
Steelton	40.225806	-76.8254
Stevens	40.216512	-76.166891
Stewartstown	39.752761	-76.592495
Stiles	40.666254	-75.50697
Stillwater	41.152571	-76.375748
Stockdale	40.083084	-79.850793
Stockertown	40.754917	-75.262935
Stoneboro	41.330364	-80.118136
Stonerstown	40.215718	-78.257116
Stonybrook	39.981145	-76.630613
Stony Creek Mills	40.349341	-75.864081
Stormstown	40.789556	-78.020395
Stouchsburg	40.380675	-76.231388
Stowe	40.250934	-75.681941
Stoystown	40.103215	-78.954558
Strabane	40.250411	-80.198485
Strasburg	39.984516	-76.186183
Strattanville	41.202473	-79.32688
Strausstown	40.491754	-76.184179
Strodes Mills	40.544419	-77.677474
Strong	40.797482	-76.440068
Stroudsburg	40.983226	-75.194263
Sturgeon	40.383464	-80.215249
Sugarcreek	41.440173	-79.828753
Sugar Grove	41.983663	-79.339587
Sugar Notch	41.193858	-75.931392
Summerhill	40.376205	-78.761886
Summerville	41.116394	-79.188271
Summit Hill	40.824963	-75.846201
Summit Station	40.562034	-76.201183
Sunbrook	40.433863	-78.432399
Sunbury	40.86147	-76.786695
Sunrise Lake	41.313245	-74.963149
Sun Valley	40.980372	-75.466482
Susquehanna Depot	41.940864	-75.608156
Susquehanna Trails	39.758356	-76.368401
Sutersville	40.234508	-79.801464
Swarthmore	39.902321	-75.348744
Swartzville	40.228864	-76.079453
Swedeland	40.087339	-75.333367
Sweden Valley	41.759534	-77.953756
Swedesburg	40.10198	-75.332294
Swissvale	40.420271	-79.886028
Swoyersville	41.297699	-75.87989
Sykesville	41.044743	-78.811153
Sylvan Hills	40.448672	-78.383921
Sylvania	41.801223	-76.865821
Table Rock	39.912138	-77.216521
Tamaqua	40.804055	-75.926617
Tarentum	40.604472	-79.759987
Tatamy	40.740667	-75.256134
Taylor	41.395772	-75.714713
Taylorstown	40.156767	-80.386568
Telford	40.325568	-75.327309
Temple	40.408054	-75.922908
Templeton	40.917975	-79.460109
Terre Hill	40.160511	-76.04959
Tharptown (Uniontown)	40.803381	-76.571195
The Escape	41.367864	-75.306428
The Hideout	41.435486	-75.349934
Thompson	41.863656	-75.514124
Thompsontown	40.565799	-77.236133
Thompsonville	40.273553	-80.113314
Thornburg	40.434575	-80.084052
Thorndale	40.000964	-75.751652
Three Springs	40.196955	-77.981923
Throop	41.438227	-75.592655
Tidioute	41.686149	-79.391961
Timber Hills	40.243517	-76.484865
Timblin	40.968969	-79.198434
Tioga	41.907773	-77.135162
Tionesta	41.497927	-79.449353
Tipton	40.637399	-78.294776
Titusville	41.627223	-79.669847
Toftrees	40.82478	-77.88481
Topton	40.503371	-75.702538
Toughkenamon	39.831997	-75.755702
Towamensing Trails	40.9942	-75.581839
Towanda	41.770945	-76.446503
Tower City	40.588434	-76.553074
Townville	41.679067	-79.879989
Trafford	40.384636	-79.757645
Trainer	39.82398	-75.404753
Trappe	40.199095	-75.475379
Treasure Lake	41.168224	-78.720505
Tremont	40.630246	-76.39119
Tresckow	40.915975	-75.965673
Trevorton	40.784129	-76.671046
Trevose	40.150936	-74.981984
Trexlertown	40.556831	-75.593645
Trooper	40.148837	-75.399094
Troutville	41.029383	-78.787682
Troxelville	40.808765	-77.204682
Troy	41.783315	-76.792222
Trucksville	41.31004	-75.928075
Trumbauersville	40.413426	-75.377454
Tullytown	40.140843	-74.810996
Tunkhannock	41.541084	-75.949058
Tunnelhill	40.478284	-78.542333
Turbotville	41.101897	-76.769409
Turtle Creek	40.408561	-79.821466
Tuscarora	40.768758	-76.037749
Twilight	40.115782	-79.893603
Twin Rocks	40.502637	-78.85677
Tyler Run	39.930525	-76.701051
Tylersburg	41.38275	-79.316497
Tylersville	40.989815	-77.444949
Tyrone	40.676451	-78.246044
Tyrone Forge	40.660343	-78.222433
Ulster	41.848507	-76.507001
Ulysses	41.90305	-77.754821
Union City	41.89767	-79.843245
Union Dale	41.713044	-75.483167
Union Deposit	40.293338	-76.680731
Uniontown	39.899302	-79.724529
Unionville	40.745899	-80.210673
Unionville	40.942277	-79.961282
Unionville	40.906231	-77.876683
Unionville	39.900512	-75.730376
University of Pittsburgh Bradford	41.944274	-78.672757
University of Pittsburgh Johnstown	40.262608	-78.829647
Upland	39.856204	-75.379646
Upper Exeter	41.404527	-75.854664
Ursina	39.815295	-79.332484
Utica	41.4372	-79.965392
Vail	40.701149	-78.213847
Valencia	40.676694	-79.988282
Valley Green	40.156682	-76.794642
Valley-Hi	40.032144	-78.192598
Valley View	40.648079	-76.535167
Valley View	39.949855	-76.701095
Vanderbilt	40.033951	-79.662825
Vandergrift	40.59944	-79.575534
Vandling	41.627459	-75.474253
Van Voorhis	40.159852	-79.97309
Venango	41.77272	-80.112074
Verona	40.505672	-79.841947
Versailles	40.318171	-79.830809
Vicksburg	40.369804	-78.415775
Vicksburg	40.938397	-76.990478
Village Green-Green Ridge	39.863872	-75.425701
Village Shires	40.200079	-74.970636
Villanova	40.040534	-75.341007
Vinco	40.409875	-78.844901
Vintondale	40.480731	-78.910794
Virginville	40.517059	-75.857313
Volant	41.112426	-80.259851
Vowinckel	41.4047	-79.231296
Wagner	40.677734	-77.384719
Wakefield	39.777023	-76.183891
Wall	40.391594	-79.785852
Wallaceton	40.965638	-78.287646
Wallenpaupack Lake Estates	41.396942	-75.272749
Waller	41.237015	-76.415627
Walnutport	40.751472	-75.595228
Walnuttown	40.446731	-75.84052
Wampum	40.885074	-80.34044
Wanamie	41.174476	-76.042223
Warfordsburg	39.751124	-78.188853
Warminster Heights	40.18837	-75.084089
Warren	41.842916	-79.143865
Warrior Run	41.188579	-75.949558
Warriors Mark	40.702807	-78.131482
Washington	40.17416	-80.246794
Washington Boro	40.006624	-76.468977
Washingtonville	41.052294	-76.674914
Waterford	41.945169	-79.985133
Watsontown	41.085271	-76.864851
Wattsburg	42.002732	-79.804783
Waverly	41.52759	-75.702983
Waymart	41.586387	-75.403716
Wayne	40.039604	-75.39266
Wayne Heights	39.745511	-77.543607
Waynesboro	39.752377	-77.582303
Waynesburg	39.898255	-80.185537
Weatherly	40.942015	-75.82092
Webster	40.192436	-79.850726
Weedville	41.275761	-78.490197
Weigelstown	39.985193	-76.830654
Weissport	40.829014	-75.700874
Weissport East	40.836882	-75.686436
Wellersburg	39.730612	-78.847983
Wellsboro	41.74552	-77.303694
Wells Tannery	40.089756	-78.164981
Wellsville	40.051275	-76.940701
Wernersville	40.330449	-76.08266
Wescosville	40.561432	-75.549962
Wesleyville	42.136921	-80.01227
West Alexander	40.107001	-80.509206
West Brownsville	40.031502	-79.891667
West Chester	39.959883	-75.605422
West Conshohocken	40.070314	-75.318777
West Decatur	40.929051	-78.281671
West Easton	40.678363	-75.236092
West Elizabeth	40.270567	-79.896214
West Fairview	40.278741	-76.920794
West Falls	41.451721	-75.863979
Westfield	41.917681	-77.540282
West Grove	39.820187	-75.828516
West Hamburg	40.551827	-76.004889
West Hazleton	40.974324	-76.025415
West Hills	40.842868	-79.54412
West Homestead	40.39378	-79.91019
West Kittanning	40.812738	-79.531209
Westland	40.278901	-80.273191
West Lawn	40.328943	-75.993792
West Leechburg	40.633541	-79.619034
West Liberty	41.009303	-80.066626
West Mayfield	40.780205	-80.338676
West Middlesex	41.174247	-80.455524
West Middletown	40.243204	-80.425278
West Mifflin	40.357667	-79.905397
West Milton	41.018299	-76.876637
Westmont	40.3194	-78.952394
West Myerstown	40.369801	-76.319837
West Nanticoke	41.219986	-76.009132
West Newton	40.207171	-79.771196
Weston	40.942617	-76.140106
Westover	40.741058	-78.688009
West Pittsburg	40.930932	-80.362227
West Pittston	41.329561	-75.799966
West Reading	40.333761	-75.946886
West Sunbury	41.00606	-79.896456
West View	40.518155	-80.033299
West Waynesburg	39.900072	-80.200645
West Wilmerding	40.396971	-79.821809
Westwood	40.332972	-78.953738
Westwood	39.970186	-75.855285
West Wyoming	41.321638	-75.857779
West Wyomissing	40.322153	-75.99507
West York	39.953387	-76.760959
Wheatland	41.196938	-80.495777
Whitaker	40.40051	-79.885399
Whitehall	40.360205	-79.989793
White Haven	41.0597	-75.786946
White Mills	41.539339	-75.199354
White Oak	40.338791	-79.796071
Whitfield	40.335008	-76.00601
Wickerham Manor-Fisher	40.177106	-79.907933
Wiconsico	40.574203	-76.677275
Wilburton Number One	40.812777	-76.393963
Wilburton Number Two	40.819081	-76.364708
Wilcox	41.572044	-78.686757
Wilkes-Barre	41.246561	-75.875689
Wilkinsburg	40.444207	-79.873329
Williamsburg	40.46298	-78.204942
Williamsport	41.240019	-77.035591
Williamstown	40.580922	-76.616956
Willow Grove	40.147234	-75.116862
Willow Street	39.980881	-76.271859
Wilmerding	40.39418	-79.810049
Wilmore	40.387328	-78.717201
Wilson	40.684402	-75.241723
Winburne	40.962739	-78.149386
Windber	40.235486	-78.824704
Wind Gap	40.849027	-75.291024
Wind Ridge	39.911119	-80.432229
Windsor	39.916275	-76.583968
Winfield	40.894745	-76.86034
Winterstown	39.840804	-76.617431
Witmer	40.050623	-76.210234
Wolfdale	40.197846	-80.30009
Womelsdorf	40.366956	-76.186753
Wood	40.16649	-78.138552
Woodbourne	40.202016	-74.887207
Woodbury	40.225293	-78.36596
Woodcock	41.754061	-80.084617
Woodland	41.006985	-78.340681
Woodland Heights	41.4113	-79.701464
Woodlyn	39.877372	-75.344501
Woodside	40.229997	-74.85935
Woodward	40.899565	-77.345735
Woolrich	41.185737	-77.371145
Wopsononock	40.565958	-78.449525
Wormleysburg	40.260596	-76.910327
Worthington	40.837987	-79.635032
Worthville	41.024489	-79.141065
Woxall	40.318344	-75.453037
Wrightsville	40.023875	-76.531207
Wurtemburg	40.855375	-80.2481
Wyalusing	41.672641	-76.26116
Wyano	40.201517	-79.69394
Wylandville	40.209902	-80.12634
Wyncote	40.091508	-75.146267
Wyndmoor	40.085619	-75.1941
Wynnewood	39.997624	-75.269202
Wyoming	41.305677	-75.842886
Wyomissing	40.334655	-75.966089
Yardley	40.240293	-74.838934
Yarnell	41.00034	-77.814289
Yatesboro	40.800481	-79.332768
Yatesville	41.303804	-75.782216
Yeadon	39.932489	-75.252707
Yeagertown	40.641075	-77.580282
Yellow Springs	40.517659	-78.195565
Yoe	39.909586	-76.63661
York	39.964798	-76.73184
Yorkana	39.97596	-76.584701
York Haven	40.110422	-76.715022
Yorklyn	39.992909	-76.642802
York Springs	40.009331	-77.115907
Youngstown	40.279783	-79.365884
Youngsville	41.85247	-79.316663
Youngwood	40.244324	-79.580712
Yukon	40.214407	-79.688503
Zelienople	40.785665	-80.138669
Zion	40.916761	-77.690776
Ashaway	41.428019	-71.786214
Bradford	41.388997	-71.764416
Carolina	41.459421	-71.654223
Central Falls	41.890064	-71.393481
Charlestown	41.378069	-71.626563
Chepachet	41.910845	-71.662087
Clayville	41.769165	-71.692106
Cranston	41.769734	-71.485049
Cumberland Hill	41.97496	-71.46003
East Providence	41.800433	-71.359258
Foster Center	41.789961	-71.731589
Greene	41.704727	-71.728067
Greenville	41.879933	-71.552415
Harmony	41.899366	-71.609131
Harrisville	41.967496	-71.677124
Hope Valley	41.514055	-71.72056
Hopkinton	41.466945	-71.781088
Kingston	41.473179	-71.524124
Melville	41.559549	-71.301933
Misquamicut	41.320087	-71.827067
Narragansett Pier	41.426994	-71.466525
Newport	41.476681	-71.319627
Newport East	41.515892	-71.286553
Pascoag	41.953752	-71.704381
Pawtucket	41.874824	-71.373323
Providence	41.823056	-71.418784
Quonochontaug	41.345082	-71.704659
Tiverton	41.654015	-71.200391
Valley Falls	41.9235	-71.390498
Wakefield-Peace Dale	41.446096	-71.500318
Warwick	41.703085	-71.42031
Watch Hill	41.315381	-71.846809
Weekapaug	41.337424	-71.761921
Westerly	41.373301	-71.806783
Woonsocket	42.001708	-71.499947
Wyoming	41.513472	-71.689088
Abbeville	34.178544	-82.377687
Abney Crossroads	34.506352	-80.510697
Adams Run	32.721902	-80.346592
Aiken	33.531594	-81.725073
Alcolu	33.759106	-80.224889
Allendale	33.008047	-81.309164
Anderson	34.521487	-82.643517
Andrews	33.44946	-79.565984
Antreville	34.296213	-82.560347
Arcadia	34.961075	-81.993118
Arcadia Lakes	34.051617	-80.963108
Arial	34.846076	-82.64062
Arkwright	34.914961	-81.938733
Arthurtown	33.965357	-81.00115
Ashwood	34.123013	-80.296802
Atlantic Beach	33.803553	-78.717742
Awendaw	32.967885	-79.654755
Aynor	34.00023	-79.207117
Bamberg	33.300136	-81.031222
Barnwell	33.241633	-81.366143
Batesburg-Leesville	33.913306	-81.528079
Baxter Village	35.027211	-80.977908
Beaufort	32.458085	-80.722543
Beech Island	33.428596	-81.890318
Belton	34.523778	-82.492747
Belvedere	33.539348	-81.933646
Ben Avon	34.934614	-81.875366
Bennettsville	34.628218	-79.685958
Berea	34.8785	-82.466212
Bethune	34.414181	-80.348747
Bishopville	34.22007	-80.24737
Blacksburg	35.122088	-81.518119
Blackville	33.347767	-81.294912
Blenheim	34.509758	-79.652486
Bluffton	32.214449	-80.929528
Blythewood	34.209247	-80.995293
Boiling Springs	35.04501	-81.977929
Bonneau	33.313636	-79.953916
Bonneau Beach	33.322081	-79.988621
Bowman	33.348302	-80.684293
Boykin	34.120509	-80.584438
Bradley	34.02991	-82.239288
Branchville	33.251712	-80.816078
Briarcliffe Acres	33.790125	-78.749029
Brookdale	33.520783	-80.838367
Browntown	34.205285	-80.316032
Brunson	32.924256	-81.188644
Bucksport	33.66518	-79.115766
Buffalo	34.724439	-81.684357
Buford	34.748046	-80.628505
Burnettown	33.521073	-81.864655
Burton	32.424802	-80.740576
Caesars Head	35.107109	-82.618378
Calhoun Falls	34.092995	-82.596496
Camden	34.25893	-80.609202
Cameron	33.557954	-80.715034
Camp Croft	34.90878	-81.863582
Campobello	35.125658	-82.149276
Cane Savannah	33.892713	-80.441951
Capitol View	33.965915	-80.925507
Carlisle	34.592041	-81.464513
Carolina Forest	33.76636	-78.913478
Cash	34.619649	-79.889498
Catawba	34.839617	-80.899863
Cateechee	34.766646	-82.77876
Cayce	33.950498	-81.039806
Centenary	34.025711	-79.352372
Centerville	34.528278	-82.716733
Central	34.723405	-82.774706
Central Pacolet	34.909598	-81.752757
Chapin	34.165251	-81.339342
Charleston	32.828017	-79.972896
Cheraw	34.697894	-79.913969
Cherokee Falls	35.063872	-81.544499
Cherryvale	33.949511	-80.45932
Chesnee	35.146247	-81.862978
Chester	34.70502	-81.213208
Chesterfield	34.732992	-80.078036
Chickasaw Point	34.535481	-83.076455
City View	34.862508	-82.425849
Clarks Hill	33.658175	-82.165995
Clearwater	33.502756	-81.911132
Clemson	34.683564	-82.810575
Clemson University	34.6756	-82.835245
Clifton	34.986051	-81.820395
Clinton	34.473887	-81.860899
Clio	34.579046	-79.546059
Clover	35.11162	-81.220254
Cokesbury	34.290015	-82.20874
Columbia	34.040519	-80.906099
Conestee	34.763806	-82.351637
Converse	34.995653	-81.843053
Conway	33.84193	-79.045651
Coosawhatchie	32.586261	-80.933843
Cope	33.377744	-81.007941
Cordova	33.434489	-80.921034
Coronaca	34.251805	-82.105315
Cottageville	32.936197	-80.480316
Coward	33.971798	-79.750088
Cowpens	35.018617	-81.804121
Cross Anchor	34.644241	-81.858033
Cross Hill	34.30451	-81.983576
Dacusville	34.934272	-82.560513
Dale	32.555428	-80.701559
Dalzell	34.020267	-80.432897
Danwood	34.090306	-79.769477
Darlington	34.301383	-79.867174
Daufuskie Island	32.110537	-80.85708
Daviston	33.886173	-79.371772
DeBordieu Colony	33.370552	-79.175762
Denmark	33.313705	-81.133786
Dentsville	34.07554	-80.955161
Dillon	34.424467	-79.367588
Donalds	34.374499	-82.343202
Dovesville	34.403788	-79.908488
Drayton	34.976171	-81.902606
Due West	34.334773	-82.39033
Dunbar	33.535224	-79.352291
Duncan	34.929181	-82.147615
Dunean	34.819282	-82.423048
Easley	34.819805	-82.582161
East Camden	34.268678	-80.568123
East Gaffney	35.085377	-81.624294
Eastover	33.87789	-80.694926
East Sumter	33.926946	-80.2929
Edgefield	33.785282	-81.9286
Edisto	33.477913	-80.899303
Edisto Beach	32.498719	-80.313487
Edmund	33.863713	-81.191848
Ehrhardt	33.098512	-81.013822
Elgin	34.170209	-80.793111
Elgin	34.665791	-80.720931
Elko	33.380745	-81.380525
Elliott	34.110902	-80.171028
Elloree	33.529985	-80.570804
Enoree	34.660485	-81.96252
Estill	32.753861	-81.241189
Eureka Mill	34.717969	-81.192913
Eutawville	33.397735	-80.342931
Fairfax	32.959377	-81.236234
Fairforest	34.94714	-82.018174
Fair Play	34.50809	-82.986838
Fairview Crossroads	33.76216	-81.359474
Fingerville	35.135077	-82.000409
Finklea	34.098853	-78.985808
Five Forks	34.809889	-82.22291
Florence	34.178923	-79.792217
Floydale	34.321091	-79.337032
Folly Beach	32.669283	-79.960577
Forest Acres	34.03312	-80.97316
Forestbrook	33.724229	-78.967771
Foreston	33.636788	-80.060676
Fort Lawn	34.700233	-80.899121
Fort Mill	35.005997	-80.94
Fountain Inn	34.69665	-82.202129
Fripp Island	32.322052	-80.48686
Furman	32.681247	-81.187705
Gadsden	33.847191	-80.765601
Gaffney	35.073558	-81.661532
Gantt	34.787114	-82.401343
Garden City	33.591754	-79.006547
Gaston	33.817968	-81.099749
Gayle Mill	34.70222	-81.239229
Georgetown	33.372432	-79.280793
Gifford	32.860035	-81.238507
Gilbert	33.924111	-81.391042
Gillisonville	32.611588	-81.000179
Glendale	34.945078	-81.836373
Glenn Springs	34.811956	-81.850457
Gloverville	33.526845	-81.813055
Golden Grove	34.71873	-82.429152
Goose Creek	32.994286	-80.006587
Govan	33.22277	-81.174834
Gramling	35.077525	-82.134597
Graniteville	33.564682	-81.809231
Gray Court	34.608315	-82.115123
Great Falls	34.572131	-80.905304
Greeleyville	33.580223	-79.990022
Green Sea	34.128781	-78.972048
Greenville	34.836902	-82.362997
Greenwood	34.195409	-82.153666
Greer	34.933286	-82.230803
Grover	33.10918	-80.591958
Hamer	34.474494	-79.325403
Hampton	32.867558	-81.109405
Hanahan	32.930649	-80.00365
Harbor Island	32.408292	-80.43821
Hardeeville	32.295308	-81.040983
Harleyville	33.213065	-80.447784
Hartsville	34.366003	-80.083261
Heath Springs	34.593268	-80.675047
Helena	34.280665	-81.64449
Hemingway	33.753319	-79.446261
Hickory Grove	34.978464	-81.418057
Hilda	33.280538	-81.244711
Hilltop	34.975486	-81.958501
Hilton Head Island	32.190307	-80.738434
Hodges	34.288774	-82.249952
Holly Hill	33.32444	-80.413062
Hollywood	32.751251	-80.201928
Homeland Park	34.464155	-82.65876
Homewood	33.890078	-79.050523
Honea Path	34.447619	-82.394957
Hopkins	33.900217	-80.856751
India Hook	35.014439	-81.02812
Inman	35.045786	-82.088485
Inman Mills	35.040907	-82.102412
Irmo	34.102124	-81.195855
Irwin	34.693897	-80.822318
Islandton	32.909262	-80.935949
Isle of Palms	32.803944	-79.752353
Iva	34.308147	-82.663437
Jackson	33.328575	-81.792015
Jacksonboro	32.771756	-80.476939
James Island	32.736122	-79.937184
Jamestown	33.285876	-79.694592
Jefferson	34.65122	-80.38411
Jenkinsville	34.311089	-81.28667
Joanna	34.415926	-81.800222
Johnsonville	33.81424	-79.444288
Johnston	33.833383	-81.804823
Jonesville	34.833949	-81.68241
Judson	34.833487	-82.427234
Keowee Key	34.820929	-82.912341
Kershaw	34.544363	-80.58654
Ketchuptown	34.109079	-79.155697
Kiawah Island	32.616442	-80.060594
Kingstree	33.66723	-79.828661
Kline	33.124717	-81.34254
Ladson	33.009238	-80.10775
La France	34.616281	-82.770697
Lake City	33.867725	-79.753885
Lake Murray of Richland	34.120742	-81.265439
Lake Secession	34.289933	-82.585746
Lake View	34.340784	-79.166426
Lakewood	33.834108	-80.348877
Lake Wylie	35.098536	-81.072203
Lamar	34.169469	-80.065071
Lancaster	34.726127	-80.778965
Landrum	35.175093	-82.185727
Lane	33.525094	-79.87968
Langley	33.515188	-81.835037
Latta	34.33894	-79.433564
Laurel Bay	32.459869	-80.786541
Laurens	34.502688	-82.021413
Lesslie	34.883849	-80.9486
Lexington	33.992877	-81.221797
Liberty	34.790963	-82.701439
Lincolnville	33.007909	-80.155495
Litchfield Beach	33.474389	-79.11464
Little Mountain	34.196898	-81.412373
Little River	33.880648	-78.640489
Little Rock	34.46914	-79.389903
Live Oak	34.056045	-78.939732
Livingston	33.553119	-81.119545
Lobeco	32.55116	-80.73537
Lockhart	34.796043	-81.46698
Lodge	33.06781	-80.953698
Longcreek	34.784198	-83.256383
Loris	34.057476	-78.88842
Lowndesville	34.209909	-82.647625
Lowrys	34.804009	-81.237222
Lugoff	34.211948	-80.697601
Luray	32.814208	-81.240265
Lydia	34.286519	-80.118514
Lyman	34.973869	-82.130212
Lynchburg	34.060005	-80.076974
McBee	34.467024	-80.257128
McClellanville	33.086502	-79.468295
McColl	34.666518	-79.544169
McConnells	34.876957	-81.231605
McCormick	33.91284	-82.287591
Manning	33.693323	-80.216761
Manville	34.159769	-80.297418
Marion	34.178658	-79.395659
Mauldin	34.781025	-82.304234
Mayesville	33.984912	-80.204443
Mayo	35.085704	-81.853452
Meggett	32.689659	-80.257585
Modoc	33.721454	-82.217422
Monarch Mill	34.716122	-81.584781
Moncks Corner	33.199763	-79.986603
Monetta	33.849987	-81.609932
Mount Carmel	34.018453	-82.504446
Mount Croghan	34.769746	-80.226387
Mount Pleasant	32.808382	-79.865038
Mountville	34.373026	-81.977361
Mulberry	33.958874	-80.329078
Mullins	34.203976	-79.253639
Murphys Estates	33.60107	-81.945963
Murrells Inlet	33.55725	-79.057165
Myrtle Beach	33.71039	-78.886024
Neeses	33.536437	-81.123614
Newberry	34.282254	-81.601461
New Ellenton	33.41961	-81.682414
Newport	34.996324	-81.08072
Newry	34.724825	-82.914632
Newtown	34.401277	-79.356771
Nichols	34.23518	-79.149116
Ninety Six	34.169689	-82.02385
Norris	34.766116	-82.752535
North	33.616366	-81.102969
North Augusta	33.523303	-81.956566
North Charleston	32.917881	-80.065
North Hartsville	34.402582	-80.072269
Northlake	34.570621	-82.684299
North Myrtle Beach	33.822882	-78.699918
North Santee	33.542156	-80.41411
Norway	33.449755	-81.126672
Oak Grove	33.982989	-81.151355
Oakland	33.989366	-80.495936
Olanta	33.936183	-79.931789
Olar	33.179864	-81.185344
Olympia	33.973879	-81.036122
Orangeburg	33.493596	-80.86688
Oswego	34.005598	-80.286146
Pacolet	34.905374	-81.763712
Pageland	34.770117	-80.385705
Pamplico	33.995021	-79.570615
Parker	34.849961	-82.452971
Parksville	33.786592	-82.217367
Patrick	34.575253	-80.044655
Pauline	34.834255	-81.866313
Pawleys Island	33.428093	-79.124988
Paxville	33.739027	-80.358565
Peak	34.236325	-81.32884
Pelion	33.784861	-81.259679
Pelzer	34.643648	-82.460074
Pendleton	34.642243	-82.779112
Perry	33.628319	-81.308105
Pickens	34.885741	-82.710202
Piedmont	34.705617	-82.466746
Pimlico	33.099194	-79.959598
Pine Ridge	34.395668	-80.16842
Pine Ridge	33.902307	-81.092591
Pinewood	33.739585	-80.462016
Pinopolis	33.228617	-80.038603
Plum Branch	33.848952	-82.263838
Pomaria	34.268739	-81.417824
Port Royal	32.355371	-80.700252
Powdersville	34.780022	-82.497593
Princeton	34.491276	-82.29587
Privateer	33.816845	-80.391428
Promised Land	34.127675	-82.230701
Prosperity	34.213372	-81.528386
Quinby	34.228033	-79.735689
Rains	34.094238	-79.321393
Ravenel	32.776278	-80.231948
Red Bank	33.929544	-81.233902
Red Hill	33.777957	-79.015118
Reevesville	33.197302	-80.641685
Reidville	34.865805	-82.11064
Rembert	34.103737	-80.530522
Richburg	34.716622	-81.019578
Ridgeland	32.468844	-80.921125
Ridge Spring	33.845284	-81.661212
Ridgeville	33.090033	-80.307233
Ridgeway	34.306542	-80.960082
Riverview	35.014048	-80.988933
Rock Hill	34.938216	-81.019177
Rockville	32.602843	-80.191385
Roebuck	34.878987	-81.964442
Rowesville	33.372239	-80.836165
Ruby	34.74816	-80.179137
Russellville	33.397023	-79.963739
St. Andrews	34.051098	-81.105613
St. Charles	34.080601	-80.224938
St. George	33.186073	-80.57946
St. Matthews	33.66464	-80.778753
St. Stephen	33.403424	-79.92557
Salem	34.887923	-82.975224
Salley	33.566896	-81.303661
Saluda	34.001172	-81.771638
Sandy Springs	34.602519	-82.750927
Sangaree	33.032732	-80.125292
Sans Souci	34.890783	-82.422996
Santee	33.484582	-80.48998
Saxon	34.961107	-81.96928
Scotia	32.680498	-81.243273
Scranton	33.917295	-79.74411
Seabrook	32.534779	-80.756237
Seabrook Island	32.575013	-80.182045
Sellers	34.282594	-79.472295
Seneca	34.681059	-82.965604
Seven Oaks	34.046248	-81.14086
Sharon	34.952023	-81.343523
Sheldon	32.595532	-80.79945
Shell Point	32.37564	-80.753767
Shiloh	33.948159	-80.018913
Silverstreet	34.217712	-81.714608
Simpsonville	34.729034	-82.257523
Six Mile	34.80933	-82.811643
Slater-Marietta	35.037489	-82.49094
Smoaks	33.089453	-80.81421
Smyrna	35.042007	-81.40942
Snelling	33.244301	-81.475028
Socastee	33.687395	-79.00886
Society Hill	34.509815	-79.853535
South Congaree	33.90948	-81.13754
Southern Shops	34.982149	-81.990922
South Sumter	33.885327	-80.33765
South Union	34.559549	-83.048967
Spartanburg	34.945627	-81.925944
Springdale	34.690418	-80.776328
Springdale	33.960007	-81.112059
Springfield	33.496737	-81.279493
Starr	34.37789	-82.695327
Startex	34.929355	-82.094717
Stateburg	33.974866	-80.52594
Stuckey	33.73219	-79.513122
Sullivan's Island	32.770949	-79.831136
Summerton	33.601475	-80.352648
Summerville	33.005836	-80.179306
Summit	33.924636	-81.422583
Sumter	33.940848	-80.395543
Surfside Beach	33.609651	-78.97754
Swansea	33.740016	-81.104523
Sycamore	33.034926	-81.222535
Tamassee	34.879824	-83.014034
Tatum	34.64382	-79.58671
Taylors	34.914312	-82.313906
Tega Cay	35.039343	-81.01061
The Cliffs Valley	35.13951	-82.436034
Tigerville	35.065051	-82.369918
Timmonsville	34.133427	-79.940811
Tradesville	34.770941	-80.55022
Travelers Rest	34.959971	-82.444972
Trenton	33.740557	-81.840937
Troy	33.991876	-82.297895
Turbeville	33.889544	-80.01615
Ulmer	33.102145	-81.209005
Union	34.723468	-81.624848
Unity	34.801557	-80.691777
Utica	34.675985	-82.922099
Valley Falls	35.00657	-81.968913
Vance	33.436403	-80.420202
Van Wyck	34.855638	-80.829313
Varnville	32.852032	-81.080228
Wade Hampton	34.882735	-82.331715
Wagener	33.651301	-81.3626
Walhalla	34.769515	-83.055469
Wallace	34.723112	-79.840328
Walterboro	32.900928	-80.675944
Ward	33.857297	-81.731334
Ware Place	34.624718	-82.384822
Ware Shoals	34.387806	-82.24327
Warrenville	33.547049	-81.801689
Waterloo	34.3562	-82.057213
Watts Mills	34.516239	-81.985531
Wedgefield	33.880853	-80.515874
Welcome	34.814308	-82.471763
Wellford	34.957955	-82.095301
West Columbia	33.99013	-81.099354
Westminster	34.666556	-83.090658
West Pelzer	34.644851	-82.474836
West Union	34.756041	-83.044142
White Knoll	33.888025	-81.238637
Whitmire	34.504069	-81.614157
Whitney	34.983624	-81.92237
Wilkinson Heights	33.491877	-80.828535
Williams	33.034143	-80.842844
Williamston	34.619506	-82.478418
Willington	33.965101	-82.450293
Williston	33.401663	-81.421899
Windsor	33.480937	-81.513652
Winnsboro	34.370204	-81.090612
Winnsboro Mills	34.355784	-81.0698
Wisacky	34.146577	-80.191409
Woodfield	34.059194	-80.930611
Woodford	33.668703	-81.111955
Woodruff	34.745097	-82.037454
Wyboo	33.565715	-80.215296
Yemassee	32.678312	-80.847883
York	34.998347	-81.233066
Zion	34.258838	-79.311711
Aberdeen	45.464678	-98.468104
Agar	44.839735	-100.07345
Agency Village	45.581339	-97.072037
Akaska	45.331026	-100.120861
Albee	45.051287	-96.553535
Alcester	43.027607	-96.626844
Alexandria	43.654039	-97.779917
Allen	43.279136	-101.92651
Alpena	44.183378	-98.368362
Altamont	44.84078	-96.690152
Anderson	43.519435	-96.614197
Andover	45.410217	-97.903706
Angostura	43.318924	-103.390707
Antelope	43.309667	-100.62992
Ardmore	43.019192	-103.654266
Arlington	44.363514	-97.133822
Armour	43.319339	-98.344149
Artas	45.887226	-99.806799
Artesian	44.007895	-97.923709
Ashland Heights	44.133411	-103.123712
Ashton	44.993056	-98.499111
Astoria	44.557732	-96.546499
Aurora	44.283314	-96.682869
Aurora Center	43.527155	-98.589466
Avon	43.005203	-98.059262
Badger	44.485502	-97.207868
Baltic	43.760051	-96.736898
Bancroft	44.489368	-97.750501
Batesland	43.127142	-102.101851
Bath	45.469158	-98.323562
Bath Corner	45.462689	-98.332896
Belle Fourche	44.663798	-103.859143
Belvidere	43.832224	-101.271118
Beresford	43.079646	-96.780224
Big Stone City	45.308728	-96.472606
Bijou Hills	43.528479	-99.143858
Bison	45.52355	-102.467716
Blackhawk	44.15138	-103.334003
Blucksberg Mountain	44.359344	-103.453787
Blumengard Colony	45.241538	-99.169977
Blunt	44.51594	-99.988556
Bonesteel	43.077503	-98.946762
Bon Homme Colony	42.864698	-97.705191
Boulder Canyon	44.397099	-103.604611
Bowdle	45.451258	-99.656501
Box Elder	44.110941	-103.081066
Bradley	45.090408	-97.641945
Brandon	43.592908	-96.583769
Brandt	44.666933	-96.625156
Brant Lake	43.930827	-96.943534
Brant Lake South	43.91086	-96.940771
Brentford	45.159204	-98.322555
Brentwood Colony	45.154795	-99.302168
Bridger	44.542142	-101.913642
Bridgewater	43.55021	-97.498384
Bristol	45.343778	-97.744959
Britton	45.792371	-97.75289
Broadland	44.493825	-98.346556
Brookings	44.303364	-96.787339
Bruce	44.437787	-96.890642
Bryant	44.589903	-97.467281
Buffalo	45.586374	-103.54345
Buffalo Gap	43.492163	-103.315291
Bullhead	45.772788	-101.081389
Burbank	42.74608	-96.832718
Burke	43.182821	-99.292304
Bushnell	44.327409	-96.642346
Butler	45.261992	-97.71161
Cameron Colony	43.187805	-97.262696
Camp Crook	45.550073	-103.974931
Camrose Colony	44.934285	-98.220169
Canistota	43.597757	-97.292582
Canova	43.881257	-97.503958
Canton	43.30313	-96.585577
Caputa	43.996035	-102.984619
Carthage	44.1648	-97.72028
Castlewood	44.724158	-97.03092
Cavour	44.369329	-98.042096
Cedar Grove Colony	43.531623	-98.806421
Centerville	43.116535	-96.959477
Central City	44.368578	-103.770511
Chamberlain	43.798663	-99.329584
Chancellor	43.37184	-96.987274
Chelsea	45.167557	-98.743376
Cherry Creek	44.604741	-101.499298
Chester	43.899587	-96.927819
Claire City	45.856619	-97.103531
Claremont	45.671419	-98.015617
Claremont Colony	44.712909	-96.951236
Clark	44.880911	-97.734839
Clark Colony	44.791361	-97.981454
Clearfield Colony	43.143876	-98.142073
Clear Lake	44.75629	-96.690239
Clear Lake	45.70436	-97.355801
Cloverleaf Colony	44.183904	-97.538334
Collins Colony	44.547767	-97.701267
Colman	43.983473	-96.814745
Colome	43.259904	-99.717268
Colonial Pine Hills	44.013742	-103.314912
Colton	43.787501	-96.928552
Columbia	45.614824	-98.31064
Conde	45.157301	-98.095456
Corn Creek	43.575749	-101.208522
Corona	45.335225	-96.764581
Corsica	43.422183	-98.40745
Cottonwood	43.970396	-101.904083
Cow Creek	44.549327	-100.467967
Cresbard	45.16941	-98.947658
Crocker	45.114064	-97.770814
Crook City	44.438089	-103.643409
Crooks	43.654796	-96.806813
Custer	43.766732	-103.599636
Dakota Dunes	42.490311	-96.483992
Dallas	43.237834	-99.517511
Dante	43.039967	-98.185533
Davis	43.259528	-96.994506
Deadwood	44.387048	-103.720742
Deerfield Colony	45.587368	-98.899548
Dell Rapids	43.824824	-96.71459
Delmont	43.266638	-98.159153
De Smet	44.386148	-97.549688
Dimock	43.477376	-97.987137
Doland	44.894491	-98.099854
Dolton	43.491093	-97.384798
Draper	43.926161	-100.53718
Dudley	43.308156	-103.819218
Dupree	45.049479	-101.601316
Eagle Butte	44.994388	-101.231758
Eden	45.616766	-97.419712
Edgemont	43.297362	-103.832336
Egan	44.000333	-96.648538
Elk Point	42.681224	-96.68048
Elkton	44.235074	-96.479409
Emery	43.602	-97.619494
Enemy Swim	45.429367	-97.286856
Erwin	44.488024	-97.440858
Estelline	44.576766	-96.901082
Ethan	43.546305	-97.983399
Eureka	45.771153	-99.620686
Evergreen Colony	45.12171	-99.042528
Fairburn	43.686941	-103.208692
Fairfax	43.028049	-98.888945
Fairview	43.222028	-96.487402
Faith	45.025776	-102.036343
Farmer	43.725301	-97.68905
Faulkton	45.034155	-99.126732
Fedora	44.006667	-97.789562
Ferney	45.334553	-98.093868
Flandreau	44.045458	-96.601772
Florence	45.054789	-97.326313
Fordham Colony	44.767701	-97.906933
Forestburg	44.021201	-98.103233
Fort Pierre	44.366596	-100.382329
Fort Thompson	44.054922	-99.404829
Frankfort	44.877664	-98.309239
Frederick	45.831883	-98.506703
Freeman	43.347525	-97.430791
Fruitdale	44.669209	-103.69547
Fulton	43.72883	-97.822628
Gann Valley	44.033506	-98.988421
Garden City	44.959263	-97.580412
Garretson	43.714831	-96.503307
Gary	44.794175	-96.457096
Gayville	42.888933	-97.173726
Geddes	43.254039	-98.697359
Gettysburg	45.005982	-99.953904
Glendale Colony	44.797979	-98.286852
Glenham	45.532994	-100.271118
Golden View Colony	43.695418	-97.443644
Goodwin	44.877514	-96.849701
Graceville Colony	43.92886	-97.284002
Grassland Colony	45.668242	-98.796458
Grass Ranch Colony	43.650011	-98.883619
Green Grass	45.156622	-101.286973
Green Valley	44.038969	-103.111585
Greenwood Colony	43.214478	-98.153624
Gregory	43.229989	-99.420863
Grenville	45.466992	-97.390231
Groton	45.451677	-98.100076
Hamill	43.594048	-99.693197
Harrisburg	43.434258	-96.712429
Harrison	43.431129	-98.526711
Harrold	44.525781	-99.741644
Hartford	43.61954	-96.936994
Hayti	44.658921	-97.204624
Hazel	44.758225	-97.380991
Hecla	45.882139	-98.1519
Henry	44.880856	-97.461557
Hermosa	43.83987	-103.190531
Herreid	45.837808	-100.074684
Herrick	43.115017	-99.188214
Hetland	44.377229	-97.23467
Highmore	44.52137	-99.439332
Hill City	43.931815	-103.568736
Hillcrest Colony	44.942469	-97.667189
Hillside Colony	44.73832	-98.047318
Hillsview	45.661968	-99.560659
Hitchcock	44.629367	-98.408206
Horse Creek	43.532965	-100.741923
Hosmer	45.578787	-99.473642
Hot Springs	43.41953	-103.465089
Hoven	45.241615	-99.777521
Howard	44.011656	-97.524566
Hudson	43.130108	-96.455618
Humboldt	43.64494	-97.07452
Hurley	43.279327	-97.089437
Huron	44.362341	-98.209571
Huron Colony	44.563437	-98.205468
Hutterville Colony	45.266322	-98.211516
Ideal	43.540003	-99.921751
Interior	43.727274	-101.983298
Ipswich	45.443459	-99.029995
Irene	43.083705	-97.157586
Iroquois	44.367859	-97.849532
Isabel	45.393744	-101.431515
Jamesville Colony	43.101534	-97.481777
Java	45.503819	-99.883882
Jefferson	42.604266	-96.566089
Johnson Siding	44.084565	-103.437985
Kadoka	43.828613	-101.501241
Kaylor	43.193624	-97.844102
Kenel	45.854496	-100.459222
Kennebec	43.903477	-99.862001
Keystone	43.894939	-103.426809
Kidder	45.88171	-97.713849
Kimball	43.746962	-98.956559
Kranzburg	44.888855	-96.909348
Kyle	43.42475	-102.179586
La Bolt	45.049038	-96.675163
Lake Andes	43.156041	-98.537287
Lake City	45.724753	-97.414023
Lake Madison	43.955116	-97.026614
Lake Norden	44.580057	-97.211569
Lake Poinsett	44.572462	-97.108429
Lake Preston	44.361663	-97.375992
Lakeview Colony	43.220202	-98.456374
Lane	44.069689	-98.42462
Langford	45.602279	-97.830224
Lantry	45.018387	-101.432875
La Plant	45.128207	-100.640898
Lead	44.352762	-103.767111
Lebanon	45.068784	-99.76638
Lemmon	45.93835	-102.159803
Lennox	43.34951	-96.893689
Leola	45.721139	-98.938466
Lesterville	43.038603	-97.590613
Letcher	43.900282	-98.146357
Little Eagle	45.68507	-100.794794
Long Hollow	45.683459	-97.158649
Long Lake	45.856661	-99.205788
Long Lake Colony	45.602553	-98.826007
Loomis	43.792945	-98.104094
Lower Brule	44.074134	-99.583754
Lowry	45.315584	-99.981154
Lyons	43.724889	-96.866168
McIntosh	45.921044	-101.348558
McLaughlin	45.813307	-100.810682
Madison	44.006223	-97.108481
Manderson-White Horse Creek	43.235039	-102.491511
Mansfield	45.24648	-98.558154
Marion	43.423571	-97.260549
Martin	43.174875	-101.732315
Marty	42.996489	-98.430196
Marvin	45.260507	-96.915387
Maverick Junction	43.40874	-103.395888
Maxwell Colony	43.18244	-97.635148
Mayfield Colony	44.694186	-97.581162
Meadow View Addition	43.623712	-96.701189
Meckling	42.840115	-97.06724
Mellette	45.154391	-98.498355
Menno	43.238489	-97.577437
Midland	44.071067	-101.155442
Milbank	45.219432	-96.633696
Millbrook Colony	43.668098	-97.871005
Miller	44.520028	-98.986177
Millerdale Colony	44.397422	-99.110278
Milltown	43.424753	-97.810895
Mina	45.454528	-98.73919
Mission	43.306273	-100.660908
Mission Hill	42.920757	-97.279053
Mitchell	43.727072	-98.042192
Mobridge	45.540961	-100.434905
Monroe	43.486533	-97.216671
Montrose	43.699771	-97.184405
Morningside	44.367629	-98.181393
Morristown	45.938622	-101.71883
Mound City	45.726179	-100.068837
Mountain Plains	44.467003	-103.863573
Mount Vernon	43.712676	-98.261186
Murdo	43.889361	-100.714156
Naples	44.771645	-97.513038
Newdale Colony	44.290013	-96.524318
New Effington	45.857577	-96.915005
Newell	44.717454	-103.418329
New Elm Spring Colony	43.48918	-97.828377
New Holland	43.428675	-98.607331
Newport Colony	45.679083	-97.932789
New Underwood	44.097541	-102.846862
New Witten	43.440641	-100.081957
Nisland	44.673046	-103.553842
Norfeld Colony	44.423263	-96.55617
Norris	43.472289	-101.192798
North Eagle Butte	45.021502	-101.230904
North Sioux City	42.530926	-96.499552
North Spearfish	44.510715	-103.904497
Northville	45.155384	-98.579325
Nunda	44.159852	-97.019394
Oacoma	43.804516	-99.366082
Oahe Acres	44.464816	-100.344913
Oak Lane Colony	43.509897	-97.741244
Oelrichs	43.182023	-103.233427
Oglala	43.191564	-102.709674
Okaton	43.852108	-100.881366
Okreek	43.348475	-100.38866
Ola	43.600503	-99.211375
Old Elm Spring Colony	43.491801	-97.804332
Oldham	44.228201	-97.309527
Olivet	43.24303	-97.674674
Onaka	45.19118	-99.464715
Onida	44.704872	-100.067506
Oral	43.406457	-103.261554
Orient	44.90171	-99.088712
Orland Colony	43.821573	-97.199015
Ortley	45.334946	-97.204946
Parker	43.397773	-97.133357
Parkston	43.392946	-97.986424
Parmelee	43.333681	-101.042951
Pearl Creek Colony	44.326034	-97.918419
Peever	45.54224	-96.956124
Peever Flats	45.523388	-96.935548
Pembrook Colony	45.372963	-98.993046
Philip	44.040888	-101.664805
Pickstown	43.067007	-98.529614
Piedmont	44.217226	-103.375388
Pierpont	45.495281	-97.832041
Pierre	44.375163	-100.319996
Pine Lakes Addition	43.551171	-96.635433
Pine Ridge	43.026919	-102.552352
Plainview Colony	45.581164	-99.011491
Plankinton	43.715421	-98.483616
Platte	43.386903	-98.843451
Platte Colony	43.467898	-99.126223
Pleasant Valley Colony	44.058869	-96.470966
Poinsett Colony	44.64142	-96.900264
Pollock	45.900515	-100.288525
Porcupine	43.268525	-102.335259
Prairie City	45.536054	-102.817088
Prairiewood Village	45.509376	-98.419403
Presho	43.907158	-100.05837
Pringle	43.608994	-103.594582
Provo	43.193653	-103.832937
Pukwana	43.779139	-99.184293
Quinn	43.98658	-102.126346
Ramona	44.119872	-97.215415
Rapid City	44.071071	-103.217924
Rapid Valley	44.067458	-103.122315
Ravinia	43.136494	-98.426861
Raymond	44.910547	-97.937258
Redfield	44.873315	-98.519214
Ree Heights	44.515823	-99.200525
Reliance	43.880401	-99.601172
Renner Corner	43.648746	-96.702072
Revillo	45.015315	-96.571104
Richland	42.763417	-96.64785
Riverside Colony	44.478097	-98.137241
Rockham	44.90428	-98.823412
Rockport Colony	43.581986	-97.843052
Rolland Colony	44.3437	-96.59226
Roscoe	45.450093	-99.336714
Rosebud	43.238697	-100.815038
Rosedale Colony	43.626716	-97.875335
Rosholt	45.866192	-96.731776
Roslyn	45.496614	-97.492699
Roswell	44.005973	-97.697451
Rowena	43.519088	-96.556151
Running Water	42.782167	-97.981669
Rustic Acres Colony	43.869779	-97.098962
St. Charles	43.088126	-99.094883
St. Francis	43.142605	-100.902786
St. Lawrence	44.516607	-98.937878
St. Onge	44.545747	-103.719856
Salem	43.722825	-97.389306
Scotland	43.148189	-97.719838
Selby	45.50573	-100.032904
Seneca	45.060804	-99.509165
Shamrock Colony	44.620961	-97.965059
Shannon Colony	43.982612	-97.425074
Sherman	43.757545	-96.475742
Shindler	43.467706	-96.635522
Sicangu Village	43.013755	-100.575718
Silver Lake Colony	44.865552	-97.608671
Sinai	44.244494	-97.044031
Sioux Falls	43.540696	-96.731962
Sisseton	45.662499	-97.045293
Smithwick	43.297581	-103.216297
Soldier Creek	43.332643	-100.896809
South Shore	45.10151	-96.930111
Spearfish	44.492094	-103.819652
Spencer	43.727466	-97.59111
Spink Colony	44.744949	-98.289184
Spring Creek	43.11537	-101.030689
Spring Creek Colony	45.907694	-98.880645
Springfield	42.86235	-97.896454
Spring Lake Colony	44.23495	-97.174803
Spring Valley Colony	44.039516	-98.881321
Stephan	44.249138	-99.456674
Stickney	43.589304	-98.437636
Stockholm	45.103038	-96.798352
Storla	43.862499	-98.352622
Strandburg	45.044067	-96.760441
Stratford	45.317449	-98.30434
Sturgis	44.411998	-103.500609
Summerset	44.193309	-103.342237
Summit	45.305574	-97.039106
Sunset Colony	45.809492	-97.885151
Swift Bird	45.060062	-100.354509
Tabor	42.947672	-97.65939
Tea	43.455626	-96.823997
Thunderbird Colony	45.191069	-99.262278
Timber Lake	45.429414	-101.071434
Tolstoy	45.208148	-99.613985
Toronto	44.572404	-96.641368
Trent	43.906265	-96.657813
Tripp	43.22541	-97.965829
Tschetter Colony	43.368277	-97.693282
Tulare	44.738221	-98.508932
Turton	45.048957	-98.097407
Twin Brooks	45.208974	-96.785505
Two Strike	43.216362	-100.908211
Tyndall	42.98987	-97.864223
Upland Colony	43.877143	-97.977538
Utica	42.981085	-97.496661
Vale	44.618315	-103.39868
Valley Springs	43.582079	-96.46587
Veblen	45.861989	-97.28691
Verdon	45.244189	-98.09919
Vermillion	42.7814	-96.925402
Viborg	43.172235	-97.082427
Vienna	44.703163	-97.50002
Vilas	44.008433	-97.595616
Virgil	44.290937	-98.4276
Vivian	43.927267	-100.301123
Volga	44.321837	-96.922204
Volin	42.958621	-97.181185
Wagner	43.07695	-98.291425
Wakonda	43.008115	-97.105974
Wakpala	45.659402	-100.535546
Wall	43.994057	-102.24493
Wallace	45.084459	-97.478129
Wanblee	43.571404	-101.660917
Ward	44.154813	-96.462592
Warner	45.325174	-98.495239
Wasta	44.069531	-102.446368
Watertown	44.909188	-97.155685
Waubay	45.334533	-97.305474
Waverly	44.99867	-96.974135
Webster	45.336562	-97.521829
Wentworth	43.996945	-96.964546
Wessington	44.455112	-98.69679
Wessington Springs	44.080526	-98.571223
West Brule	44.072742	-99.638363
Westport	45.647806	-98.498118
Westwood Colony	45.892867	-97.781406
Wetonka	45.624216	-98.771741
White	44.435904	-96.64601
Whitehorse	45.274631	-100.901179
White Horse	43.310101	-100.597686
White Lake	43.72828	-98.712023
White River	43.567068	-100.744875
White Rock	45.924744	-96.576176
White Rock Colony	45.910569	-96.635908
Whitewood	44.461761	-103.638097
Willow Lake	44.627901	-97.638057
Wilmot	45.409104	-96.854561
Winfred	43.998795	-97.361614
Winner	43.377613	-99.855064
Wolf Creek Colony	43.352777	-97.616014
Wolsey	44.410763	-98.473892
Wonderland Homes	44.204118	-103.344542
Wood	43.497059	-100.480158
Woonsocket	44.054198	-98.271711
Worthing	43.330046	-96.768247
Wounded Knee	43.143548	-102.368236
Yale	44.433455	-97.987907
Yankton	42.889751	-97.392687
Adams	36.58281	-87.065113
Adamsville	35.237529	-88.378383
Alamo	35.782937	-89.116878
Alcoa	35.806985	-83.97304
Alexandria	36.079081	-86.038092
Algood	36.199964	-85.446773
Allardt	36.381087	-84.881393
Altamont	35.433855	-85.73861
Andersonville	36.196956	-84.033061
Apison	35.004854	-85.009676
Ardmore	35.004441	-86.850713
Arlington	35.252517	-89.661149
Ashland City	36.25617	-87.032741
Athens	35.456809	-84.604522
Atoka	35.425858	-89.784414
Atwood	35.974723	-88.668898
Auburntown	35.952608	-86.093476
Baileyton	36.324346	-82.836049
Baneberry	36.046375	-83.278211
Banner Hill	36.122261	-82.420288
Bartlett	35.234169	-89.820266
Baxter	36.153678	-85.634922
Bean Station	36.338425	-83.28519
Beech Bluff	35.604648	-88.629207
Beersheba Springs	35.458984	-85.668816
Bell Buckle	35.590783	-86.353762
Belle Meade	36.099441	-86.85626
Bells	35.719717	-89.085379
Belvidere	35.128085	-86.188071
Benton	35.174905	-84.651709
Berry Hill	36.119618	-86.767453
Bethel Springs	35.234146	-88.613109
Bethpage	36.484267	-86.308523
Big Rock	36.57663	-87.757922
Big Sandy	36.232681	-88.085062
Biltmore	36.368736	-82.221133
Blaine	36.144719	-83.69554
Blanche	35.043705	-86.753261
Bloomingdale	36.582269	-82.506765
Blountville	36.532994	-82.32887
Bluff City	36.459484	-82.277888
Bogota	36.162032	-89.43898
Bolivar	35.264019	-89.011896
Bon Air	35.933264	-85.370127
Bon Aqua Junction	35.928121	-87.312356
Bowman	36.061625	-85.035721
Braden	35.368471	-89.571791
Bradford	36.073782	-88.81632
Bransford	36.513296	-86.285261
Brentwood	35.993904	-86.770834
Briceville	36.177839	-84.183615
Brighton	35.481272	-89.735359
Bristol	36.558549	-82.217001
Brownsville	35.589036	-89.257856
Bruceton	36.034881	-88.24657
Buchanan	36.434018	-88.202751
Bulls Gap	36.261636	-83.078843
Burlison	35.55689	-89.784603
Burns	36.057839	-87.320358
Butler	36.357069	-82.035589
Byrdstown	36.573626	-85.134193
Calhoun	35.301834	-84.741456
Camden	36.066251	-88.104609
Carthage	36.256557	-85.942885
Caryville	36.311661	-84.199713
Castalian Springs	36.401198	-86.306778
Cedar Hill	36.551193	-87.001252
Celina	36.547611	-85.503754
Centertown	35.725116	-85.919742
Centerville	35.8262	-87.438292
Central	36.333803	-82.296864
Chapel Hill	35.628041	-86.696901
Charleston	35.285693	-84.760797
Charlotte	36.186136	-87.338884
Chattanooga	35.065958	-85.248386
Chesterfield	35.652772	-88.266975
Chewalla	35.020862	-88.642673
Childers Hill	35.081499	-88.326711
Christiana	35.719269	-86.412922
Church Hill	36.519626	-82.714098
Clarkrange	36.18572	-85.009605
Clarksburg	35.87048	-88.393721
Clarksville	36.56643	-87.345216
Cleveland	35.180044	-84.871288
Clifton	35.377286	-87.991172
Clinton	36.097338	-84.128945
Coalfield	36.022835	-84.442491
Coalmont	35.344173	-85.713781
Coker Creek	35.263214	-84.28821
Collegedale	35.053458	-85.047991
Collierville	35.048925	-89.697076
Collinwood	35.17451	-87.744093
Colonial Heights	36.49445	-82.490623
Columbia	35.623804	-87.042514
Conasauga	35.005212	-84.727607
Cookeville	36.146926	-85.512653
Coopertown	36.414238	-86.965786
Copperhill	34.998971	-84.391339
Cornersville	35.363395	-86.858376
Cosby	35.795132	-83.245657
Cottage Grove	36.378173	-88.478957
Cottontown	36.448941	-86.533597
Counce	35.040447	-88.2717
Covington	35.565916	-89.648497
Cowan	35.163028	-86.014118
Crab Orchard	35.906604	-84.884714
Cross Plains	36.541247	-86.676636
Crossville	35.953422	-85.030249
Crump	35.224859	-88.330789
Cumberland City	36.379739	-87.639869
Cumberland Gap	36.597415	-83.66579
Dancyville	35.4067	-89.297041
Dandridge	36.030124	-83.429831
Darden	35.638402	-88.226111
Dayton	35.495406	-85.008652
Decatur	35.529137	-84.793319
Decaturville	35.581907	-88.11951
Decherd	35.215851	-86.074705
Delano	35.25645	-84.561726
Dellrose	35.11583	-86.80352
Dickson	36.06332	-87.368842
Dodson Branch	36.314886	-85.532187
Dover	36.481588	-87.843775
Dowelltown	36.012509	-85.942575
Doyle	35.855273	-85.512084
Dresden	36.279924	-88.6991
Ducktown	35.036033	-84.384832
Dukedom	36.493955	-88.721924
Dunlap	35.36753	-85.389828
Dyer	36.071623	-88.993923
Dyersburg	36.046823	-89.37797
Eagleton Village	35.788178	-83.936225
Eagleville	35.742127	-86.65283
East Cleveland	35.152546	-84.85416
East Ridge	34.997302	-85.228507
Eastview	35.087663	-88.551685
Elgin	36.328397	-84.609059
Elizabethton	36.339572	-82.2378
Elkton	35.062844	-86.895811
Embreeville	36.175869	-82.448926
Englewood	35.422852	-84.488274
Enville	35.391056	-88.430313
Erin	36.316278	-87.700837
Erwin	36.145833	-82.411994
Essary Springs	35.011269	-88.802494
Estill Springs	35.259226	-86.133745
Ethridge	35.321751	-87.301322
Etowah	35.338141	-84.5282
Eva	36.067853	-88.007075
Fairfield	36.620881	-86.342491
Fairfield Glade	36.003783	-84.872738
Fairgarden	35.898225	-83.411961
Fairmount	35.186456	-85.330236
Fairview	35.982389	-87.12702
Fall Branch	36.41615	-82.624187
Falling Water	35.195925	-85.259423
Farner	35.154361	-84.319024
Farragut	35.87618	-84.180016
Fayetteville	35.150178	-86.562298
Fincastle	36.403811	-84.047922
Finger	35.357019	-88.616995
Finley	36.035723	-89.479891
Flat Top Mountain	35.331901	-85.200046
Flintville	35.060165	-86.416468
Forest Hills	36.069968	-86.83623
Fowlkes	35.971969	-89.387933
Frankewing	35.194433	-86.856838
Franklin	35.914025	-86.852161
Friendship	35.908436	-89.241445
Friendsville	35.756353	-84.131961
Gadsden	35.776782	-88.986126
Gainesboro	36.363219	-85.64868
Gallatin	36.381524	-86.467021
Gallaway	35.320853	-89.608146
Garland	35.587779	-89.753096
Gates	35.840544	-89.408085
Gatlinburg	35.724979	-83.493805
Germantown	35.081957	-89.782584
Gibson	35.874289	-88.843905
Gilt Edge	35.534074	-89.830734
Gladeville	36.115741	-86.431547
Gleason	36.217382	-88.610668
Goodlettsville	36.33303	-86.704229
Gordonsville	36.186129	-85.93149
Graball	36.4837	-86.43953
Grand Junction	35.049955	-89.188862
Gray	36.421146	-82.476467
Graysville	35.449332	-85.076359
Greenback	35.64742	-84.168215
Greenbrier	36.421563	-86.790152
Greeneville	36.168016	-82.819669
Greenfield	36.165098	-88.807279
Green Hill	36.232132	-86.573154
Greenvale	36.005486	-86.201211
Griffith Creek	35.276049	-85.53603
Grimsley	36.276069	-84.996942
Gruetli-Laager	35.372571	-85.637403
Guys	35.01518	-88.534949
Halls	36.081676	-83.934383
Halls	35.881052	-89.408713
Hampton	36.277252	-82.172789
Harriman	35.930378	-84.562583
Harrison	35.125044	-85.147132
Harrogate	36.575228	-83.646164
Hartsville/Trousdale County	36.39303	-86.156691
Helenwood	36.434203	-84.553351
Henderson	35.443074	-88.656556
Hendersonville	36.307294	-86.598891
Henning	35.68457	-89.574329
Henry	36.201105	-88.411367
Hickman	36.14518	-85.941235
Hickory Valley	35.154904	-89.125983
Hilham	36.410002	-85.442069
Hillsboro	35.404432	-85.954094
Hohenwald	35.551503	-87.553916
Holladay	35.87195	-88.144936
Hollow Rock	36.035346	-88.269207
Hopewell	35.238816	-84.913871
Hornbeak	36.335148	-89.298254
Hornsby	35.22871	-88.829619
Humboldt	35.827395	-88.904477
Hunter	36.401915	-82.150553
Huntingdon	36.006102	-88.41725
Huntland	35.057884	-86.268927
Huntsville	36.41766	-84.509846
Huron	35.593505	-88.536041
Iron City	35.022616	-87.585468
Jacksboro	36.335164	-84.192679
Jacks Creek	35.469125	-88.514578
Jackson	35.654148	-88.834972
Jamestown	36.430977	-84.932748
Jasper	35.068255	-85.621162
Jefferson City	36.120803	-83.483318
Jellico	36.571562	-84.116199
John Sevier	36.037947	-83.825769
Johnson City	36.342325	-82.380915
Jonesborough	36.295969	-82.476309
Kahite	35.568689	-84.236464
Karns	35.977788	-84.109135
Kenton	36.202189	-89.01802
Kimball	35.0469	-85.674015
Kingsport	36.51937	-82.543393
Kingston	35.872669	-84.504486
Kingston Springs	36.081868	-87.108965
Knoxville	35.97068	-83.94927
Lafayette	36.524047	-86.030593
La Follette	36.371716	-84.125649
La Grange	35.04765	-89.24087
Lakeland	35.26283	-89.724981
Lakesite	35.202719	-85.141238
Lake Tansi	35.870276	-85.060577
Lakewood Park	35.648635	-86.135366
La Vergne	36.022237	-86.559384
Lavinia	35.850834	-88.652683
Lawrenceburg	35.249713	-87.332502
Lebanon	36.199381	-86.344634
Lenoir City	35.815836	-84.283015
Lenox	36.087644	-89.497252
Leoma	35.158146	-87.346502
Lewisburg	35.451575	-86.79071
Lexington	35.642128	-88.375313
Liberty	36.004547	-85.977845
Linden	35.612269	-87.843017
Livingston	36.386637	-85.326101
Lobelville	35.751653	-87.797505
Lone Oak	35.200757	-85.368479
Lookout Mountain	34.994485	-85.351577
Loretto	35.080967	-87.439456
Loudon	35.737244	-84.362102
Louisville	35.82269	-84.052652
Luray	35.601704	-88.570246
Luttrell	36.209619	-83.748494
Lyles	35.919496	-87.344979
Lynchburg, Moore County metropolitan government	35.288888	-86.358684
Lynnville	35.378104	-87.005437
McDonald	35.108782	-84.985289
McEwen	36.109837	-87.635517
McKenzie	36.136643	-88.507107
McLemoresville	35.98625	-88.580123
McMinnville	35.686302	-85.781219
Madisonville	35.523204	-84.362972
Manchester	35.464125	-86.072895
Martin	36.337885	-88.851365
Maryville	35.747977	-83.980012
Mascot	36.068731	-83.763913
Mason	35.412826	-89.541212
Maury City	35.814475	-89.223868
Mayland	36.045896	-85.20694
Maynardville	36.246953	-83.805677
Medina	35.817047	-88.790458
Medon	35.452075	-88.862651
Memphis	35.109026	-89.967455
Mercer	35.474523	-89.039372
Michie	35.060432	-88.425713
Middleton	35.06932	-88.89418
Middle Valley	35.190745	-85.197462
Midtown	35.88033	-84.574772
Milan	35.91203	-88.753963
Milledgeville	35.377598	-88.366061
Millersville	36.396817	-86.71105
Millington	35.333714	-89.899539
Minor Hill	35.056619	-87.160722
Miston	36.160409	-89.494007
Mitchellville	36.634345	-86.539957
Monteagle	35.235845	-85.850242
Monterey	36.144623	-85.264271
Mooresburg	36.350737	-83.235197
Morris Chapel	35.313929	-88.355796
Morrison	35.607118	-85.907448
Morristown	36.204351	-83.300032
Moscow	35.062418	-89.382277
Mosheim	36.19556	-82.965597
Mountain City	36.469565	-81.804891
Mount Carmel	36.564875	-82.66777
Mount Juliet	36.1992	-86.509489
Mount Pleasant	35.54815	-87.186928
Mowbray Mountain	35.275117	-85.222552
Munford	35.442869	-89.815922
Murfreesboro	35.853915	-86.421224
Nashville-Davidson metropolitan government (balance)	36.1718	-86.785002
Newbern	36.116881	-89.271363
New Deal	36.513864	-86.562867
New Hope	34.999428	-85.668442
New Johnsonville	36.016466	-87.969457
New Market	36.095522	-83.557037
Newport	35.961624	-83.197624
New Tazewell	36.438127	-83.60521
New Union	35.533951	-86.083241
Niota	35.517166	-84.549854
Nixon	35.11479	-88.258227
Nolensville	35.957114	-86.671921
Norene	36.054061	-86.238175
Normandy	35.452249	-86.258217
Norris	36.213706	-84.062921
Oakdale	35.992746	-84.556683
Oak Grove	36.572167	-86.37809
Oak Grove	36.425062	-82.434054
Oak Hill	36.068447	-86.793127
Oakland	35.226102	-89.538172
Oak Ridge	35.966483	-84.290549
Obion	36.25577	-89.182588
Ocoee	35.123508	-84.716729
Oliver Springs	36.039859	-84.328487
Olivet	35.204752	-88.193899
Oneida	36.515667	-84.510819
Ooltewah	35.072335	-85.054466
Orebank	36.555955	-82.464071
Orlinda	36.593839	-86.701561
Orme	35.0147	-85.80481
Palmer	35.357562	-85.565599
Palmersville	36.408409	-88.584223
Paris	36.292739	-88.308057
Park City	35.077877	-86.584122
Parker's Crossroads	35.789383	-88.39055
Parrottsville	36.00823	-83.091548
Parsons	35.651216	-88.123058
Pegram	36.103664	-87.056529
Pelham	35.334137	-85.87029
Petersburg	35.317347	-86.64058
Petros	36.102773	-84.450322
Philadelphia	35.67905	-84.399914
Pigeon Forge	35.798005	-83.563784
Pikeville	35.615358	-85.193362
Pine Crest	36.293202	-82.308919
Pinson	35.479	-88.741273
Piperton	35.052754	-89.609631
Pittman Center	35.759506	-83.388492
Plainview	36.180707	-83.793326
Pleasant Hill	35.97389	-85.201987
Pleasant View	36.389266	-87.045493
Pocahontas	35.054731	-88.801903
Portland	36.597486	-86.526621
Powell	36.035851	-84.029652
Powells Crossroads	35.184817	-85.484776
Prospect	35.02189	-86.998944
Pulaski	35.192988	-87.034734
Puryear	36.441368	-88.332423
Ramer	35.071873	-88.614889
Randolph	35.518863	-89.884601
Rarity Bay	35.634812	-84.253738
Red Bank	35.111695	-85.296162
Red Boiling Springs	36.530175	-85.848174
Riceville	35.389475	-84.698855
Ridgely	36.263214	-89.48062
Ridgeside	35.034917	-85.247008
Ridgetop	36.403749	-86.767724
Ripley	35.746081	-89.534107
Rives	36.356161	-89.049605
Roan Mountain	36.186662	-82.070538
Robbins	36.353659	-84.583878
Rockford	35.839687	-83.935287
Rockvale	35.766663	-86.521228
Rockwood	35.870081	-84.674943
Rocky Top	36.22493	-84.154789
Rogersville	36.40826	-83.004184
Rossville	35.038031	-89.54171
Rural Hill	36.118287	-86.51471
Russellville	36.258013	-83.196774
Rutherford	36.122081	-88.992851
Rutledge	36.274373	-83.532716
St. Joseph	35.032979	-87.500778
Sale Creek	35.386419	-85.082389
Saltillo	35.380464	-88.253597
Samburg	36.381703	-89.352448
Sardis	35.442436	-88.291187
Saulsbury	35.048786	-89.088333
Savannah	35.220926	-88.235062
Scotts Hill	35.518306	-88.252308
Selmer	35.170593	-88.595102
Sequatchie	35.111487	-85.596569
Sevierville	35.889691	-83.579861
Sewanee	35.19788	-85.921476
Seymour	35.882655	-83.761629
Shackle Island	36.377529	-86.616826
Sharon	36.235102	-88.825146
Shelbyville	35.501329	-86.451676
Sherwood	35.074888	-85.92591
Shiloh	35.109845	-88.364533
Signal Mountain	35.143893	-85.341469
Silerton	35.34235	-88.809941
Slayden	36.291314	-87.465614
Smithville	35.958362	-85.821117
Smyrna	35.969019	-86.528617
Sneedville	36.535672	-83.210028
Soddy-Daisy	35.261575	-85.172121
Somerville	35.232205	-89.375355
South Carthage	36.239702	-85.957462
South Cleveland	35.109298	-84.909732
South Fulton	36.49334	-88.883654
South Pittsburg	35.011154	-85.718225
Sparta	35.934736	-85.47264
Spencer	35.73924	-85.456052
Spring City	35.686385	-84.864229
Springfield	36.493599	-86.872209
Spring Hill	35.746621	-86.916833
Spurgeon	36.444433	-82.461254
Stanton	35.461332	-89.401373
Stantonville	35.156934	-88.430176
Statesville	36.019829	-86.120605
Strawberry Plains	36.064315	-83.645185
Sullivan Gardens	36.487701	-82.59113
Summertown	35.434421	-87.30846
Sunbright	36.242686	-84.679964
Surgoinsville	36.47244	-82.86088
Sweetwater	35.602623	-84.473378
Taft	35.02614	-86.717664
Tazewell	36.462502	-83.567034
Telford	36.253418	-82.547762
Tellico Plains	35.366495	-84.298138
Tellico Village	35.697885	-84.263596
Tennessee Ridge	36.318093	-87.767946
Thompson's Station	35.812608	-86.910077
Three Way	35.772016	-88.857222
Tiptonville	36.376076	-89.475327
Toone	35.356481	-88.954195
Townsend	35.676321	-83.752995
Tracy City	35.263044	-85.755668
Trenton	35.973196	-88.945218
Trezevant	36.01094	-88.620604
Trimble	36.20202	-89.187969
Troy	36.341911	-89.158201
Tuckers Crossroads	36.206622	-86.167638
Tullahoma	35.373311	-86.218277
Tusculum	36.175006	-82.745391
Unicoi	36.221771	-82.329224
Union City	36.427088	-89.04772
Unionville	35.611753	-86.573883
Valley Forge	36.304242	-82.194807
Vanleer	36.236742	-87.448314
Viola	35.542427	-85.859567
Vonore	35.597163	-84.234492
Walden	35.163488	-85.309851
Walland	35.732045	-83.806818
Walnut Grove	35.047911	-88.06414
Walnut Grove	36.488977	-86.605692
Walnut Hill	36.567868	-82.265725
Walterhill	35.957291	-86.367849
Wartburg	36.103953	-84.586403
Wartrace	35.52533	-86.330137
Watauga	36.368282	-82.292003
Watertown	36.10065	-86.139439
Waverly	36.093852	-87.784687
Waynesboro	35.323503	-87.759332
Westmoreland	36.565359	-86.243956
Westpoint	35.134862	-87.537625
White Bluff	36.100947	-87.211874
White House	36.46492	-86.668486
White Pine	36.101255	-83.285661
Whiteside	34.994556	-85.486845
Whiteville	35.317931	-89.149744
Whitlock	36.366865	-88.361828
Whitwell	35.192393	-85.521532
Wildersville	35.776654	-88.356143
Wildwood	35.799857	-83.868543
Wildwood Lake	35.088202	-84.847707
Williston	35.158496	-89.375391
Winchester	35.189104	-86.104898
Winfield	36.563181	-84.446306
Woodbury	35.82473	-86.072434
Woodland Mills	36.476652	-89.110423
Wrigley	35.89979	-87.35366
Wynnburg	36.330021	-89.468553
Yorkville	36.097601	-89.118336
Yuma	35.843769	-88.337197
Abbott	31.885139	-97.074106
Abernathy	33.826811	-101.85205
Abilene	32.454514	-99.738147
Abram	26.211634	-98.41185
Acala	31.334406	-105.902786
Ackerly	32.525063	-101.715847
Addison	32.963744	-96.833805
Adrian	35.274119	-102.667247
Agua Dulce	31.654853	-106.136903
Agua Dulce	27.78273	-97.90985
Aguilares	27.451627	-99.093233
Airport Heights	26.408735	-98.836695
Airport Road Addition	27.218988	-98.098093
Alamo	26.180987	-98.11753
Alamo Beach	28.572277	-96.564179
Alamo Heights	29.482803	-98.468191
Alanreed	35.211987	-100.732629
Alba	32.786667	-95.632463
Albany	32.727266	-99.295664
Aldine	29.913438	-95.377431
Aledo	32.697387	-97.606866
Alfred	27.874076	-97.979863
Alice	27.755616	-98.065812
Alice Acres	27.711892	-98.107973
Allen	33.109736	-96.673032
Allison	35.61198	-100.111539
Alma	32.276227	-96.543181
Alpine	30.363905	-103.664456
Alto	31.650982	-95.070785
Alto Bonito Heights	26.315777	-98.641329
Alton	26.287779	-98.309008
Alvarado	32.406109	-97.216012
Alvin	29.424772	-95.224432
Alvord	33.356968	-97.696026
Amada Acres	26.343268	-98.739267
Amargosa	27.892949	-98.108861
Amarillo	35.198064	-101.833107
Amaya	28.713886	-99.835838
Ames	30.045078	-94.737316
Amherst	34.011982	-102.414776
Amistad	29.524493	-101.15305
Anacua	26.385581	-98.919151
Anahuac	29.765163	-94.678502
Anderson	30.486755	-95.990321
Andrews	32.321336	-102.551846
Angleton	29.171774	-95.429311
Angus	31.999468	-96.427686
Anna	33.348167	-96.553452
Annetta	32.701294	-97.66937
Annetta North	32.712846	-97.642379
Annetta South	32.672743	-97.616648
Annona	33.581811	-94.913079
Anson	32.754511	-99.896175
Anthony	31.986731	-106.598634
Anton	33.810736	-102.16221
Appleby	31.717027	-94.60777
Aquilla	31.853894	-97.21964
Aransas Pass	27.914964	-97.103203
Archer City	33.593954	-98.6255
Arcola	29.503789	-95.469568
Argyle	33.105493	-97.17752
Arlington	32.700708	-97.124691
Arp	32.226002	-95.052538
Arroyo Colorado Estates	26.185638	-97.611826
Arroyo Gardens	26.20145	-97.499704
Asherton	28.446118	-99.760322
Aspermont	33.140921	-100.224867
Atascocita	29.977874	-95.194624
Athens	32.202603	-95.830799
Atlanta	33.113238	-94.16761
Aubrey	33.30855	-96.979088
Aurora	33.055942	-97.509615
Austin	30.298622	-97.754134
Austwell	28.391101	-96.843715
Avery	33.551195	-94.780084
Avinger	32.896894	-94.552742
Azle	32.895547	-97.53923
Bacliff	29.508637	-94.988677
Bailey	33.433622	-96.165093
Bailey's Prairie	29.147803	-95.499847
Baird	32.396067	-99.395993
Balch Springs	32.713904	-96.618062
Balcones Heights	29.490225	-98.549138
Ballinger	31.739146	-99.955413
Balmorhea	30.982403	-103.744999
B and E	26.356531	-98.753675
Bandera	29.725126	-99.074261
Bangs	31.71613	-99.13032
Banquete	27.800017	-97.796112
Bardwell	32.267076	-96.695539
Barksdale	29.732902	-100.032828
Barrera	26.392689	-98.898543
Barrett	29.865415	-95.052461
Barry	32.100437	-96.640532
Barstow	31.461545	-103.395503
Bartlett	30.794853	-97.432297
Barton Creek	30.283246	-97.86956
Bartonville	33.084683	-97.149176
Bastrop	30.1111	-97.318152
Batesville	28.952424	-99.629311
Bay City	28.983543	-95.959872
Bayou Vista	29.32557	-94.939208
Bayside	28.096046	-97.210873
Baytown	29.76478	-94.967457
Bayview	26.133441	-97.397632
Beach City	29.738882	-94.846504
Bear Creek	30.182376	-97.940055
Bear Creek Ranch	32.559471	-96.764278
Beasley	29.494932	-95.915687
Beaumont	30.084912	-94.14533
Beauxart Gardens	29.959481	-94.035585
Beaver Creek	30.452327	-96.560227
Beckville	32.243602	-94.456087
Bedford	32.845838	-97.135076
Bedias	30.781636	-95.944581
Bee Cave	30.307684	-97.962591
Beeville	28.405244	-97.748931
Bellaire	29.704019	-95.460905
Bellevue	33.633508	-98.016347
Bellmead	31.601451	-97.089037
Bells	33.616488	-96.412736
Bellville	29.946639	-96.258839
Belterra	30.18853	-97.984517
Belton	31.052345	-97.479542
Ben Arnold	30.95124	-96.964306
Benavides	27.596867	-98.413776
Ben Bolt	27.665863	-98.096641
Benbrook	32.678284	-97.463601
Benjamin	33.583606	-99.792932
Benjamin Perez	26.406028	-98.899653
Ben Wheeler	32.446547	-95.701859
Berryville	32.089249	-95.469807
Bertram	30.74466	-98.066459
Beverly Hills	31.522339	-97.156347
Bevil Oaks	30.15071	-94.270948
Bigfoot	29.062275	-98.853353
Big Lake	31.194112	-101.453406
Big Sandy	32.58571	-95.112475
Big Spring	32.238341	-101.485739
Big Thicket Lake Estates	30.487663	-94.767645
Big Wells	28.569882	-99.570178
Bishop	27.585254	-97.797403
Bishop Hills	35.261439	-101.951908
Bivins	33.018945	-94.191982
Bixby	26.144085	-97.85398
Blackwell	32.085054	-100.319357
Blanco	30.098594	-98.417106
Blanket	31.824444	-98.789668
Bledsoe	33.618148	-103.018155
Blessing	28.87488	-96.216762
Bloomburg	33.137797	-94.059076
Blooming Grove	32.092362	-96.717295
Bloomington	28.650419	-96.902195
Blossom	33.663272	-95.383725
Blue Berry Hill	28.385506	-97.79208
Blue Mound	32.854257	-97.338369
Blue Ridge	33.298031	-96.398125
Bluetown	26.069649	-97.818254
Bluff Dale	32.349674	-98.024873
Blum	32.141989	-97.397122
Boerne	29.784938	-98.727949
Bogata	33.469793	-95.21355
Boling	29.253132	-95.94475
Bolivar Peninsula	29.489778	-94.568501
Bonanza Hills	27.794768	-99.469502
Bonham	33.588022	-96.190095
Bonney	29.301293	-95.450845
Booker	36.456143	-100.540224
Borger	35.659435	-101.40236
Botines	27.771895	-99.45712
Bovina	34.515657	-102.884656
Bowie	33.556959	-97.846101
Box Canyon	29.533512	-101.15861
Boyd	33.084347	-97.563208
Boys Ranch	35.535154	-102.252608
Brackettville	29.318201	-100.410503
Brady	31.115378	-99.345935
Brazoria	29.044715	-95.564665
Brazos	32.662266	-98.123619
Brazos Country	29.753095	-96.038012
Breckenridge	32.756751	-98.912985
Bremond	31.165709	-96.675975
Brenham	30.15816	-96.395616
Briar	33.019013	-97.575402
Briarcliff	30.409279	-98.044528
Briaroaks	32.495376	-97.30335
Bridge City	30.0309	-93.838115
Bridgeport	33.210449	-97.772466
Briggs	30.889458	-97.921803
Bristol	32.444786	-96.567673
Broaddus	31.304974	-94.27004
Bronte	31.886052	-100.295123
Brookshire	29.782391	-95.951441
Brookside Village	29.590804	-95.318045
Brookston	33.62349	-95.700053
Browndell	31.125373	-93.980137
Brownfield	33.175514	-102.273429
Brownsboro	32.29842	-95.613042
Brownsville	25.995689	-97.450848
Brownwood	31.712856	-98.977053
Bruceville-Eddy	31.308005	-97.257385
Brundage	28.573965	-99.670131
Bruni	27.428162	-98.832213
Brushy Creek	30.51283	-97.739358
Bryan	30.666016	-96.381049
Bryson	33.165636	-98.388799
Buchanan Dam	30.815674	-98.452687
Buchanan Lake Village	30.8602	-98.434312
Buckholts	30.873986	-97.128873
Buda	30.080402	-97.8557
Buena Vista	26.294139	-98.610884
Buffalo	31.458905	-96.066163
Buffalo Gap	32.283345	-99.834245
Buffalo Springs	33.53373	-101.697632
Bullard	32.144166	-95.317515
Bulverde	29.774485	-98.434959
Buna	30.442708	-93.960657
Bunker Hill Village	29.764761	-95.531742
Burkburnett	34.074625	-98.567492
Burke	31.235727	-94.764823
Burleson	32.516453	-97.327374
Burlington	31.004604	-96.991485
Burnet	30.7506	-98.238227
Burton	30.185803	-96.603124
Bushland	35.202905	-102.059002
Butterfield	31.842626	-106.082195
Byers	34.069171	-98.190931
Bynum	31.969071	-97.003078
Cactus	36.044376	-102.00803
Caddo Mills	33.074542	-96.226922
Cade Lakes	30.515054	-96.773377
Caldwell	30.531269	-96.698892
Callender Lake	32.363231	-95.69904
Callisburg	33.698711	-97.015918
Calvert	30.979149	-96.671542
Camargito	26.345219	-98.738798
Cameron	30.860768	-96.976198
Cameron Park	25.97141	-97.478173
Campbell	33.147584	-95.954893
Campo Verde	26.391658	-98.913979
Camp Swift	30.188147	-97.293207
Camp Wood	29.669047	-100.010865
Canadian	35.909678	-100.38388
Caney City	32.209619	-96.038142
Canton	32.554245	-95.863534
Cantu Addition	27.201993	-98.155678
Canutillo	31.918485	-106.601062
Canyon	34.990291	-101.918951
Canyon Creek	32.390978	-97.73938
Canyon Lake	29.875778	-98.26118
Cape Royale	30.653387	-95.130627
Carbon	32.268405	-98.827196
Carlsbad	31.611248	-100.640647
Carl's Corner	32.083891	-97.053229
Carlton	31.919666	-98.17143
Carmine	30.148534	-96.690681
Carrizo Hill	28.50502	-99.83114
Carrizo Springs	28.525843	-99.859255
Carrollton	32.989386	-96.89994
Carter	32.917851	-97.739698
Carthage	32.152046	-94.337111
Casa Blanca	26.297641	-98.610251
Casas	26.475341	-98.933253
Cashion Community	34.036458	-98.508092
Castle Hills	29.524727	-98.519054
Castroville	29.359864	-98.854749
Catarina	28.350178	-99.615258
Cedar Creek	30.082341	-97.51112
Cedar Hill	32.584326	-96.958898
Cedar Park	30.510177	-97.818626
Cedar Point	30.801268	-95.078745
Celeste	33.289675	-96.19447
Celina	33.326198	-96.794901
Center	31.793092	-94.180287
Center Point	29.93455	-99.047785
Centerville	31.258315	-95.979399
Central Gardens	29.987973	-94.021651
CÃ©sar ChÃ¡vez	26.311835	-98.111613
Chandler	32.30688	-95.473689
Channelview	29.793023	-95.114482
Channing	35.681901	-102.332244
Chaparrito	26.340817	-98.735352
Chapeno	26.550879	-99.13388
Charlotte	28.85929	-98.700638
Chester	30.921319	-94.600096
Chico	33.296056	-97.798605
Childress	34.435452	-100.282382
Chillicothe	34.255741	-99.514142
Chilton	31.286037	-97.060402
China	30.041136	-94.337619
China Grove	29.392923	-98.345575
China Spring	31.649242	-97.304793
Chireno	31.498948	-94.345855
Christine	28.786224	-98.497734
Christoval	31.197614	-100.493296
Chula Vista	26.073846	-97.439723
Chula Vista	28.657188	-100.42465
Chula Vista	28.659549	-99.80429
Cibolo	29.570142	-98.217797
Cienegas Terrace	29.368983	-100.942851
Cinco Ranch	29.739856	-95.760674
Circle D-KC Estates	30.160456	-97.239843
Cisco	32.387425	-98.98192
Citrus City	26.327914	-98.392202
Clarendon	34.936913	-100.892111
Clarksville	33.610958	-95.056322
Clarksville City	32.534957	-94.893551
Claude	35.107367	-101.362882
Clay	30.388513	-96.344933
Clear Lake Shores	29.544297	-95.032537
Cleburne	32.354993	-97.411558
Cleveland	30.338215	-95.090283
Clifton	31.782037	-97.581879
Clint	31.590195	-106.228679
Cloverleaf	29.789089	-95.176256
Clute	29.025851	-95.398229
Clyde	32.405586	-99.503918
Coahoma	32.295623	-101.308884
Cockrell Hill	32.738177	-96.88858
Coffee City	32.128156	-95.472439
Coldspring	30.5893	-95.131181
Coleman	31.831378	-99.422201
College Station	30.58516	-96.29636
Colleyville	32.891478	-97.149747
Collinsville	33.559363	-96.907163
Colmesneil	30.909656	-94.422059
Colorado Acres	27.644899	-99.214301
Colorado City	32.399486	-100.858304
Columbus	29.704465	-96.558915
Comanche	31.900484	-98.604364
Combes	26.246514	-97.726766
Combine	32.590079	-96.51716
Comfort	29.972311	-98.904698
Commerce	33.240992	-95.898869
Como	33.059713	-95.475236
Concepcion	27.395133	-98.355628
Conroe	30.328717	-95.4846
Converse	29.512488	-98.304625
Cool	32.798325	-98.012297
Coolidge	31.751448	-96.65222
Cooper	33.371987	-95.690702
Coppell	32.963306	-96.990556
Copperas Cove	31.119575	-97.914397
Copper Canyon	33.096676	-97.097127
Corinth	33.144714	-97.070766
Corpus Christi	27.754252	-97.173385
Corral City	33.098512	-97.230394
Corrigan	30.99881	-94.827488
Corsicana	32.082404	-96.4667
Cottonwood	32.451381	-96.400415
Cottonwood Shores	30.55501	-98.327564
Cotulla	28.436376	-99.236711
Coupland	30.456926	-97.392366
Cove	29.813932	-94.812187
Covington	32.179115	-97.260853
Coyanosa	31.240978	-103.064828
Coyote Acres	27.713177	-98.134633
Coyote Flats	32.355885	-97.292352
Crandall	32.627971	-96.42687
Crane	31.391782	-102.350269
Cranfills Gap	31.774815	-97.832955
Crawford	31.537859	-97.446763
Creedmoor	30.073833	-97.737282
Cresson	32.529861	-97.615349
Crockett	31.317111	-95.456586
Crosby	29.915154	-95.057681
Crosbyton	33.641298	-101.23772
Cross Mountain	29.649165	-98.666344
Cross Plains	32.127068	-99.165775
Cross Roads	33.220449	-96.995808
Cross Timber	32.482868	-97.32674
Crowell	33.983561	-99.724374
Crowley	32.577371	-97.357758
Crystal City	28.690681	-99.827103
Cuero	29.102727	-97.287092
Cuevitas	26.256627	-98.577558
Cumby	33.13512	-95.838533
Cumings	29.585265	-95.795377
Cuney	32.037434	-95.414719
Cushing	31.811939	-94.841687
Cut and Shoot	30.335475	-95.345054
Daingerfield	33.030488	-94.72588
Daisetta	30.114693	-94.641633
Dalhart	36.057423	-102.512212
Dallas	32.793333	-96.766513
Dalworthington Gardens	32.686262	-97.155115
Damon	29.283237	-95.740772
Danbury	29.227417	-95.34617
Darrouzett	36.445296	-100.322912
Dawson	31.894596	-96.714699
Dayton	30.013177	-94.936004
Dayton Lakes	30.143605	-94.81582
Dean	33.916212	-98.40145
Deanville	30.428385	-96.757581
Decatur	33.225899	-97.58704
DeCordova	32.429104	-97.693084
Deer Park	29.687279	-95.115897
Deerwood	30.315312	-95.301351
De Kalb	33.507351	-94.616534
De Leon	32.11135	-98.535156
Dell City	31.934889	-105.199816
Del Mar Heights	26.056623	-97.423609
Delmita	26.68515	-98.423067
Del Rio	29.373045	-100.881851
Del Sol	28.01316	-97.520239
Denison	33.766936	-96.580667
Dennis	32.607895	-97.937633
Denton	33.217449	-97.141346
Denver City	32.967871	-102.832225
Deport	33.529148	-95.317422
DeSoto	32.599349	-96.862941
Detroit	33.660217	-95.266425
Devers	30.028699	-94.585972
Devine	29.145834	-98.904985
Deweyville	30.299774	-93.772977
D'Hanis	29.329008	-99.268722
Diboll	31.188315	-94.782885
Dickens	33.621273	-100.836804
Dickinson	29.451717	-95.056238
Dilley	28.667517	-99.176465
Dime Box	30.354995	-96.823145
Dimmitt	34.547895	-102.306845
DISH	33.128665	-97.307872
Dodd City	33.575673	-96.075543
Dodson	34.765375	-100.020419
Doffing	26.278794	-98.385575
Domino	33.264004	-94.110991
Donna	26.16105	-98.038929
Doolittle	26.359768	-98.116767
Dorchester	33.531277	-96.689098
Double Oak	33.06249	-97.107358
Double Horn	30.498258	-98.218497
Douglassville	33.191645	-94.35194
Driftwood	30.133072	-98.037292
Dripping Springs	30.195936	-98.093701
Driscoll	27.67302	-97.751039
Dublin	32.087765	-98.338865
Dumas	35.86202	-101.964972
Duncanville	32.64595	-96.91387
Eagle Lake	29.587326	-96.328579
Eagle Pass	28.712803	-100.484812
Early	31.742153	-98.936602
Earth	34.2338	-102.409176
East Alto Bonito	26.302275	-98.635768
East Bernard	29.524377	-96.062974
East Columbia	29.140981	-95.605116
Eastland	32.402156	-98.817671
East Mountain	32.585825	-94.85798
Easton	32.381929	-94.591243
East Tawakoni	32.907624	-95.933131
Ector	33.579284	-96.273115
Edcouch	26.293723	-97.963091
Eden	31.216246	-99.843965
Edgecliff Village	32.656077	-97.340598
Edgewater Estates	28.096882	-97.864972
Edgewood	32.69076	-95.882221
Edinburg	26.321056	-98.162837
Edmonson	34.279108	-101.896665
Edna	28.975125	-96.648464
Edom	32.374148	-95.609273
Edroy	27.9609	-97.675441
Eidson Road	28.671663	-100.482728
Elbert	33.274758	-99.002109
El Brazil	26.468651	-98.726828
El Camino Angosto	26.111524	-97.643788
El Campo	29.200693	-96.272343
El Castillo	26.334926	-98.638659
El Cenizo	26.410571	-98.915845
El Cenizo	27.331677	-99.501281
El Chaparral	26.348795	-98.767339
Eldorado	30.861728	-100.597926
Electra	34.032294	-98.920245
Elgin	30.353908	-97.390057
Elias-Fela Solis	26.385431	-98.622012
El Indio	28.508925	-100.307239
Elkhart	31.631393	-95.580417
El Lago	29.571455	-95.045248
Ellinger	29.837473	-96.705022
Elm Creek	28.777369	-100.493356
Elmendorf	29.253331	-98.323027
El Mesquite	26.384685	-98.771579
Elmo	32.739676	-96.152689
E. Lopez	26.308661	-98.637851
El Paso	31.84778	-106.431106
El Quiote	26.38449	-98.908378
El Rancho Vela	26.403815	-98.769016
El Refugio	26.340638	-98.758944
Elsa	26.297814	-97.993562
El Socio	26.340454	-98.637097
Emerald Bay	32.161272	-95.438638
Emhouse	32.161303	-96.577011
Emory	32.876983	-95.766251
Encantada-Ranchito-El Calaboz	26.034679	-97.636372
Enchanted Oaks	32.2666	-96.108989
Encinal	28.040475	-99.354489
Encino	26.936337	-98.11527
Ennis	32.325067	-96.633799
Escobares	26.412634	-98.960029
Estelline	34.546994	-100.439938
Eugenio Saenz	26.358253	-98.633123
Euless	32.849366	-97.078592
Eureka	32.006774	-96.270567
Eustace	32.307542	-96.013801
Evadale	30.326641	-94.052041
Evant	31.476158	-98.15016
Evergreen	26.424857	-99.024168
Everman	32.628827	-97.284246
Fabens	31.513974	-106.145258
Fabrica	28.741973	-100.492598
Fairchilds	29.43655	-95.776986
Fairfield	31.71744	-96.170483
Fair Oaks Ranch	29.746078	-98.638114
Fairview	33.140513	-96.613031
Falconaire	26.551121	-99.116881
Falcon Heights	26.560372	-99.122493
Falcon Lake Estates	26.87195	-99.257431
Falcon Mesa	26.870557	-99.29173
Falcon Village	26.56511	-99.134151
Falfurrias	27.22441	-98.145191
Falls City	28.981666	-98.021565
Falman	27.927997	-97.1713
Fannett	29.926273	-94.243345
Farmers Branch	32.927789	-96.878539
Farmersville	33.161573	-96.360652
Farnsworth	36.311078	-100.968272
Farwell	34.385631	-103.03734
Fate	32.942685	-96.38735
Fayetteville	29.906326	-96.675873
Fernando Salinas	26.397879	-98.831072
Ferris	32.536723	-96.675537
Fifth Street	29.598002	-95.551317
Flat	31.309323	-97.624087
Flatonia	29.68971	-97.105205
Flor del Rio	26.401302	-98.901498
Florence	30.841285	-97.791846
Floresville	29.146743	-98.165173
Flowella	27.219963	-98.064536
Flower Mound	33.037891	-97.113381
Floydada	33.983514	-101.336802
Fluvanna	32.88322	-101.141469
Follett	36.433973	-100.140767
Forest Heights	30.235042	-93.761047
Forest Hill	32.661936	-97.266235
Forney	32.742601	-96.452883
Forsan	32.110338	-101.366796
Fort Bliss	31.839666	-106.374652
Fort Clark Springs	29.293821	-100.425481
Fort Davis	30.578857	-103.894655
Fort Hancock	31.289272	-105.845064
Fort Hood	31.136873	-97.784923
Fort Stockton	30.892574	-102.88421
Fort Worth	32.781954	-97.348573
Four Corners	29.670331	-95.660042
Four Points	27.796407	-99.454823
Fowlerton	28.452766	-98.809567
Franklin	31.025014	-96.487494
Frankston	32.057293	-95.504501
Fredericksburg	30.26568	-98.875676
Freeport	28.943296	-95.35607
Freer	27.882178	-98.617385
Fresno	29.537522	-95.468665
Friendswood	29.507701	-95.200635
Friona	34.639432	-102.723066
Frisco	33.155427	-96.822596
Fritch	35.643066	-101.596432
Fronton	26.425525	-99.07607
Fronton Ranchettes	26.425267	-99.026933
Frost	32.079251	-96.808597
Fruitvale	32.6842	-95.803734
Fulshear	29.692426	-95.886647
Fulton	28.072445	-97.038927
Gail	32.767314	-101.455827
Gainesville	33.638647	-97.148413
Galena Park	29.745165	-95.234576
Gallatin	31.896854	-95.152062
Galveston	29.186328	-94.965758
Ganado	29.041704	-96.511029
Garceno	26.412263	-98.940511
Garciasville	26.319777	-98.699621
Garden City	31.872766	-101.488384
Gardendale	32.013458	-102.359617
Garden Ridge	29.636465	-98.292472
Garfield	30.203319	-97.561411
Garland	32.909826	-96.630334
Garner	32.827019	-97.984788
Garrett	32.374211	-96.652614
Garrison	31.826034	-94.493774
Garwood	29.441463	-96.413409
Gary City	32.027728	-94.3679
Garza-Salinas II	26.351774	-98.759539
Gatesville	31.438667	-97.746027
Gause	30.787364	-96.722319
Georgetown	30.668136	-97.698744
George West	28.33	-98.118304
Geronimo	29.672832	-97.968647
Gholson	31.705571	-97.238008
Giddings	30.183667	-96.928029
Gilmer	32.732275	-94.945776
Girard	33.3635	-100.659691
Gladewater	32.542547	-94.947137
Glazier	36.013681	-100.270188
Glenn Heights	32.5513	-96.854388
Glen Rose	32.246824	-97.748052
Glidden	29.697296	-96.587452
Godley	32.458882	-97.532908
Goldsmith	31.983325	-102.616381
Goldthwaite	31.450806	-98.57352
Goliad	28.671131	-97.392595
Golinda	31.367886	-97.071091
Gonzales	29.512549	-97.447205
Goodlow	32.108424	-96.215601
Goodrich	30.609276	-94.946624
Gordon	32.545546	-98.367183
Goree	33.467965	-99.523621
Gorman	32.213538	-98.672077
Graford	32.937415	-98.247505
Graham	33.100881	-98.577806
Granbury	32.432805	-97.775149
Grandfalls	31.340494	-102.854463
Grand Prairie	32.686108	-97.020804
Grand Saline	32.678138	-95.711613
Grandview	32.268383	-97.178948
Granger	30.718294	-97.441141
Grangerland	30.253868	-95.33012
Granite Shoals	30.588757	-98.367316
Granjeno	26.137061	-98.303355
Grape Creek	31.581676	-100.54737
Grapeland	31.493976	-95.47753
Grapevine	32.934969	-97.075912
Grays Prairie	32.47342	-96.350229
Green Valley Farms	26.120698	-97.564797
Greenville	33.111939	-96.110256
Gregory	27.923239	-97.290924
Grey Forest	29.615672	-98.68325
Groesbeck	31.525623	-96.528061
Groom	35.207651	-101.105533
Groves	29.945971	-93.916656
Groveton	31.057019	-95.12637
Gruver	36.260494	-101.407122
Guadalupe Guerra	26.410816	-99.081881
Guerra	26.882582	-98.894882
Gun Barrel City	32.328248	-96.131762
Gunter	33.416309	-96.820799
Gustine	31.845689	-98.402529
Guthrie	33.622594	-100.328433
Gutierrez	26.340527	-98.63289
Hackberry	33.149748	-96.918313
Hale Center	34.066107	-101.84626
Hallettsville	29.4431	-96.943548
Hallsburg	31.536296	-96.945694
Hallsville	32.499243	-94.567838
Haltom City	32.817698	-97.271152
Hamilton	31.700387	-98.119669
Hamlin	32.889987	-100.1325
Hamshire	29.854808	-94.320712
Happy	34.741581	-101.857144
Hardin	30.149233	-94.737749
Harding Gill Tract	26.428363	-98.015374
Hargill	26.442289	-98.014559
Harker Heights	31.056708	-97.644221
Harlingen	26.191204	-97.697383
Harper	30.2661	-99.272607
Harrold	34.06757	-99.033091
Hart	34.385754	-102.114988
Hartley	35.898194	-102.396562
Harwood	29.666569	-97.501292
Haskell	33.159775	-99.732032
Haslet	32.966518	-97.337825
Havana	26.25219	-98.510974
Hawk Cove	32.883973	-96.083273
Hawkins	32.591384	-95.203306
Hawley	32.606696	-99.810163
Hays	30.121506	-97.872411
H. Cuellar Estates	26.561135	-99.125787
Hearne	30.877062	-96.595217
Heartland	32.67216	-96.455762
Heath	32.853507	-96.463641
Hebbronville	27.324984	-98.685665
Hebron	33.046186	-96.887136
Hedley	34.867384	-100.65905
Hedwig Village	29.779884	-95.51926
Heidelberg	26.182783	-97.885899
Helotes	29.57797	-98.68054
Hemphill	31.3433	-93.851913
Hempstead	30.100601	-96.07773
Henderson	32.157256	-94.795898
Henrietta	33.814307	-98.192773
Hereford	34.822603	-102.400159
Hermleigh	32.640775	-100.750485
Hewitt	31.451248	-97.193315
Hickory Creek	33.110852	-97.034729
Hico	31.98511	-98.028405
Hidalgo	26.108943	-98.24616
Hideaway	32.494654	-95.45651
Higgins	36.120995	-100.027432
Highland Haven	30.607149	-98.39522
Highland Park	32.831056	-96.801235
Highlands	29.812869	-95.057826
Highland Village	33.089749	-97.061504
Hill Country Village	29.581999	-98.485663
Hillcrest Village	29.392079	-95.2226
Hillsboro	32.009029	-97.114493
Hillside Acres	27.676165	-99.177706
Hilltop	28.693843	-99.176148
Hilltop	26.403982	-98.920659
Hilltop Lakes	31.063558	-96.190463
Hilshire Village	29.790851	-95.488501
Hitchcock	29.28262	-95.007631
Holiday Beach	28.167125	-97.008001
Holiday Lakes	29.207176	-95.515335
Holland	30.88826	-97.401361
Holliday	33.814406	-98.689589
Holly Lake Ranch	32.713177	-95.199372
Hollywood Park	29.599214	-98.485542
Homestead Meadows North	31.848326	-106.170686
Homestead Meadows South	31.811024	-106.164259
Hondo	29.354242	-99.161846
Honey Grove	33.588095	-95.908622
Hooks	33.470695	-94.286542
Horizon City	31.679648	-106.191055
Hornsby Bend	30.239894	-97.590177
Horseshoe Bay	30.540758	-98.38057
Horseshoe Bend	32.578992	-97.88516
Houston	29.785743	-95.388806
Howardwick	35.034812	-100.907847
Howe	33.507477	-96.615543
Hubbard	31.846821	-96.799998
Huckabay	32.348866	-98.291762
Hudson	31.319158	-94.784737
Hudson Bend	30.414655	-97.927341
Hudson Oaks	32.750909	-97.700218
Hughes Springs	32.99874	-94.63105
Hull	30.147165	-94.642634
Humble	29.988207	-95.264356
Hungerford	29.406704	-96.090529
Hunters Creek Village	29.772691	-95.498079
Huntington	31.280311	-94.576566
Huntsville	30.700542	-95.55489
Hurst	32.836643	-97.180627
Hutchins	32.643392	-96.709833
Hutto	30.541624	-97.544249
Huxley	31.730933	-93.873259
Iago	29.271222	-95.961795
Idalou	33.6624	-101.683697
Iglesia Antigua	26.085008	-97.832034
Impact	32.500177	-99.746526
Imperial	31.266844	-102.694651
Indian Hills	26.211121	-97.919097
Indian Lake	26.087729	-97.503116
Indian Springs	30.687609	-94.746229
Indio	26.548877	-99.095866
Industry	29.967368	-96.497089
Inez	28.876334	-96.790882
Ingleside	27.870608	-97.207906
Ingleside on the Bay	27.829833	-97.221324
Ingram	30.077052	-99.237509
Iola	30.772645	-96.077628
Iowa Colony	29.441093	-95.423754
Iowa Park	33.962773	-98.680872
Iraan	30.912901	-101.900075
Iredell	31.986036	-97.871676
Irving	32.857748	-96.970022
Italy	32.186464	-96.885789
Itasca	32.158674	-97.147947
Ivanhoe	30.679601	-94.414021
Jacinto City	29.766377	-95.241218
Jacksboro	33.225763	-98.159169
Jacksonville	31.959514	-95.265705
Jamaica Beach	29.190364	-94.979307
Jardin de San Julian	26.525375	-99.099851
Jarrell	30.810264	-97.615122
Jasper	30.922681	-93.993251
Jayton	33.25018	-100.574868
Jefferson	32.763494	-94.350835
Jersey Village	29.892927	-95.577225
Jewett	31.362606	-96.145544
J.F. Villareal	26.419911	-98.97883
Joaquin	31.965579	-94.048368
Johnson City	30.272097	-98.407126
Jolly	33.875289	-98.349168
Jones Creek	28.974996	-95.468505
Jonestown	30.481656	-97.931974
Josephine	33.063107	-96.316643
Joshua	32.459091	-97.383816
Jourdanton	28.914045	-98.540806
Juarez	26.200879	-97.729609
Junction	30.490759	-99.773222
Justin	33.081837	-97.314234
Karnes City	28.88541	-97.900505
Katy	29.790915	-95.840711
Kaufman	32.583635	-96.316663
K-Bar Ranch	27.992824	-97.926747
Keene	32.396131	-97.323489
Keller	32.932877	-97.224513
Kemah	29.528647	-95.020043
Kemp	32.433575	-96.22307
Kempner	31.075496	-97.972729
Kendleton	29.443784	-96.006567
Kenedy	28.808801	-97.853732
Kenefick	30.102854	-94.841557
Kennard	31.357503	-95.18537
Kennedale	32.643979	-97.217173
Kerens	32.131157	-96.2257
Kermit	31.853923	-103.092395
Kerrville	30.037703	-99.132422
Kilgore	32.396669	-94.860013
Killeen	31.077669	-97.731952
Kingsbury	29.65001	-97.818585
Kingsland	30.666141	-98.454026
Kingsville	27.509201	-97.861028
Kirby	29.461744	-98.385326
Kirbyville	30.658199	-93.90007
Kirvin	31.767096	-96.330018
Knippa	29.303817	-99.630829
Knollwood	33.689274	-96.618475
Knox City	33.417574	-99.815703
Kopperl	32.069856	-97.499032
Kosse	31.307426	-96.62949
Kountze	30.372545	-94.315661
Kress	34.365819	-101.748428
Krugerville	33.277547	-96.989786
Krum	33.265033	-97.224939
Kurten	30.790042	-96.276128
Kyle	29.994118	-97.883322
La Blanca	26.304793	-98.028601
La Carla	26.435385	-98.740592
La Casita	26.337059	-98.733968
La Chuparosa	26.403708	-98.926801
Lackland AFB	29.38663	-98.617887
La Coma	27.499068	-99.303516
La Coma Heights	26.439307	-98.074724
LaCoste	29.309977	-98.8111
Lacy-Lakeview	31.631213	-97.105078
Ladonia	33.428376	-95.948222
La Escondida	26.38065	-98.873728
La Esperanza	26.431314	-98.892272
La Feria	26.153751	-97.825
La Feria North	26.178865	-97.822195
Lago	26.087561	-97.612745
Lago Vista	26.564322	-99.107767
Lago Vista	30.452623	-97.991019
La Grange	29.912609	-96.876296
La Grulla	26.271272	-98.648631
Laguna Heights	26.080819	-97.259307
Laguna Park	31.864263	-97.383351
Laguna Seca	26.279303	-97.926182
Laguna Vista	26.105907	-97.296336
La Homa	26.279645	-98.357457
La Joya	26.25786	-98.47642
Lake Bridgeport	33.207279	-97.830988
Lake Brownwood	31.816907	-99.105918
Lake Bryan	30.714261	-96.469319
Lake Cherokee	32.360187	-94.650123
Lake City	28.083099	-97.88261
Lake Colorado City	32.346475	-100.937518
Lake Dallas	33.127781	-97.022786
Lake Dunlap	29.665313	-98.08156
Lakehills	29.627062	-98.942618
Lake Jackson	29.050864	-95.45123
Lake Kiowa	33.570714	-97.013064
Lake Medina Shores	29.637995	-98.991497
Lake Meredith Estates	35.663907	-101.602725
Lakeport	32.405054	-94.710171
Lakeshore Gardens-Hidden Acres	28.126974	-97.869793
Lakeside	28.103079	-97.861124
Lakeside	32.820836	-97.479431
Lakeside City	33.829213	-98.540275
Lake Tanglewood	35.056001	-101.781907
Lakeview	34.672765	-100.697219
Lake View	29.45908	-100.953361
Lakeway	30.354982	-97.986269
Lakewood Village	33.136069	-96.976542
Lake Worth	32.812972	-97.430548
La Loma de Falcon	26.536833	-99.095959
Lamar	28.14034	-96.987818
La Marque	29.369797	-94.99419
Lamesa	32.733338	-101.953773
La Minita	26.502256	-99.073505
Lamkin	31.824189	-98.261976
La Moca Ranch	27.903209	-99.510497
Lampasas	31.064037	-98.182783
Lancaster	32.596203	-96.773789
Lantana	33.093446	-97.11904
La Paloma	26.051962	-97.655253
La Paloma Addition	28.017002	-97.500943
La Paloma-Lost Creek	27.71954	-97.739204
La Paloma Ranchettes	26.314792	-98.623017
La Porte	29.667413	-95.049139
La Presa	27.399507	-99.432496
La Pryor	28.949057	-99.847918
La Puerta	26.346828	-98.750552
Laredo	27.560379	-99.489181
Laredo Ranchettes	27.491353	-99.359782
Laredo Ranchettes West	27.490038	-99.370143
La Rosita	26.401682	-98.9321
Lasana	26.259613	-97.693364
Lasara	26.463789	-97.908713
Las Haciendas	27.631483	-99.19873
Las Lomas	26.363831	-98.774649
Las Lomitas	27.337838	-98.66289
Las Palmas	26.951633	-99.276013
Las Palmas II	26.201707	-97.737588
Las Pilas	27.681463	-99.183235
Las Quintas Fronterizas	28.690208	-100.468309
Latexo	31.391431	-95.47523
La Tina Ranch	26.200739	-97.481023
Laughlin AFB	29.358463	-100.776883
Laureles	26.119704	-97.48918
La Vernia	29.353106	-98.125777
La Victoria	26.347791	-98.629488
La Villa	26.296308	-97.926912
Lavon	33.023372	-96.436973
La Ward	28.846442	-96.464876
Lawn	32.13657	-99.750099
League City	29.490064	-95.109093
Leakey	29.725358	-99.763098
Leander	30.574273	-97.861741
Leary	33.467033	-94.211269
Lefors	35.439601	-100.803889
Lelia Lake	34.902001	-100.766196
Leming	29.068341	-98.472227
Leona	31.153708	-95.975988
Leonard	33.383176	-96.246466
Leon Valley	29.495375	-98.6143
Leroy	31.732358	-97.021707
Levelland	33.581547	-102.364117
Lewisville	33.050725	-96.974623
Lexington	30.414295	-97.009944
Liberty	30.038834	-94.788803
Liberty City	32.451796	-94.942976
Liberty Hill	30.663377	-97.905506
Lindale	32.494132	-95.407344
Linden	33.010954	-94.362628
Lindsay	33.642308	-97.219725
Lindsay	31.36886	-103.538441
Lingleville	32.243196	-98.376735
Linn	26.563336	-98.128867
Lipan	32.518651	-98.047055
Lipscomb	36.221491	-100.262107
Little Cypress	30.178084	-93.755286
Little Elm	33.192497	-96.919975
Littlefield	33.919183	-102.334804
Little River-Academy	30.978753	-97.346981
Live Oak	29.555395	-98.340042
Liverpool	29.301801	-95.274513
Livingston	30.710043	-94.93793
Llano	30.751007	-98.676524
Llano Grande	26.130862	-97.968447
Lockett	34.082573	-99.373821
Lockhart	29.878807	-97.683276
Lockney	34.123054	-101.442472
Log Cabin	32.223486	-96.022352
Lolita	28.832483	-96.538783
Loma Grande	28.722077	-99.832709
Loma Linda	28.007011	-97.499402
Loma Linda East	27.766337	-98.194226
Loma Linda East	26.32813	-98.689413
Loma Linda West	26.420471	-98.930372
Loma Vista	26.416872	-98.981412
Lometa	31.216622	-98.392426
Lone Oak	32.996103	-95.940658
Lone Star	32.93997	-94.709073
Longoria	26.30238	-98.642489
Longview	32.519337	-94.764592
Loop	32.914189	-102.414709
LopeÃ±o	26.711834	-99.100966
Lopezville	26.245288	-98.153701
Loraine	32.408651	-100.712515
Lorena	31.383111	-97.210204
Lorenzo	33.67034	-101.536078
Los Altos	27.490491	-99.385823
Los Alvarez	26.385936	-98.899036
Los Angeles	26.494764	-97.786319
Los Arcos	27.614419	-99.210488
Los Arrieros	26.515769	-99.08452
Los Barreras	26.391164	-98.918353
Los Centenarios	27.61226	-99.212988
Los Corralitos	27.641193	-99.557476
Los Ebanos	26.239671	-98.552191
Los Ebanos	26.411313	-98.918581
Los Fresnos	26.074062	-97.488017
Los Fresnos	27.616942	-99.207979
Los Huisaches	27.907028	-99.475803
Los Indios	26.049927	-97.734811
Los Lobos	26.606536	-99.161264
Los Minerales	27.655494	-99.61788
Los Nopalitos	27.619521	-99.205609
Lost Creek	30.302237	-97.849781
Los Veteranos I	27.633353	-99.218551
Los Veteranos II	27.771135	-99.443309
Los Ybanez	32.719195	-101.917507
Lott	31.206257	-97.033576
Louise	29.113136	-96.412397
Lovelady	31.128172	-95.445877
Loving	33.257815	-98.521927
Lowry Crossing	33.169279	-96.544985
Lozano	26.18959	-97.54373
Lubbock	33.561901	-101.888883
Lucas	33.101031	-96.581182
Lueders	32.800432	-99.623217
Lufkin	31.322904	-94.729026
Luling	29.681747	-97.646696
Lumberton	30.254992	-94.207963
Lyford	26.414597	-97.789266
Lyons	30.40879	-96.539232
Lytle	29.234619	-98.793675
Mabank	32.371862	-96.109504
McAllen	26.224966	-98.246083
McCamey	31.13247	-102.22004
McCaulley	32.779341	-100.206747
McDade	30.278932	-97.252375
Macdona	29.320775	-98.699717
McGregor	31.419669	-97.426341
McKinney	33.201125	-96.664161
McKinney Acres	32.296334	-102.52978
McLean	35.232339	-100.600107
McLendon-Chisholm	32.847107	-96.391219
McLeod	32.945512	-94.077662
McQueeney	29.600453	-98.047576
Madisonville	30.954018	-95.909285
Magnolia	30.213032	-95.7426
Magnolia Beach	28.560461	-96.549585
Malakoff	32.173308	-96.021029
Malone	31.91726	-96.894658
Manchaca	30.135234	-97.836436
Manor	30.354228	-97.558259
Mansfield	32.569188	-97.120532
Manuel Garcia	26.333654	-98.701643
Manuel Garcia II	26.312646	-98.691281
Manvel	29.485422	-95.362322
Marathon	30.220864	-103.236601
Marble Falls	30.560168	-98.277286
Marfa	30.310679	-104.025452
Marietta	33.173548	-94.542531
Marion	29.572568	-98.142941
Markham	28.962548	-96.063953
Marlin	31.308039	-96.89318
Marquez	31.236134	-96.257428
Marshall	32.539159	-94.353173
Mart	31.541472	-96.830553
Martindale	29.844954	-97.838296
Martinez	26.422156	-98.75291
Mason	30.747713	-99.228603
Matador	34.015084	-100.821094
Matagorda	28.696451	-95.966602
Mathis	28.090918	-97.817048
Maud	33.329892	-94.346145
Mauriceville	30.231045	-93.871478
May	31.97976	-98.9247
Maypearl	32.311247	-97.006663
Meadow	33.337725	-102.205857
Meadowlakes	30.564223	-98.295075
Meadows Place	29.650922	-95.586909
Medina	26.935079	-99.264419
Megargel	33.453389	-98.929413
Melissa	33.288521	-96.557632
Melvin	31.199216	-99.581316
Memphis	34.726734	-100.541655
Menard	30.918441	-99.783678
Mentone	31.707438	-103.598875
Mercedes	26.153818	-97.912907
Meridian	31.9266	-97.649091
Merkel	32.469731	-100.011096
Mertens	32.059022	-96.894167
Mertzon	31.261982	-100.820808
Mesquite	32.75955	-96.584164
Mesquite	26.402434	-98.980938
Mexia	31.680693	-96.483203
Miami	35.692311	-100.641565
Midfield	28.940283	-96.213354
Midland	32.024642	-102.113467
Midlothian	32.469436	-96.99067
Midway	31.02512	-95.7565
Midway North	26.187195	-98.018892
Midway South	26.156844	-98.021414
Miguel Barrera	26.412012	-98.921576
Mikes	26.31466	-98.633612
Mila Doce	26.222444	-97.959936
Milam	31.448979	-93.785986
Milano	30.705313	-96.852687
Mildred	32.046271	-96.324898
Miles	31.60062	-100.185317
Milford	32.121506	-96.95001
Miller's Cove	33.155283	-95.115167
Millsap	32.74991	-98.011469
Mineola	32.652881	-95.480296
Mineral Wells	32.823483	-98.078798
Mingus	32.536319	-98.424862
Mi Ranchito Estate	26.38781	-98.873329
Mirando City	27.440095	-99.000621
Mission	26.20406	-98.325221
Mission Bend	29.693695	-95.666342
Missouri City	29.562944	-95.535999
Mobeetie	35.533689	-100.441319
Mobile City	32.922832	-96.411149
Monahans	31.655721	-103.083694
Montague	33.66527	-97.720954
Mont Belvieu	29.851921	-94.868278
Monte Alto	26.374373	-97.972724
Montgomery	30.393148	-95.69415
Moody	31.306581	-97.358952
Moore	29.057906	-99.0058
Moore Station	32.190556	-95.570391
Moraida	26.414844	-98.976744
Morales-Sanchez	26.787616	-99.114689
Moran	32.547234	-99.166492
Morgan	32.015936	-97.606093
Morgan Farm	28.005491	-97.553495
Morgan's Point	29.674367	-95.000039
Morgan's Point Resort	31.154564	-97.459192
Morning Glory	31.564753	-106.208933
Morse	36.06596	-101.476925
Morton	33.72482	-102.75921
Mosheim	31.632585	-97.599711
Moulton	29.572206	-97.146552
Mound	31.350475	-97.643116
Mountain City	30.039209	-97.891527
Mount Calm	31.756291	-96.881744
Mount Enterprise	31.911639	-94.682767
Mount Pleasant	33.15791	-94.973221
Mount Vernon	33.177431	-95.224447
Muenster	33.653029	-97.375693
Muleshoe	34.229179	-102.72838
Mullin	31.555229	-98.66566
Munday	33.447102	-99.623904
Muniz	26.257821	-98.08967
Murchison	32.275172	-95.756069
Murillo	26.264195	-98.123331
Murphy	33.016418	-96.608233
Mustang	32.012398	-96.431707
Mustang Ridge	30.051107	-97.701593
Myra	33.623968	-97.314701
Myrtle Springs	32.624095	-95.936406
Nacogdoches	31.612364	-94.652046
Nada	29.415511	-96.378572
Naples	33.201949	-94.678985
Narciso Pena	26.30187	-98.640696
Nash	33.447223	-94.134514
Nassau Bay	29.544815	-95.087388
Natalia	29.185467	-98.852054
Navarro	32.00079	-96.382516
Navasota	30.386399	-96.090734
Nazareth	34.541869	-102.102346
Neches	31.869418	-95.484844
Nederland	29.969288	-94.001714
Needville	29.394952	-95.838154
Nesbitt	32.589371	-94.446539
Netos	26.410807	-98.758513
Nevada	33.035329	-96.370639
Newark	33.013542	-97.488418
New Berlin	29.489043	-98.109375
New Boston	33.46111	-94.419096
New Braunfels	29.699306	-98.115127
Newcastle	33.196243	-98.743508
New Chapel Hill	32.299165	-95.168627
New Deal	33.732334	-101.844475
New Fairview	33.109096	-97.43458
New Falcon	26.638338	-99.094747
New Home	33.326938	-101.911722
New Hope	33.211876	-96.558682
New London	32.269395	-94.929777
New Summerfield	31.980747	-95.114982
Newton	30.850769	-93.754105
New Ulm	29.883039	-96.49599
New Waverly	30.539761	-95.482107
Neylandville	33.195476	-96.016396
Niederwald	29.994192	-97.775749
Nina	26.281134	-98.580988
Nixon	29.26967	-97.765876
Nocona	33.783555	-97.730171
Nocona Hills	33.848565	-97.63489
Nolanville	31.072538	-97.605133
Nome	30.032329	-94.420532
Noonday	32.242344	-95.395642
Nordheim	28.92379	-97.614077
Normandy	28.90987	-100.598046
Normangee	31.030224	-96.115745
Normanna	28.527656	-97.78304
North Alamo	26.216075	-98.126597
North Cleveland	30.362475	-95.101051
North Escobares	26.432492	-98.971935
Northlake	33.073812	-97.256248
North Pearsall	28.921584	-99.094945
North Richland Hills	32.86058	-97.219146
North San Pedro	27.802663	-97.682008
Novice	31.987204	-99.625293
Oak Grove	32.533153	-96.318552
Oakhurst	30.740032	-95.311449
Oak Island	29.662867	-94.688094
Oak Leaf	32.522496	-96.849294
Oak Point	33.17047	-96.987539
Oak Ridge	33.648122	-97.038507
Oak Ridge	32.62596	-96.26844
Oak Ridge North	30.157034	-95.44206
Oak Trail Shores	32.489643	-97.833845
Oak Valley	32.029056	-96.517393
Oakwood	31.584788	-95.849878
O'Brien	33.380198	-99.843824
Odem	27.946241	-97.587518
Odessa	31.880461	-102.345314
O'Donnell	32.965202	-101.830842
Oglesby	31.418591	-97.511327
Oilton	27.469269	-98.967237
Oklaunion	34.129431	-99.144196
Old River-Winfree	29.874446	-94.826747
Olivarez	26.228547	-97.993087
Olivia Lopez de Gutierrez	26.327625	-98.716685
Olmito	26.027593	-97.540059
Olmito and Olmito	26.340011	-98.641971
Olmos Park	29.474853	-98.486598
Olney	33.364143	-98.758486
Olton	34.180199	-102.137039
Omaha	33.182746	-94.738515
Onalaska	30.823848	-95.110696
Opdyke West	33.592705	-102.300622
Orange	30.123528	-93.754548
Orange Grove	27.956203	-97.938553
Orason	26.074257	-97.445843
Orchard	29.602867	-95.968758
Ore City	32.800891	-94.718731
Overton	32.275636	-94.97254
Ovilla	32.541288	-96.883467
Owl Ranch	27.892735	-98.093448
Oyster Creek	28.998077	-95.329258
Ozona	30.707399	-101.206059
Pablo Pena	26.303675	-98.640505
Paducah	34.014005	-100.303693
Paige	30.212944	-97.125841
Paint Rock	31.510072	-99.925309
Paisano Park	28.095075	-97.859207
Palacios	28.713129	-96.227888
Palestine	31.754512	-95.646953
Palisades	35.058945	-101.800457
Palmer	32.425136	-96.667109
Palmer	26.066756	-97.635
Palmhurst	26.258263	-98.295317
Palm Valley	26.204445	-97.754319
Palmview	26.231926	-98.381638
Palmview South	26.20826	-98.377907
Palo Blanco	26.38757	-98.902404
Paloma Creek	33.225336	-96.936997
Paloma Creek South	33.21002	-96.932686
Palo Pinto	32.773557	-98.302042
Pampa	35.547852	-100.965032
Panhandle	35.3463	-101.380508
Panorama Village	30.382644	-95.493369
Pantego	32.714884	-97.153882
Paradise	33.149771	-97.688614
Paris	33.668929	-95.546616
Parker	33.063056	-96.625238
Pasadena	29.654996	-95.151055
Pattison	29.818429	-95.976392
Patton Village	30.196363	-95.165059
Pawnee	28.648346	-98.008284
Payne Springs	32.280309	-96.07444
Pearland	29.555732	-95.323012
Pearsall	28.892921	-99.097169
Peaster	32.853289	-97.87215
Pecan Acres	32.967872	-97.479029
Pecan Gap	33.43896	-95.853057
Pecan Grove	29.623646	-95.731918
Pecan Hill	32.490731	-96.781319
Pecan Plantation	32.363659	-97.65369
Pelican Bay	32.92275	-97.518921
Pena	26.415513	-98.969979
Pendleton	31.195576	-97.324234
Penelope	31.854533	-96.928185
Penitas	26.258315	-98.438645
Perezville	26.245593	-98.402395
Perrin	33.034582	-98.068784
Perryton	36.392868	-100.797656
Petersburg	33.871049	-101.597292
Petrolia	34.013096	-98.231798
Petronila	27.671229	-97.632246
Pettus	28.615594	-97.812093
Petty	33.605405	-95.803419
Pflugerville	30.447765	-97.602116
Pharr	26.167844	-98.190198
Pilot Point	33.398264	-96.955528
Pinebrook	30.312639	-95.876505
Pine Forest	30.175055	-94.035253
Pine Harbor	32.768344	-94.49982
Pinehurst	30.188607	-95.703538
Pinehurst	30.107448	-93.772253
Pine Island	30.053793	-96.028441
Pineland	31.247013	-93.973945
Pinewood Estates	30.170183	-94.318291
Piney Point Village	29.756515	-95.51544
Pittsburg	32.999188	-94.96678
Placedo	28.691936	-96.825904
Plains	33.18833	-102.821478
Plainview	34.191119	-101.723501
Plano	33.050769	-96.747944
Plantersville	30.334288	-95.86414
Pleak	29.474336	-95.802291
Pleasant Hill	31.002272	-94.792074
Pleasanton	28.964207	-98.49569
Pleasant Valley	33.937611	-98.598052
Plum	29.932334	-96.981229
Plum Grove	30.200807	-95.095582
Poetry	32.839368	-96.259501
Point	32.937099	-95.863365
Point Blank	30.748219	-95.213723
Point Comfort	28.668397	-96.556974
Point Venture	30.384099	-97.998172
Ponder	33.171716	-97.296467
Port Aransas	27.820898	-97.089193
Port Arthur	29.900008	-93.89442
Porter Heights	30.148393	-95.323745
Port Isabel	26.063045	-97.24669
Portland	27.889048	-97.331598
Port Lavaca	28.617967	-96.628288
Port Mansfield	26.569407	-97.442394
Port Neches	29.960768	-93.96179
Port O'Connor	28.446024	-96.420127
Post	33.19091	-101.381519
Post Oak Bend	32.641222	-96.322197
Poteet	29.037277	-98.572758
Poth	29.072069	-98.080562
Potosi	32.335745	-99.684338
Pottsboro	33.77033	-96.671261
Powderly	33.809047	-95.499008
Powell	32.109941	-96.321975
Poynor	32.079342	-95.592372
Prado Verde	31.889788	-106.613509
Praesel	30.631487	-97.028281
Prairie View	30.082855	-95.977134
Premont	27.358516	-98.12443
Presidio	29.560348	-104.365302
Preston	33.865502	-96.66354
Priddy	31.676042	-98.511368
Primera	26.223216	-97.751692
Princeton	33.201528	-96.517971
Proctor	31.986702	-98.430437
Progreso	26.09614	-97.956592
Progreso Lakes	26.068976	-97.960665
Prosper	33.241332	-96.812388
Providence Village	33.237843	-96.956797
Pueblo East	27.674829	-99.189648
Pueblo Nuevo	27.493908	-99.309882
Putnam	32.37027	-99.195495
Pyote	31.538066	-103.122483
Quail	34.914419	-100.380913
Quail Creek	28.777322	-97.084815
Quanah	34.295366	-99.742889
Queen City	33.150196	-94.15323
Quemado	28.947141	-100.623748
Quesada	26.281478	-98.581994
Quinlan	32.908974	-96.131296
Quintana	28.915077	-95.331991
Quitaque	34.36741	-101.055598
Quitman	32.794033	-95.44546
Radar Base	28.855679	-100.535528
Rafael Pena	26.300945	-98.64087
Ralls	33.678774	-101.384591
Ramireno	27.012883	-99.377545
Ramirez-Perez	26.316531	-98.69334
Ramos	26.427996	-99.026981
Ranchette Estates	26.484404	-97.822033
Ranchitos del Norte	26.400351	-98.871492
Ranchitos East	27.490676	-99.366743
Ranchitos Las Lomas	27.634602	-99.236455
Rancho Alegre	27.739292	-98.102681
Rancho Banquete	27.809394	-97.845486
Rancho Chico	28.024185	-97.49662
Ranchos Penitas West	27.67447	-99.603519
Rancho Viejo	26.035785	-97.555374
Rancho Viejo	26.414259	-98.915884
Randolph AFB	29.530328	-98.278946
Ranger	32.469491	-98.67574
Rangerville	26.107445	-97.736637
Rankin	31.22536	-101.939438
Ransom Canyon	33.530315	-101.685343
Ratamosa	26.199333	-97.844568
Ravenna	33.670474	-96.240886
Raymondville	26.475708	-97.777744
Realitos	27.445416	-98.530156
Redfield	31.679084	-94.662936
Redford	29.433685	-104.177574
Redland	31.405937	-94.716076
Red Lick	33.485081	-94.161474
Red Oak	32.509552	-96.78398
Red Rock	29.959938	-97.442794
Redwater	33.358343	-94.256165
Redwood	29.809821	-97.909304
Refugio	28.307445	-97.274981
Regino Ramirez	26.487986	-98.933774
Reid Hope King	25.921294	-97.414761
Reklaw	31.86659	-94.981549
Relampago	26.085087	-97.905864
Rendon	32.579673	-97.236515
Reno	33.666584	-95.479808
Reno	32.948835	-97.565987
Retreat	32.048448	-96.476909
Rhome	33.078895	-97.493199
Ricardo	27.418555	-97.847648
Rice	32.23926	-96.497137
Rice Tracts	26.05689	-97.627859
Richards	30.534429	-95.849764
Richardson	32.972291	-96.708069
Richland	31.924784	-96.423607
Richland Hills	32.810238	-97.226516
Richland Springs	31.271513	-98.948647
Richmond	29.580859	-95.7613
Richwood	29.063871	-95.402229
Riesel	31.476118	-96.943144
Ringgold	33.814333	-97.942446
Rio Bravo	27.364717	-99.484526
Rio Grande City	26.381	-98.821477
Rio Hondo	26.234627	-97.581466
Rio Vista	32.234545	-97.374835
Rising Star	32.097634	-98.96652
Rivereno	26.305232	-98.639753
River Oaks	32.776597	-97.398396
Riverside	30.848298	-95.398863
Riviera	27.299534	-97.79809
Road Runner	33.484322	-97.084783
Roanoke	33.014743	-97.229034
Roaring Springs	33.899183	-100.856142
Robert Lee	31.895705	-100.485006
Robinson	31.451487	-97.122876
Robstown	27.793971	-97.669163
Roby	32.745995	-100.379367
Rochelle	31.223079	-99.2066
Rochester	33.314205	-99.856503
Rockdale	30.655731	-97.008515
Rock Island	29.513809	-96.567123
Rockport	28.047649	-97.049971
Rocksprings	30.017078	-100.213296
Rockwall	32.918056	-96.43805
Rockwell Place	35.037498	-101.906362
Rocky Mound	33.0212	-95.017496
Rogers	30.929208	-97.229744
Rollingwood	30.273594	-97.786824
Roma	26.414741	-99.003922
Roman Forest	30.181973	-95.152343
Ropesville	33.413336	-102.155104
Rosanky	29.953256	-97.311922
Roscoe	32.441934	-100.532231
Rosebud	31.075651	-96.974462
Rose City	30.10648	-94.050213
Rose Hill Acres	30.191719	-94.192118
Rosenberg	29.549922	-95.821389
Rosharon	29.349974	-95.453054
Rosita	28.62554	-100.427849
Ross	31.727563	-97.112885
Rosser	32.458337	-96.451867
Rotan	32.854047	-100.465519
Round Mountain	30.394346	-98.361174
Round Rock	30.526767	-97.660079
Round Top	30.06397	-96.695882
Rowena	31.644231	-100.04811
Rowlett	32.915926	-96.548587
Roxton	33.545577	-95.724885
Royse City	32.979747	-96.316431
Rule	33.181941	-99.893272
Runaway Bay	33.175379	-97.874794
Runge	28.886277	-97.713067
Rusk	31.797759	-95.148758
Sabinal	29.321325	-99.469535
Sachse	32.969015	-96.579523
Sadler	33.680058	-96.846896
Saginaw	32.865564	-97.365207
St. Hedwig	29.420216	-98.206971
St. Jo	33.695023	-97.523071
St. Paul	33.047486	-96.553391
St. Paul	28.090962	-97.563184
Salado	30.948383	-97.528337
Salida del Sol Estates	26.325684	-98.446923
SalineÃ±o	26.517553	-99.112058
SalineÃ±o North	26.527223	-99.094956
Sammy Martinez	26.432851	-98.751298
Samnorwood	35.050114	-100.281401
Sam Rayburn	31.077263	-94.025528
San Angelo	31.441078	-100.450499
San Antonio	29.462809	-98.524635
San Augustine	31.529899	-94.110894
San Benito	26.129398	-97.64405
San Carlos	26.295668	-98.063057
San Carlos I	27.490005	-99.372929
San Carlos II	27.489596	-99.368589
Sanctuary	32.913158	-97.58767
Sanderson	30.150794	-102.407916
Sandia	28.02124	-97.867639
San Diego	27.760891	-98.238906
Sandoval	26.418189	-99.07943
Sand Springs	32.280355	-101.347191
Sandy Hollow-Escondidas	27.928241	-97.801525
Sandy Oaks	29.181719	-98.409159
Sandy Point	29.401256	-95.481732
San Elizario	31.578436	-106.262019
San Felipe	29.794557	-96.105867
San Fernando	26.403309	-98.835072
Sanford	35.702624	-101.531771
Sanger	33.382098	-97.165412
San Isidro	26.713619	-98.447902
San Juan	26.189788	-98.151813
San Juan	26.414966	-98.943691
San Leanna	30.143995	-97.819368
San Leon	29.491071	-94.941374
San Marcos	29.872399	-97.936022
San Patricio	27.984348	-97.770176
San Pedro	25.981339	-97.588211
San Perlita	26.500994	-97.639648
San Saba	31.197446	-98.71937
Sansom Park	32.802738	-97.402064
Santa Anna	31.736914	-99.325425
Santa Anna	26.669238	-98.557884
Santa Clara	29.593067	-98.160635
Santa Cruz	26.353689	-98.767615
Santa Fe	29.387565	-95.101543
Santa Maria	26.076963	-97.847445
Santa Monica	26.369439	-97.588931
Santa Rita Ranch	30.663659	-97.830644
Santa Rosa	26.256054	-97.825255
Santa Rosa	26.348732	-98.769912
Santel	26.37556	-98.883283
Santo	32.605585	-98.213845
San Ygnacio	27.053177	-99.423748
Sargent	28.797537	-95.641786
Sarita	27.22292	-97.795591
Savannah	33.225738	-96.908125
Savoy	33.59984	-96.366028
Scenic Oaks	29.703932	-98.667686
Schertz	29.563327	-98.250866
Schulenburg	29.682	-96.907489
Scissors	26.133333	-98.047489
Scotland	33.647344	-98.468847
Scottsville	32.540425	-94.239333
Scurry	32.512311	-96.384854
Seabrook	29.594706	-94.991496
Seadrift	28.413239	-96.716722
Seagoville	32.653383	-96.545058
Seagraves	32.94197	-102.565716
Sealy	29.764102	-96.162165
Sebastian	26.345238	-97.796296
Seco Mines	28.7505	-100.50153
Seguin	29.590227	-97.968607
Seis Lagos	33.071461	-96.566791
Selma	29.586474	-98.315286
Seminole	32.722204	-102.649814
Serenada	30.712703	-97.693144
Seth Ward	34.216295	-101.694515
Seven Oaks	30.851846	-94.857877
Seven Points	32.338659	-96.23442
Seymour	33.595233	-99.258469
Shadybrook	32.116898	-95.427672
Shady Hollow	30.164532	-97.863083
Shady Shores	33.162126	-97.034991
Shallowater	33.690077	-101.989265
Shamrock	35.215401	-100.246085
Shavano Park	29.584448	-98.556179
Sheffield	30.685889	-101.822416
Shelbyville	31.759331	-94.077172
Sheldon	29.859771	-95.133161
Shenandoah	30.184029	-95.455686
Shepherd	30.486166	-95.011345
Sheridan	29.51133	-96.672979
Sherman	33.628596	-96.626722
Sherwood Shores	33.847679	-96.814857
Shiner	29.433658	-97.173611
Shiro	30.604043	-95.887636
Shoreacres	29.62099	-95.018987
Sienna	29.485448	-95.506332
Sierra Blanca	31.183426	-105.33954
Siesta Acres	28.756331	-100.491752
Siesta Shores	26.850259	-99.255808
Silsbee	30.345491	-94.176787
Silverton	34.471372	-101.304049
Simonton	29.676603	-95.973393
Sinton	28.038432	-97.511044
Skellytown	35.571018	-101.173044
Skidmore	28.268362	-97.685296
Slaton	33.445473	-101.650918
Smiley	29.271292	-97.637551
Smithville	30.007988	-97.152333
Smyer	33.587382	-102.163501
Snook	30.491026	-96.472468
Snyder	32.713561	-100.911902
Socorro	31.638491	-106.25744
Solis	26.179141	-97.849461
Somerset	29.228612	-98.65685
Somerville	30.345438	-96.530948
Sonora	30.570654	-100.641768
Sonterra	30.807382	-97.59681
Sour Lake	30.137746	-94.404277
South Alamo	26.151755	-98.107851
South Fork Estates	27.269656	-98.723951
South Frydek	29.735151	-96.076937
South Houston	29.661024	-95.228361
Southlake	32.954493	-97.148867
South La Paloma	27.898769	-97.967753
Southmayd	33.623061	-96.708206
South Mountain	31.439827	-97.679265
South Padre Island	26.120465	-97.170703
South Point	25.869977	-97.381196
Southside Place	29.708686	-95.435483
South Toledo Bend	31.16351	-93.601865
Southwest Sandhill	31.556871	-102.906566
Spade	33.926032	-102.154242
Sparks	31.672706	-106.239816
Spearman	36.198182	-101.194343
Splendora	30.228386	-95.162354
Spofford	29.173124	-100.411255
Spring	30.062169	-95.383966
Spring Branch	29.876313	-98.408543
Spring Gardens	27.761529	-97.741873
Springlake	34.231621	-102.305734
Springtown	32.9693	-97.680424
Spring Valley Village	29.789761	-95.504026
Spur	33.476582	-100.850215
Stafford	29.62572	-95.56574
Stagecoach	30.141762	-95.700123
Stamford	33.046193	-99.597021
Stanton	32.131695	-101.792457
Staples	29.762335	-97.824538
Star Harbor	32.192142	-96.055069
Steiner Ranch	30.365377	-97.895911
Stephenville	32.214544	-98.219885
Sterling City	31.839175	-100.985878
Stinnett	35.823092	-101.44362
Stockdale	29.235974	-97.963888
Stockton Bend	32.479138	-97.763921
Stonewall	30.253584	-98.660907
Stowell	29.77996	-94.368614
Stratford	36.337568	-102.07603
Strawn	32.550728	-98.498084
Streetman	31.881835	-96.33257
Study Butte	29.335553	-103.542609
Sudan	34.066414	-102.524194
Sugar Land	29.592764	-95.633801
Sullivan City	26.275217	-98.564441
Sulphur Springs	33.143108	-95.614702
Summerfield	34.739899	-102.509167
Sundown	33.457545	-102.490809
Sunnyvale	32.799752	-96.55855
Sunray	36.018383	-101.824511
Sunrise Beach Village	30.586012	-98.418768
Sunrise Shores	32.179227	-95.507512
Sunset	33.446847	-97.767269
Sunset	26.424603	-99.06212
Sunset Acres	27.794165	-99.456603
Sunset Valley	30.225834	-97.815758
Sun Valley	33.670565	-95.428715
Surfside Beach	28.953071	-95.283757
Sweeny	29.046373	-95.698548
Sweetwater	32.469389	-100.408651
Sylvester	32.72288	-100.249929
Taft	27.980032	-97.392828
Taft Southwest	27.971231	-97.405446
Tahoka	33.163777	-101.795081
Talco	33.362882	-95.102269
Talty	32.694439	-96.400763
Tanquecitos South Acres	27.489792	-99.379691
Tanquecitos South Acres II	27.486961	-99.388178
Tatum	32.315881	-94.518878
Taylor	30.57203	-97.43038
Taylor Lake Village	29.574804	-95.05526
Taylor Landing	29.866412	-94.129171
Teague	31.629487	-96.280818
Tehuacana	31.743177	-96.540199
Temple	31.10345	-97.391124
Tenaha	31.943709	-94.245706
Terlingua	29.287134	-103.58341
Terrell	32.735347	-96.286437
Terrell Hills	29.477084	-98.447196
Texarkana	33.451136	-94.090087
Texas City	29.433717	-94.892695
Texhoma	36.493701	-101.793765
Texline	36.376494	-103.018876
The Colony	33.089598	-96.903368
The Hills	30.346485	-97.986454
The Homesteads	32.475488	-97.166245
The Woodlands	30.172562	-95.509813
Thompsons	29.481768	-95.636851
Thompsonville	27.260012	-98.784671
Thorndale	30.614023	-97.206487
Thornton	31.409957	-96.573614
Thorntonville	31.578927	-102.922073
Thrall	30.588154	-97.297728
Three Rivers	28.466853	-98.177947
Throckmorton	33.182071	-99.179771
Thunderbird Bay	31.909633	-99.020798
Tierra Bonita	26.272699	-97.827639
Tierra Dorada	26.400653	-98.921262
Tierra Grande	27.703686	-97.571819
Tierra Verde	27.761571	-97.717384
Tiki Island	29.297265	-94.914945
Tilden	28.459855	-98.548677
Timbercreek Canyon	35.05345	-101.818418
Timberwood Park	29.700723	-98.483181
Timpson	31.906912	-94.397056
Tioga	33.472108	-96.915704
Tira	33.329101	-95.536066
Tivoli	28.460839	-96.89147
Toco	33.653889	-95.649495
Todd Mission	30.260944	-95.829997
Tolar	32.390116	-97.91959
Tomball	30.095078	-95.619678
Tom Bean	33.520296	-96.484218
Tool	32.280535	-96.172711
Tornillo	31.436704	-106.103225
Tow	30.887703	-98.46414
Town of Pecos	31.391669	-103.527239
Toyah	31.312498	-103.794612
Tradewinds	27.994992	-97.260176
Travis Ranch	32.800955	-96.478156
Trent	32.48841	-100.123336
Trenton	33.426257	-96.344594
Trinidad	32.160015	-96.109524
Trinity	30.944452	-95.373563
Trophy Club	32.992522	-97.172964
Troup	32.145812	-95.12256
Troy	31.193982	-97.300358
Tuleta	28.576701	-97.798026
Tulia	34.537864	-101.774434
Tulsita	28.642329	-97.818052
Tunis	30.542276	-96.527258
Turkey	34.393922	-100.895302
Tuscola	32.211525	-99.798296
Tye	32.452218	-99.866537
Tyler	32.317258	-95.305886
Tynan	28.170753	-97.749176
Uhland	29.963097	-97.795373
Umbarger	34.956389	-102.109392
Uncertain	32.70064	-94.133261
Union Grove	32.574983	-94.915088
Union Valley	32.929474	-96.248807
Universal City	29.552	-98.307577
University Park	32.848624	-96.79525
Utopia	29.624088	-99.512655
Uvalde	29.215184	-99.777215
Uvalde Estates	29.168689	-99.836142
Valentine	30.588611	-104.495314
Valera	31.753618	-99.54927
Valle Hermoso	26.382268	-98.787117
Valle Verde	27.679691	-99.200997
Valle Vista	26.316046	-98.654655
Valley Mills	31.656797	-97.472648
Valley View	33.477139	-97.156696
Val Verde Park	29.374553	-100.830616
Van	32.523868	-95.63758
Van Alstyne	33.42174	-96.583241
Vanderbilt	28.820811	-96.60964
Van Horn	31.040672	-104.834154
Van Vleck	29.028133	-95.884566
Vega	35.245302	-102.429247
Venus	32.432367	-97.101821
Vernon	34.147664	-99.300427
Victoria	28.828528	-96.986015
Victoria Vera	26.318088	-98.69296
Vidor	30.128139	-93.991733
Villa del Sol	26.191904	-97.581886
Villa Pancho	25.884348	-97.41572
Villarreal	26.307121	-98.644285
Villa Verde	26.130081	-97.995974
Vinton	31.959455	-106.593517
Volente	30.445325	-97.907911
Von Ormy	29.277391	-98.657373
Waco	31.557994	-97.18975
Wadsworth	28.829941	-95.914531
Waelder	29.694496	-97.297848
Waka	36.281583	-101.044133
Wake Village	33.423839	-94.126966
Waller	30.072394	-95.931551
Wallis	29.632021	-96.063517
Walnut Springs	32.056979	-97.750568
Warren	30.612591	-94.42286
Warren City	32.551254	-94.904911
Washburn	35.169163	-101.569995
Waskom	32.47663	-94.064559
Watauga	32.871799	-97.251488
Waxahachie	32.40248	-96.844493
Weatherford	32.75319	-97.771944
Webberville	30.226071	-97.499593
Webster	29.532072	-95.116478
Weimar	29.70005	-96.777251
Weinert	33.3234	-99.673674
Weir	30.676717	-97.59107
Welch	32.933613	-102.123194
Wellington	34.853813	-100.213982
Wellman	33.046979	-102.427437
Wells	31.491559	-94.947319
Wells Branch	30.443458	-97.679955
Weslaco	26.160549	-97.987654
West	31.80311	-97.094614
West Alto Bonito	26.314312	-98.663153
Westbrook	32.357073	-101.013259
West Columbia	29.141926	-95.649452
Westdale	27.965726	-97.993728
Western Lake	32.62116	-97.816656
Westlake	32.985461	-97.203788
West Lake Hills	30.291636	-97.814164
West Livingston	30.701393	-95.020274
Westminster	33.364849	-96.459348
West Odessa	31.838248	-102.500139
Weston	33.330038	-96.665863
Weston Lakes	29.657316	-95.931016
West Orange	30.079101	-93.759774
Westover Hills	32.74366	-97.412266
West Sharyland	26.271861	-98.340398
West Tawakoni	32.899625	-96.035919
West University Place	29.715442	-95.431628
Westway	31.96007	-106.575981
Westwood Shores	30.936571	-95.327405
Westworth Village	32.761945	-97.423257
Wharton	29.317601	-96.102279
Wheeler	35.441115	-100.275228
White Deer	35.433397	-101.175846
Whiteface	33.599563	-102.61337
Whitehouse	32.221677	-95.220676
White Oak	32.530045	-94.853928
Whitesboro	33.65958	-96.903694
White Settlement	32.755053	-97.460687
Whitewright	33.511159	-96.394906
Whitharral	33.739154	-102.327823
Whitney	31.952447	-97.31977
Wichita Falls	33.906654	-98.525848
Wickett	31.567325	-103.005948
Wildorado	35.209206	-102.209515
Wild Peach Village	29.081044	-95.637257
Wildwood	30.525295	-94.448708
Willis	30.434166	-95.484207
Willow Grove	31.559134	-97.296059
Willow Park	32.753942	-97.650172
Wills Point	32.709454	-96.004991
Wilmer	32.599015	-96.681585
Wilson	33.31934	-101.727499
Wimberley	29.984804	-98.090553
Windcrest	29.514831	-98.381341
Windom	33.564799	-95.998519
Windthorst	33.576966	-98.434932
Winfield	33.165434	-95.111225
Wingate	32.045513	-100.104039
Wink	31.754497	-103.154117
Winnie	29.816716	-94.380673
Winnsboro	32.955903	-95.290319
Winona	32.49261	-95.177413
Winters	31.949127	-99.959308
Wixon Valley	30.764482	-96.318645
Wolfe City	33.368528	-96.071986
Wolfforth	33.509016	-102.005082
Woodbranch	30.181335	-95.183615
Woodcreek	30.026646	-98.111526
Woodloch	30.217204	-95.413029
Woodsboro	28.237807	-97.32538
Woodson	33.014931	-99.053429
Woodville	30.774433	-94.422454
Woodway	31.498334	-97.230789
Wortham	31.790154	-96.461613
Wyldwood	30.128651	-97.477416
Wylie	33.035831	-96.520187
Yancey	29.147071	-99.142642
Yantis	32.92853	-95.577357
Yoakum	29.293204	-97.14701
Yorktown	28.982808	-97.505032
Yznaga	26.328525	-97.815009
Zapata	26.902166	-99.261428
Zapata Ranch	26.358827	-97.823005
Zarate	26.319936	-98.636931
Zavalla	31.158466	-94.418918
Zephyr	31.679217	-98.791235
Zuehl	29.505103	-98.152168
Alpine	40.462954	-111.77244
Alta	40.582406	-111.620321
Altamont	40.358977	-110.288022
Alton	37.426539	-112.510275
Amalga	41.856255	-111.897155
American Fork	40.377877	-111.795074
Aneth	37.206491	-109.165168
Annabella	38.706006	-112.058567
Antimony	38.103029	-111.982319
Apple Valley	37.080972	-113.1034
Aurora	38.920062	-111.933549
Avon	41.535328	-111.812433
Ballard	40.294914	-109.949353
Bear River City	41.612369	-112.124948
Beaver	38.275872	-112.638098
Benjamin	40.096866	-111.72897
Benson	41.752857	-111.925852
Beryl Junction	37.700983	-113.653495
Bicknell	38.340656	-111.544178
Big Water	37.072874	-111.660762
Blanding	37.623144	-109.51295
Bluebell	40.351374	-110.223817
Bluff	37.290346	-109.596104
Bluffdale	40.474551	-111.940262
Bonanza	40.030474	-109.188439
Boulder	37.922785	-111.431854
Bountiful	40.872483	-111.8612
Brian Head	37.697723	-112.84157
Brigham City	41.505904	-112.051418
Brighton	40.610656	-111.603923
Bryce Canyon City	37.68196	-112.161567
Cache	41.82865	-112.005677
Cannonville	37.554827	-112.053756
Carbonville	39.626877	-110.833262
Castle Dale	39.221661	-111.022676
Castle Valley	38.632119	-109.396042
Cedar City	37.683767	-113.095484
Cedar Fort	40.34137	-112.108602
Cedar Highlands	37.635842	-113.041037
Cedar Hills	40.412028	-111.754266
Centerfield	39.127455	-111.818423
Centerville	40.926297	-111.883339
Central	37.415005	-113.626248
Central Valley	38.699262	-112.096682
Charleston	40.467276	-111.459488
Circleville	38.168403	-112.27161
Clarkston	41.920481	-112.050376
Clawson	39.131395	-111.098932
Clear Creek	39.643343	-111.15484
Clearfield	41.097012	-112.01792
Cleveland	39.349469	-110.855499
Clinton	41.13874	-112.066417
Coalville	40.907337	-111.421376
Copperton metro township	40.566115	-112.09792
Corinne	41.551464	-112.125015
Cornish	41.967158	-111.958734
Cottonwood Heights	40.613679	-111.814551
Cove	41.968258	-111.779388
Dammeron Valley	37.304173	-113.66587
Daniel	40.46672	-111.409514
Delta	39.36327	-112.543758
Deseret	39.287621	-112.651116
Deweyville	41.693024	-112.088345
Draper	40.49715	-111.864636
Duchesne	40.175296	-110.394146
Dugway	40.230686	-112.754054
Dutch John	40.92707	-109.403119
Eagle Mountain	40.31432	-112.011708
East Basin	40.736798	-111.469066
East Carbon	39.533025	-110.42945
Echo	40.980259	-111.439246
Eden	41.30616	-111.803782
Elberta	39.95579	-111.956923
Elk Ridge	40.01036	-111.677997
Elmo	39.38771	-110.815613
Elsinore	38.683763	-112.140051
Elwood	41.67321	-112.136645
Emery	38.925179	-111.252238
Emigration Canyon metro township	40.788573	-111.741398
Enoch	37.766581	-113.045257
Enterprise	41.106986	-111.730713
Enterprise	37.571633	-113.743029
Ephraim	39.356239	-111.58467
Erda	40.618084	-112.308945
Escalante	37.76488	-111.598396
Eureka	39.958661	-112.115075
Fairfield	40.235991	-112.075224
Fairview	39.629967	-111.436859
Farmington	40.984669	-111.906306
Farr West	41.301537	-112.03179
Fayette	39.224637	-111.854191
Ferron	39.091598	-111.133627
Fielding	41.812413	-112.11734
Fillmore	38.96418	-112.338574
Flaming Gorge	40.88915	-109.475931
Fort Duchesne	40.281802	-109.877241
Fountain Green	39.628094	-111.641301
Francis	40.612511	-111.28223
Fremont	38.455449	-111.614953
Fruit Heights	41.02893	-111.904594
Garden	41.874269	-111.41703
Garden City	41.937088	-111.412159
Garland	41.736335	-112.162919
Genola	40.011993	-111.847985
Glendale	37.334232	-112.603503
Glenwood	38.762449	-111.987597
Goshen	39.951114	-111.900826
Granite	40.575662	-111.791252
Grantsville	40.611347	-112.469077
Green River	38.99346	-110.173424
Gunnison	39.15693	-111.813516
Halchita	37.150558	-109.9037
Halls Crossing	37.465816	-110.665443
Hanksville	38.371999	-110.713454
Harrisville	41.285318	-111.98597
Hatch	37.649192	-112.434877
Heber	40.541736	-111.387445
Helper	39.689628	-110.859599
Henefer	41.013814	-111.493273
Henrieville	37.563891	-112.001906
Herriman	40.491728	-112.020343
Hideout	40.645965	-111.405842
Highland	40.427556	-111.79559
Hildale	37.015423	-112.999846
Hinckley	39.333595	-112.673482
Hobble Creek	40.19172	-111.496707
Holden	39.100095	-112.270413
Holladay	40.659924	-111.822697
Honeyville	41.636119	-112.085745
Hooper	41.162582	-112.34196
Howell	41.778746	-112.448024
Hoytsville	40.875766	-111.384734
Huntington	39.330116	-110.96281
Huntsville	41.259782	-111.771262
Hurricane	37.148473	-113.358862
Hyde Park	41.801084	-111.809887
Hyrum	41.632797	-111.845514
Independence	40.410836	-111.295708
Interlaken	40.541184	-111.475348
Ivins	37.173803	-113.68083
Jensen	40.369529	-109.355572
Joseph	38.624845	-112.219824
Junction	38.236148	-112.224615
Kamas	40.649996	-111.273422
Kanab	37.034652	-112.529991
Kanarraville	37.537837	-113.180983
Kanosh	38.801396	-112.437425
Kaysville	41.029342	-111.945074
Kearns metro township	40.651944	-112.00939
Kenilworth	39.680325	-110.814539
Kingston	38.206668	-112.179266
Koosharem	38.513402	-111.881919
Lake Point	40.683365	-112.265574
Lake Shore	40.129442	-111.736181
Laketown	41.82932	-111.332682
Lapoint	40.404217	-109.796978
La Sal	38.301147	-109.265651
La Verkin	37.231529	-113.250555
Layton	41.077423	-111.960727
Leamington	39.531311	-112.285226
Leeds	37.237186	-113.34707
Lehi	40.41708	-111.871147
Levan	39.556156	-111.860579
Lewiston	41.968452	-111.885815
Liberty	41.342536	-111.86488
Lindon	40.341998	-111.717267
Loa	38.403769	-111.645139
Logan	41.740256	-111.841764
Lyman	38.396627	-111.589338
Lynndyl	39.508585	-112.393444
Maeser	40.471838	-109.57862
Magna metro township	40.759538	-112.18273
Manila	40.992158	-109.721033
Manti	39.26647	-111.635327
Mantua	41.497983	-111.935739
Mapleton	40.118757	-111.574246
Marion	40.681022	-111.277319
Marriott-Slaterville	41.261051	-112.036252
Marysvale	38.436649	-112.261968
Mayfield	39.119309	-111.70804
Meadow	38.886223	-112.407142
Mendon	41.711538	-111.977537
Mexican Hat	37.174258	-109.883578
Midvale	40.614723	-111.892822
Midway	40.520202	-111.47551
Milford	38.394503	-113.012265
Millcreek	40.689017	-111.829559
Millville	41.685206	-111.821221
Minersville	38.248011	-112.978989
Moab	38.570104	-109.547833
Modena	37.794712	-113.92746
Mona	39.811804	-111.841529
Monroe	38.623009	-112.119612
Montezuma Creek	37.2515	-109.30371
Monticello	37.868534	-109.3362
Morgan	41.041431	-111.680192
Moroni	39.527028	-111.583067
Mountain Green	41.147673	-111.787635
Mount Pleasant	39.540744	-111.455865
Murray	40.650654	-111.886568
Myton	40.193265	-110.062512
Naples	40.431749	-109.491273
Navajo Mountain	37.047029	-110.789935
Neola	40.434806	-110.03082
Nephi	39.704697	-111.83335
Newcastle	37.662854	-113.564366
New Harmony	37.480044	-113.309252
Newton	41.86116	-111.990752
Nibley	41.672956	-111.846778
North Logan	41.775541	-111.806654
North Ogden	41.314613	-111.959686
North Salt Lake	40.847116	-111.91878
Oak City	39.374738	-112.338342
Oakley	40.740521	-111.274099
Oasis	39.292306	-112.628951
Ogden	41.228391	-111.968147
Oljato-Monument Valley	37.030747	-110.251094
Ophir	40.370055	-112.255963
Orangeville	39.230824	-111.059173
Orderville	37.253958	-112.657397
Orem	40.298065	-111.699445
Palmyra	40.134176	-111.693049
Panguitch	37.822772	-112.434141
Paradise	41.568176	-111.833349
Paragonah	37.885379	-112.771089
Park City	40.657328	-111.493756
Parowan	37.832577	-112.829619
Payson	40.035882	-111.738805
Peoa	40.732573	-111.329403
Perry	41.464517	-112.040541
Peter	41.777428	-112.000644
Pine Valley	37.390369	-113.506033
Plain City	41.306699	-112.094297
Pleasant Grove	40.371496	-111.741278
Pleasant View	41.32489	-112.001042
Plymouth	41.873587	-112.146778
Portage	41.975633	-112.24051
Price	39.604001	-110.800352
Providence	41.703551	-111.813294
Provo	40.245312	-111.645057
Randlett	40.226748	-109.83081
Randolph	41.665525	-111.184633
Redmond	39.00526	-111.867242
Richfield	38.761285	-112.092974
Richmond	41.923065	-111.807823
Riverdale	41.173136	-112.002256
River Heights	41.722128	-111.819122
Riverside	41.810587	-112.140315
Riverton	40.517634	-111.963515
Rockville	37.147817	-113.05479
Rocky Ridge	39.919747	-111.825747
Roosevelt	40.287727	-109.987983
Roy	41.171459	-112.048479
Rush Valley	40.361285	-112.450643
St. George	37.077006	-113.576534
Salem	40.055295	-111.667365
Salina	38.938815	-111.865194
Salt Lake City	40.776928	-111.930991
Samak	40.638907	-111.2413
Sandy	40.571714	-111.84987
Santa Clara	37.131398	-113.656646
Santaquin	39.969893	-111.794431
Saratoga Springs	40.344608	-111.915893
Scipio	39.24908	-112.104411
Scofield	39.719827	-111.16226
Sigurd	38.86622	-111.963141
Silver Summit	40.748926	-111.513907
Smithfield	41.835466	-111.82752
Snowville	41.972822	-112.716407
Snyderville	40.704118	-111.543375
South Jordan	40.556905	-111.978584
South Ogden	41.172226	-111.957694
South Salt Lake	40.705649	-111.898617
South Weber	41.134197	-111.938759
South Willard	41.358299	-112.040882
Spanish Fork	40.110388	-111.641064
Spanish Valley	38.474263	-109.420972
Spring City	39.479865	-111.491764
Springdale	37.181673	-113.005007
Spring Glen	39.65601	-110.846081
Spring Lake	40.008534	-111.750636
Springville	40.164273	-111.619525
Stansbury Park	40.633963	-112.306374
Sterling	39.193321	-111.690405
Stockton	40.444132	-112.37442
Summit	37.805337	-112.933135
Summit Park	40.742334	-111.587245
Sundance	40.392723	-111.590879
Sunset	41.13806	-112.028388
Sutherland	39.389581	-112.63994
Syracuse	41.085847	-112.068738
Tabiona	40.354216	-110.709559
Taylorsville	40.656942	-111.94933
Teasdale	38.285097	-111.472367
Thatcher	41.681522	-112.320043
Thompson Springs	38.963575	-109.703719
Timber Lakes	40.474957	-111.255838
Tooele	40.539396	-112.307843
Toquerville	37.266546	-113.295135
Torrey	38.307337	-111.427133
Tremonton	41.718352	-112.187837
Trenton	41.913878	-111.935809
Tropic	37.633054	-112.087959
Tselakai Dezza	37.210008	-109.609096
Uintah	41.141357	-111.932385
Vernal	40.451701	-109.538007
Vernon	40.09559	-112.445774
Veyo	37.337502	-113.693028
Vineyard	40.305056	-111.754784
Virgin	37.194738	-113.205539
Wales	39.48518	-111.636079
Wallsburg	40.386871	-111.419464
Wanship	40.816759	-111.415089
Washington	37.126676	-113.487759
Washington Terrace	41.168318	-111.978153
Wellington	39.53586	-110.734374
Wellsville	41.623416	-111.942094
Wendover	40.724025	-114.025097
West Bountiful	40.901267	-111.908454
West Haven	41.209075	-112.053612
West Jordan	40.602666	-112.001255
West Mountain	40.051816	-111.783353
West Point	41.121721	-112.098224
West Valley City	40.688493	-112.011759
West Wood	39.605158	-110.842424
White City metro township	40.568742	-111.862641
White Mesa	37.459621	-109.459963
Whiterocks	40.472147	-109.94122
Willard	41.403172	-112.042539
Wolf Creek	41.3253	-111.828756
Woodland	40.583797	-111.235761
Woodland Hills	40.013365	-111.656004
Woodruff	41.521183	-111.163931
Woods Cross	40.87319	-111.917773
Albany	44.729932	-72.381758
Alburgh	44.976728	-73.30257
Algiers	42.820005	-72.579559
Arlington	43.072883	-73.146076
Ascutney	43.408312	-72.405702
Bakersfield	44.782021	-72.803277
Barnet	44.295484	-72.04983
Barre	44.199088	-72.507979
Barton	44.747972	-72.178552
Beecher Falls	45.009587	-71.487927
Bellows Falls	43.134554	-72.459088
Bennington	42.871243	-73.180181
Benson	43.710063	-73.302976
Bethel	43.829706	-72.634469
Bolton	44.374215	-72.88601
Bolton Valley	44.416642	-72.857466
Bradford	43.995926	-72.124464
Brandon	43.810474	-73.09028
Brattleboro	42.861623	-72.559216
Bristol	44.137679	-73.09131
Burlington	44.491927	-73.238882
Cabot	44.406782	-72.316688
Cambridge	44.637307	-72.881406
Canaan	45.006739	-71.527141
Castleton	43.605438	-73.184824
Castleton Four Corners	43.611965	-73.210573
Cavendish	43.385393	-72.607864
Chelsea	43.991743	-72.451214
Chester	43.269192	-72.596291
Chimney Hill	42.888988	-72.909635
Chittenden	43.703323	-72.949464
Concord	44.435598	-71.886404
Coventry	44.864935	-72.270044
Danby	43.343667	-72.99463
Danville	44.410261	-72.141614
Derby Center	44.954564	-72.136208
Derby Line	44.998695	-72.107263
Dorset	43.26046	-73.108367
East Barre	44.14834	-72.449497
East Burke	44.587657	-71.940967
East Charlotte	44.318368	-73.190865
East Dorset	43.243724	-73.007515
East Middlebury	43.976586	-73.100235
East Montpelier	44.267319	-72.491241
East Poultney	43.525649	-73.215011
Enosburg Falls	44.910013	-72.801952
Essex Junction	44.490288	-73.114121
Fairfax	44.671277	-73.009271
Fair Haven	43.592783	-73.268898
Fairlee	43.893818	-72.159137
Gilman	44.413981	-71.712284
Glover	44.707108	-72.199329
Grafton	43.170735	-72.60853
Graniteville	44.145848	-72.481395
Greensboro	44.578992	-72.315503
Greensboro Bend	44.561395	-72.265645
Groton	44.218915	-72.201097
Hanksville	44.253368	-72.96089
Hardwick	44.496963	-72.364454
Harmonyville	43.036286	-72.667429
Hartford Village	43.666738	-72.337742
Hartland	43.542639	-72.401149
Highgate Center	44.934919	-73.038471
Highgate Springs	44.978326	-73.105629
Hinesburg	44.333146	-73.109207
Huntington	44.326403	-72.989362
Huntington Center	44.289043	-72.969163
Hyde Park	44.599081	-72.608364
Irasburg	44.800772	-72.290572
Island Pond	44.814026	-71.885546
Jacksonville	42.79403	-72.815564
Jamaica	43.095201	-72.77457
Jeffersonville	44.64659	-72.826096
Jericho	44.502675	-72.990293
Johnson	44.636968	-72.678702
Killington Village	43.650545	-72.778421
Lincoln	44.102714	-72.99377
Londonderry	43.230113	-72.807969
Lowell	44.793476	-72.432757
Ludlow	43.401856	-72.699211
Lunenburg	44.453063	-71.674197
Lyndon	44.515122	-72.013761
Lyndon Center	44.540597	-72.015613
Lyndonville	44.534969	-72.000649
Manchester	43.160037	-73.067098
Manchester Center	43.188397	-73.035178
Marshfield	44.353357	-72.349726
Middlebury	44.007904	-73.157609
Middletown Springs	43.486568	-73.123045
Milton	44.630376	-73.12244
Montpelier	44.266448	-72.571524
Morrisville	44.557227	-72.589969
Newbury	44.080827	-72.057719
Newfane	42.987414	-72.655889
New Haven	44.133023	-73.14537
Newport	44.936689	-72.209558
Newport Center	44.95244	-72.306113
North Bennington	42.920552	-73.24093
North Clarendon	43.571193	-72.968469
Northfield	44.146522	-72.657101
North Hartland	43.596986	-72.359722
North Hyde Park	44.664216	-72.588854
North Pownal	42.798559	-73.25732
North Springfield	43.329902	-72.533788
North Troy	44.996327	-72.403506
North Westminster	43.122393	-72.456417
Norwich	43.718016	-72.30566
Old Bennington	42.884855	-73.214297
Orleans	44.80877	-72.199501
Pawlet	43.338969	-73.168393
Peacham	44.32958	-72.172452
Pittsford	43.71234	-73.025265
Plainfield	44.280961	-72.431823
Poultney	43.517815	-73.235967
Pownal	42.765345	-73.234162
Pownal Center	42.79766	-73.221503
Proctor	43.676401	-73.045352
Proctorsville	43.380832	-72.641468
Putney	42.971324	-72.527696
Quechee	43.64451	-72.418975
Randolph	43.926347	-72.666361
Readsboro	42.765556	-72.952062
Richford	44.994014	-72.669443
Richmond	44.405738	-73.001469
Rochester	43.870387	-72.803593
Rutland	43.60967	-72.977788
St. Albans	44.811538	-73.084462
St. George	44.379745	-73.131557
St. Johnsbury	44.430445	-72.008582
Saxtons River	43.139367	-72.511138
Sheffield	44.596085	-72.115177
Shelburne	44.390452	-73.217992
South Barre	44.160691	-72.502255
South Burlington	44.436469	-73.182623
South Hero	44.648436	-73.301318
South Lincoln	44.059925	-72.974529
South Londonderry	43.191434	-72.808258
South Royalton	43.807051	-72.512259
South Shaftsbury	42.9406	-73.194627
South Woodstock	43.560217	-72.527025
Springfield	43.296641	-72.48187
Stamford	42.754844	-73.060965
Stowe	44.467241	-72.68377
Stratton Mountain	43.116202	-72.905312
Sutton	44.630091	-72.031527
Swanton	44.924538	-73.119353
Townshend	43.049461	-72.670371
Troy	44.911101	-72.401641
Underhill Center	44.50805	-72.89874
Underhill Flats	44.523259	-72.946234
Vergennes	44.16766	-73.255316
Waitsfield	44.183349	-72.834513
Wallingford	43.472663	-72.965999
Wardsboro	43.043815	-72.788421
Waterbury	44.336415	-72.749053
Waterbury Center	44.377996	-72.72082
Websterville	44.157314	-72.477642
Wells	43.418682	-73.212275
Wells River	44.156476	-72.067979
West Brattleboro	42.856521	-72.600362
West Burke	44.643829	-71.979303
West Charlotte	44.307338	-73.257254
West Dummerston	42.929804	-72.612833
Westford	44.603324	-73.015994
Westminster	43.078539	-72.454315
Weston	43.290739	-72.793704
West Pawlet	43.354365	-73.247572
West Rutland	43.596686	-73.042958
West Woodstock	43.610383	-72.552513
White River Junction	43.650026	-72.329173
Whitingham	42.789194	-72.883349
Wilder	43.677681	-72.320418
Williamstown	44.117705	-72.550501
Wilmington	42.869334	-72.861064
Windsor	43.479211	-72.39066
Winooski	44.495587	-73.184857
Wolcott	44.551809	-72.470074
Woodstock	43.62344	-72.513003
Worcester	44.370033	-72.550149
Abbs Valley	37.235392	-81.460147
Abingdon	36.706665	-81.971627
Accomac	37.719561	-75.667784
Adwolf	36.798026	-81.593646
Afton	38.022164	-78.833445
Alberta	36.854006	-77.893986
Aldie	38.97612	-77.647985
Alexandria	38.819251	-77.08367
Allison Gap	36.899778	-81.786853
Allisonia	36.936866	-80.718793
Alonzaville	38.927751	-78.550927
Altavista	37.123438	-79.283378
Amelia Court House	37.335858	-77.986639
Amherst	37.581894	-79.051995
Amonate	37.190597	-81.640566
Annandale	38.832801	-77.196229
Appalachia	36.912716	-82.795003
Apple Mountain Lake	38.926685	-78.105138
Appomattox	37.358738	-78.826446
Aquia Harbour	38.459234	-77.380104
Arcola	38.944426	-77.534083
Arlington	38.878337	-77.100703
Arrington	37.678696	-78.894759
Ashburn	39.027296	-77.471322
Ashland	37.760417	-77.472414
Atkins	36.866981	-81.398577
Atlantic	37.903366	-75.506367
Augusta Springs	38.102962	-79.336345
Austinville	36.851018	-80.914507
Bailey's Crossroads	38.848262	-77.131959
Barboursville	38.169924	-78.283603
Baskerville	36.684407	-78.273196
Bassett	36.761517	-79.986551
Bastian	37.153528	-81.152495
Basye	38.809424	-78.769485
Bayside	37.754788	-75.712852
Baywood	36.621889	-81.008466
Bealeton	38.583009	-77.778763
Bedford	37.336272	-79.517716
Belle Haven	37.554653	-75.823838
Belle Haven	38.777325	-77.057438
Bellwood	37.406041	-77.436335
Belmont	39.065619	-77.498473
Belmont Estates	38.446449	-78.922783
Belspring	37.195413	-80.612423
Belview	37.166762	-80.509706
Benns Church	36.936894	-76.58469
Bensley	37.447493	-77.445608
Berryville	39.147726	-77.98016
Bethel Manor	37.097363	-76.424632
Big Island	37.533422	-79.363186
Big Rock	37.35256	-82.18734
Big Stone Gap	36.86274	-82.776089
Big Stone Gap East	36.879269	-82.743346
Blacksburg	37.231264	-80.426745
Blackstone	37.081822	-78.002812
Blairs	36.699268	-79.37891
Bland	37.099492	-81.115765
Bloxom	37.829241	-75.621437
Bluefield	37.235225	-81.274659
Blue Ridge	37.379843	-79.822204
Blue Ridge Shores	38.107114	-78.022692
Bobtown	37.649248	-75.799872
Boissevain	37.275703	-81.385616
Bon Air	37.516984	-77.570309
Boones Mill	37.115562	-79.951414
Boston	37.603856	-75.843711
Boswell's Corner	38.503705	-77.372135
Bowling Green	38.053331	-77.347528
Bowmans Crossing	38.797882	-78.589013
Boyce	39.093223	-78.060108
Boydton	36.66606	-78.390727
Boykins	36.577825	-77.198919
Bracey	36.581233	-78.113798
Braddock	38.831875	-77.355031
Brambleton	38.980243	-77.532796
Branchville	36.569793	-77.250096
Brandermill	37.433992	-77.650583
Brandy Station	38.495045	-77.889951
Breaks	37.300654	-82.279194
Bridgewater	38.388491	-78.964452
Brightwood	38.413954	-78.184695
Bristol	36.616954	-82.157564
Broadlands	39.013635	-77.516983
Broadway	38.608485	-78.801366
Brodnax	36.702953	-78.031937
Brookneal	37.047841	-78.953936
Brucetown	39.250674	-78.060935
Buchanan	37.520854	-79.691059
Buckhall	38.715561	-77.447008
Buckingham Courthouse	37.55589	-78.55138
Buena Vista	37.729345	-79.358134
Bull Run	38.83975	-77.489757
Bull Run	38.780099	-77.520418
Bull Run Mountain Estates	38.90919	-77.666676
Burke	38.777716	-77.262594
Burke Centre	38.791183	-77.300574
Burkeville	37.187905	-78.194413
Callaghan	37.809824	-80.089009
Calverton	38.635169	-77.666433
Camp Barrett	38.51861	-77.437652
Camptown	36.685887	-76.894742
Cana	36.580614	-80.667889
Cape Charles	37.249726	-76.014156
Capron	36.709329	-77.201281
Captains Cove	37.996297	-75.425918
Carrollton	36.940627	-76.521072
Carrsville	36.704097	-76.839133
Cascades	39.047538	-77.386847
Castlewood	36.880139	-82.295326
Catlett	38.656381	-77.628856
Cats Bridge	37.547717	-75.783285
Cave Spring	37.22691	-80.00688
Cedar Bluff	37.086956	-81.763725
Central Garage	37.747319	-77.125113
Centreville	38.84065	-77.438462
Chamberlayne	37.627375	-77.428188
Chantilly	38.88918	-77.442088
Charles City	37.348306	-77.062955
Charlotte Court House	37.056247	-78.637687
Charlottesville	38.037658	-78.485381
Chase City	36.799844	-78.460951
Chase Crossing	37.760332	-75.6657
Chatham	36.811853	-79.400122
Chatmoss	36.676678	-79.808442
Cheriton	37.294354	-75.965519
Cherry Hill	38.567372	-77.286267
Chesapeake	36.679376	-76.301788
Chester	37.352045	-77.433695
Chester Gap	38.850109	-78.131581
Chilhowie	36.800173	-81.682913
Chincoteague	37.949305	-75.352582
Christiansburg	37.140663	-80.404512
Churchville	38.22466	-79.161389
Claremont	37.227296	-76.966564
Clarksville	36.618228	-78.564526
Clary	39.027745	-78.337094
Claypool Hill	37.064729	-81.749996
Cleveland	36.943669	-82.152632
Clifton	38.780128	-77.38599
Cliftondale Park	37.824938	-79.798136
Clifton Forge	37.82332	-79.825194
Clinchco	37.157398	-82.354462
Clinchport	36.680024	-82.74416
Clintwood	37.152994	-82.459892
Clover	36.84024	-78.721854
Cloverdale	37.356145	-79.903579
Cluster Springs	36.604519	-78.923099
Coeburn	36.945648	-82.470398
Collinsville	36.72102	-79.911638
Colonial Beach	38.264407	-76.993729
Colonial Heights	37.261685	-77.396804
Columbia	37.753843	-78.163369
Columbia Furnace	38.874907	-78.614777
Concord	37.34484	-78.982889
Conicville	38.828993	-78.681297
Countryside	39.052202	-77.412414
County Center	38.692745	-77.355599
Courtland	36.71226	-77.061957
Covington	37.78106	-79.985434
Craigsville	38.086525	-79.390787
Crewe	37.180994	-78.130407
Crimora	38.161665	-78.843844
Crosspointe	38.72498	-77.263232
Crozet	38.06492	-78.69696
Culpeper	38.470292	-77.999764
Cumberland	37.498721	-78.257515
Dahlgren	38.341976	-77.064267
Dahlgren Center	38.33631	-77.028454
Dale City	38.649812	-77.345941
Daleville	37.41447	-79.913771
Damascus	36.63267	-81.789359
Dante	36.984673	-82.283575
Danville	36.583334	-79.408071
Dayton	38.417296	-78.941107
Deep Creek	37.759931	-75.752655
Deerfield	38.194551	-79.412999
Deltaville	37.551332	-76.327846
Dendron	37.036415	-76.924056
Difficult Run	38.906639	-77.345536
Dillwyn	37.540511	-78.46121
Dinwiddie	37.085011	-77.586454
Disputanta	37.123551	-77.224856
Dooms	38.100067	-78.850167
Doran	37.095858	-81.83193
Drakes Branch	36.993347	-78.60094
Dranesville	38.996677	-77.370298
Draper	37.000242	-80.732508
Dryden	36.775836	-82.944077
Dublin	37.105503	-80.6897
Duffield	36.719629	-82.795967
Dulles Town Center	39.023468	-77.413511
Dumbarton	37.611887	-77.508285
Dumfries	38.567348	-77.322421
Dunbar	36.973257	-82.745885
Dungannon	36.828397	-82.468108
Dunn Loring	38.894083	-77.229192
Eagle Rock	37.642251	-79.791894
Earlysville	38.154569	-78.468933
East Highland Park	37.577514	-77.386788
East Lexington	37.801471	-79.416492
East Stone Gap	36.865696	-82.743477
Eastville	37.351063	-75.9408
Ebony	36.575876	-77.983988
Edinburg	38.822863	-78.562689
Eggleston	37.287196	-80.621872
Elkton	38.41069	-78.616117
Elliston	37.223009	-80.215723
Emory	36.779821	-81.827397
Emporia	36.696182	-77.535975
Enon	37.327339	-77.321671
Esmont	37.828544	-78.592057
Ettrick	37.247306	-77.430756
Ewing	36.637465	-83.429466
Exmore	37.529495	-75.828317
Fairfax	38.853183	-77.299025
Fairfax Station	38.794835	-77.338545
Fairfield	37.882818	-79.282871
Fair Lakes	38.8531	-77.389277
Fairlawn	37.145208	-80.543843
Fair Oaks	38.865093	-77.357387
Fairview	36.829244	-78.465344
Fairview Beach	38.328167	-77.242346
Falls Church	38.884722	-77.175603
Falls Mills	37.279088	-81.306183
Falmouth	38.33018	-77.465914
Fancy Gap	36.671304	-80.701083
Farmville	37.296115	-78.400447
Ferrum	36.938495	-79.994972
Fieldale	36.700949	-79.942435
Fincastle	37.501573	-79.874827
Fishers Hill	38.988629	-78.403498
Fishersville	38.102349	-78.986163
Flint Hill	38.765579	-78.103474
Floris	38.929432	-77.409097
Floyd	36.91216	-80.318117
Forest	37.374934	-79.277149
Forestville	38.714604	-78.72321
Fort Belvoir	38.713075	-77.144497
Fort Chiswell	36.944722	-80.956149
Fort Hunt	38.735462	-77.057664
Fort Lee	37.235635	-77.332513
Franconia	38.767906	-77.158313
Franklin	36.684014	-76.941396
Franklin Farm	38.90979	-77.395913
Franktown	37.477628	-75.877313
Fredericksburg	38.299272	-77.486658
Free Union	38.153304	-78.558872
Fries	36.714146	-80.975017
Front Royal	38.924952	-78.183426
Gainesville	38.793191	-77.642243
Galax	36.66564	-80.914308
Gargatha	37.790901	-75.57685
Gasburg	36.557604	-77.872928
Gate City	36.646139	-82.578387
George Mason	38.831513	-77.302406
Glade Spring	36.789944	-81.772253
Glasgow	37.631814	-79.458169
Glen Allen	37.665873	-77.484349
Glen Lyn	37.372669	-80.858936
Glenvar	37.276191	-80.126362
Glen Wilton	37.756032	-79.82184
Gloucester Courthouse	37.403541	-76.523505
Gloucester Point	37.270274	-76.497368
Goochland	37.697075	-77.893651
Goose Creek Village	39.043103	-77.52544
Gordonsville	38.135552	-78.187406
Gore	39.262795	-78.328212
Goshen	37.989969	-79.507795
Gratton	37.134728	-81.426759
Great Falls	39.012357	-77.301942
Great Falls Crossing	38.981208	-77.324423
Greenbackville	38.010003	-75.385368
Greenbriar	38.871638	-77.399054
Greenbush	37.73977	-75.679665
Greenville	38.00345	-79.153862
Gretna	36.949548	-79.362605
Grottoes	38.269704	-78.825905
Groveton	38.74979	-77.1074
Grundy	37.267179	-82.094599
Gwynn	37.495638	-76.286585
Halifax	36.761201	-78.927599
Hallwood	37.877429	-75.589516
Hamilton	39.135032	-77.664003
Hampden-Sydney	37.244012	-78.475746
Hampton	37.047961	-76.297293
Hanover	37.772084	-77.375008
Harborton	37.659599	-75.833227
Harrisonburg	38.436255	-78.873303
Harriston	38.208268	-78.82597
Hayfield	38.753361	-77.132598
Haymarket	38.812169	-77.636331
Haysi	37.2159	-82.286741
Heathsville	37.911491	-76.478583
Henry Fork	36.96972	-79.870374
Herndon	38.970412	-77.387073
Highland Springs	37.551698	-77.327886
Hillsboro	39.199788	-77.722604
Hillsville	36.761614	-80.736704
Hilltown	36.728969	-80.982197
Hiltons	36.654854	-82.467826
Hiwassee	36.971902	-80.694928
Hollins	37.344017	-79.952229
Hollymead	38.121383	-78.43648
Honaker	37.015587	-81.968539
Hopewell	37.29101	-77.298944
Horntown	37.96608	-75.457005
Horse Pasture	36.632239	-79.952264
Hot Springs	38.001289	-79.82389
Hudson Crossroads	38.794235	-78.726822
Huntington	38.791273	-77.07355
Hurt	37.096375	-79.30334
Hutchison	38.963652	-77.410906
Hybla Valley	38.746154	-77.079624
Idylwood	38.889209	-77.204011
Independence	36.627482	-81.149248
Independent Hill	38.644549	-77.425084
Innovation	38.753951	-77.524674
Innsbrook	37.65368	-77.576459
Iron Gate	37.798914	-79.790567
Irvington	37.662372	-76.419998
Ivanhoe	36.843173	-80.968729
Ivor	36.901057	-76.894652
Ivy	38.063646	-78.59925
Jarratt	36.815991	-77.468911
Jewell Ridge	37.18577	-81.787371
Jolivue	38.111145	-79.068295
Jonesville	36.687112	-83.115313
Keezletown	38.412826	-78.797656
Keller	37.621139	-75.764392
Kenbridge	36.960859	-78.128382
Keokee	36.862488	-82.913671
Keswick	38.0145	-78.361573
Keysville	37.038989	-78.480437
Kilmarnock	37.710736	-76.382853
Kincora	39.039035	-77.436642
King and Queen Court House	37.665205	-76.87785
King George	38.279436	-77.184308
Kings Park	38.802169	-77.239334
Kings Park West	38.814427	-77.295823
Kingstowne	38.762857	-77.143949
King William	37.683228	-77.02976
La Crosse	36.701388	-78.094452
Lafayette	37.233435	-80.204625
Lake Barcroft	38.851553	-77.158743
Lake Caroline	37.987319	-77.5195
Lake Holiday	39.307493	-78.325224
Lake Land'Or	38.017509	-77.553232
Lake Monticello	37.919811	-78.331876
Lake of the Woods	38.333765	-77.756465
Lake Ridge	38.686955	-77.305762
Lakeside	37.613092	-77.477111
Lake Wilderness	38.304094	-77.726475
Lancaster	37.760066	-76.44867
Lansdowne	39.085271	-77.48374
Laurel	37.636143	-77.507051
Laurel Hill	38.705876	-77.243298
Laurel Park	36.6885	-79.786615
Lawrenceville	36.7565	-77.853873
Laymantown	37.36392	-79.860051
Lebanon	36.899492	-82.078511
Lebanon Church	39.05588	-78.370546
Lee Mont	37.779897	-75.680182
Leesburg	39.106396	-77.559195
Leesylvania	38.608262	-77.282893
Lexington	37.782332	-79.44432
Lincolnia	38.815789	-77.154271
Linton Hall	38.752585	-77.57595
Linville	38.516637	-78.835057
Loch Lomond	38.780711	-77.482033
Locust Grove	38.969513	-78.402084
Locust Mount	37.612415	-75.701735
Long Branch	38.830539	-77.269975
Lorton	38.698722	-77.216649
Loudoun Valley Estates	38.980486	-77.509208
Louisa	38.016624	-77.999737
Lovettsville	39.269819	-77.640388
Lovingston	37.763884	-78.859696
Lowes Island	39.049173	-77.354761
Low Moor	37.797907	-79.868961
Lunenburg	36.958465	-78.268238
Luray	38.664184	-78.454476
Lynchburg	37.399016	-79.195458
Lyndhurst	38.023382	-78.949846
McDowell	38.341913	-79.505289
McGaheysville	38.372857	-78.732601
McKenney	36.985367	-77.721909
McLean	38.943545	-77.192913
McMullin	36.818696	-81.577295
McNair	38.952199	-77.413578
Madison	38.379354	-78.258598
Madison Heights	37.450301	-79.10821
Makemie Park	37.910618	-75.584486
Mallow	37.766309	-79.972529
Manassas	38.746808	-77.482633
Manassas Park	38.769398	-77.442323
Manchester	37.4891	-77.543894
Mantua	38.851738	-77.257505
Mappsburg	37.580467	-75.754901
Mappsville	37.843366	-75.568752
Marion	36.837393	-81.515664
Marshall	38.866012	-77.837107
Martinsville	36.683527	-79.863647
Mason Neck	38.651011	-77.170525
Massanetta Springs	38.395013	-78.831621
Massanutten	38.411082	-78.727898
Mathews	37.443256	-76.327722
Matoaca	37.23232	-77.467494
Maurertown	38.93175	-78.464332
Max Meadows	36.978941	-80.961796
Meadowbrook	37.430467	-77.474494
Meadows of Dan	36.73863	-80.397378
Meadowview	36.763746	-81.88354
Mechanicsburg	37.153269	-80.941822
Mechanicsville	37.629896	-77.354756
Melfa	37.648968	-75.740743
Mendota	36.711121	-82.305688
Merrifield	38.871977	-77.239668
Merrimac	37.194866	-80.422011
Metompkin	37.767122	-75.605423
Middlebrook	38.06688	-79.233985
Middleburg	38.970347	-77.740642
Middletown	39.029093	-78.27778
Midland	38.598482	-77.718967
Midlothian	37.484382	-77.649577
Millboro	37.978509	-79.602209
Mineral	38.007584	-77.906236
Modest Town	37.81685	-75.56109
Moneta	37.188235	-79.613363
Montclair	38.6138	-77.341607
Monterey	38.411559	-79.580883
Montrose	37.521263	-77.374851
Montross	38.092416	-76.815885
Montvale	37.385171	-79.725502
Moorefield	38.998274	-77.492742
Motley	37.065822	-79.349973
Mountain Road	36.751561	-78.988343
Mount Clifton	38.760902	-78.721535
Mount Crawford	38.360875	-78.941035
Mount Hermon	36.668749	-79.422182
Mount Jackson	38.738878	-78.650918
Mount Olive	38.977974	-78.453412
Mount Sidney	38.254993	-78.971323
Mount Vernon	38.713363	-77.105219
Narrows	37.331314	-80.809262
Nassawadox	37.476294	-75.859176
Nathalie	36.947736	-78.933256
Navy	38.889159	-77.3909
Nellysford	37.923529	-78.893525
Nelsonia	37.822459	-75.589492
New Baltimore	38.74195	-77.716933
New Castle	37.500992	-80.111017
New Church	37.983247	-75.529065
New Hope	38.192528	-78.894727
Newington	38.734112	-77.19787
Newington Forest	38.738024	-77.23522
New Kent	37.509481	-76.986249
New Market	38.645218	-78.671066
Newport News	37.076136	-76.52198
New River	37.142945	-80.595817
Newsoms	36.626208	-77.124837
Nickelsville	36.748813	-82.417187
Nokesville	38.692987	-77.576441
Norfolk	36.923015	-76.244641
North Garden	37.962708	-78.631109
North Shore	37.083143	-79.648409
North Springfield	38.80285	-77.201073
Norton	36.931549	-82.625996
Nottoway Court House	37.127148	-78.071119
Oak Grove	38.983354	-77.41549
Oak Hall	37.930782	-75.54691
Oak Level	36.794846	-79.94143
Oakton	38.889444	-77.302226
Occoquan	38.681729	-77.261861
Onancock	37.709993	-75.74367
One Loudoun	39.050396	-77.454839
Onley	37.691325	-75.717141
Opal	38.615731	-77.8098
Orange	38.247845	-78.113187
Orkney Springs	38.794358	-78.816069
Osaka	36.951465	-82.814429
Painter	37.585184	-75.783759
Palmyra	37.866371	-78.257592
Pamplin City	37.266276	-78.683736
Pantops	38.032595	-78.444804
Paris	39.001281	-77.950097
Parksley	37.786303	-75.653904
Parrott	37.214092	-80.631778
Passapatanzy	38.294631	-77.332207
Pastoria	37.744993	-75.635769
Patrick Springs	36.634348	-80.198515
Pearisburg	37.328683	-80.727293
Pembroke	37.321876	-80.636501
Penhook	36.992451	-79.637553
Pennington Gap	36.757624	-83.035295
Petersburg	37.20473	-77.392368
Phenix	37.081059	-78.7485
Pimmit Hills	38.910532	-77.199144
Piney Mountain	38.162134	-78.411071
Plum Creek	37.127093	-80.503368
Pocahontas	37.309745	-81.34581
Poquoson	37.12836	-76.303534
Port Republic	38.283113	-78.81323
Port Royal	38.164886	-77.199264
Portsmouth	36.859339	-76.356973
Potomac Mills	38.656539	-77.29883
Pound	37.126086	-82.60734
Pounding Mill	37.07863	-81.712189
Powhatan	37.542121	-77.927083
Prices Fork	37.206332	-80.488108
Prince George	37.220869	-77.268299
Pulaski	37.05277	-80.761919
Pungoteague	37.628567	-75.816544
Purcellville	39.137498	-77.711393
Quantico	38.522437	-77.290146
Quantico Base	38.522804	-77.318262
Quicksburg	38.690893	-78.68239
Quinby	37.553288	-75.736773
Radford	37.120119	-80.559147
Raven	37.093489	-81.859473
Ravensworth	38.803156	-77.222587
Rectortown	38.921119	-77.856942
Remington	38.534637	-77.808204
Reston	38.949762	-77.346244
Rhoadesville	38.270757	-77.931614
Rich Creek	37.384617	-80.818813
Richlands	37.088022	-81.810416
Richmond	37.531399	-77.476009
Ridgeway	36.578174	-79.85829
Riner	37.067043	-80.440573
Rio	38.080488	-78.473191
Ripplemead	37.33939	-80.692975
Rivanna	37.995279	-78.37884
Riverdale	36.674848	-78.894011
Riverview	36.931192	-82.484189
Roanoke	37.278458	-79.958174
Rockwood	37.462959	-77.574427
Rocky Gap	37.240994	-81.107476
Rocky Mount	37.004398	-79.884762
Rose Hill	38.786916	-77.108827
Rose Hill	36.664156	-83.373733
Round Hill	39.131505	-77.7672
Ruckersville	38.228054	-78.377478
Rural Retreat	36.905132	-81.27725
Rushmere	37.071443	-76.670817
Rustburg	37.272189	-79.100105
St. Charles	36.805133	-83.057336
St. Paul	36.906709	-82.317017
Salem	37.285333	-80.055241
Saltville	36.875915	-81.762909
Saluda	37.605274	-76.593798
Sandston	37.513062	-77.313008
Sandy Level	36.573814	-79.728073
Sanford	37.933172	-75.668663
Saumsville	38.93199	-78.500852
Savage Town	37.550063	-75.798276
Savageville	37.682522	-75.759175
Saxis	37.926164	-75.723589
Schooner Bay	37.763661	-75.768647
Schuyler	37.795463	-78.697607
Scotland	37.181078	-76.796501
Scottsburg	36.759192	-78.791174
Scottsville	37.811346	-78.488168
Sedley	36.776931	-76.989939
Selma	37.80412	-79.849877
Seven Corners	38.865522	-77.144814
Seven Mile Ford	36.815556	-81.632203
Shawneeland	39.195895	-78.345823
Shawsville	37.17037	-80.254418
Shenandoah	38.487131	-78.616451
Shenandoah Farms	38.97534	-78.047559
Shenandoah Retreat	39.139346	-77.862643
Shenandoah Shores	38.962187	-78.14016
Sherando	37.990092	-78.942483
Shipman	37.730825	-78.840949
Short Pump	37.656587	-77.619965
Singers Glen	38.546544	-78.914404
Skyland Estates	38.931819	-78.086185
Smithfield	36.972412	-76.614155
Snowville	37.021568	-80.579402
Southampton Meadows	36.591619	-76.929289
South Boston	36.711825	-78.913354
Southern Gateway	38.344803	-77.502884
South Hill	36.725662	-78.128886
South Riding	38.911658	-77.513282
South Run	38.748317	-77.273197
Southside Chesconessex	37.743966	-75.778684
Sperryville	38.655516	-78.23608
Spotsylvania Courthouse	38.199387	-77.589014
Springfield	38.781571	-77.183921
Springville	37.187639	-81.390192
Stafford Courthouse	38.414916	-77.415702
Stanardsville	38.299056	-78.436826
Stanley	38.58104	-78.499404
Stanleytown	36.751455	-79.952403
Staunton	38.157978	-79.061876
Stephens City	39.09314	-78.218325
Sterling	39.004733	-77.405368
Stevens Creek	36.731495	-80.994234
Stewartsville	37.260065	-79.791667
Stickleyville	36.713329	-82.912188
Stonega	36.952182	-82.789929
Stone Ridge	38.925016	-77.555494
Stony Creek	36.94801	-77.400067
Strasburg	39.003391	-78.349543
Stuart	36.640363	-80.268642
Stuarts Draft	38.018834	-79.034692
Sudley	38.786758	-77.49901
Suffolk	36.697157	-76.634781
Sugar Grove	36.760754	-81.401245
Sugarland Run	39.032558	-77.366631
Sully Square	38.921862	-77.426361
Surry	37.137071	-76.833275
Sussex	36.917359	-77.271869
Tacoma	36.935202	-82.5306
Tangier	37.823436	-75.992811
Tappahannock	37.912387	-76.866012
Tasley	37.71245	-75.697033
Tazewell	37.128938	-81.506555
Temperanceville	37.907283	-75.557927
Templeton	37.081004	-77.356322
The Plains	38.862177	-77.774204
The University of Virginia's College at Wise	36.972439	-82.557387
Thynedale	36.818218	-78.477468
Timberlake	37.317163	-79.246893
Timberville	38.63266	-78.773717
Toms Brook	38.946542	-78.440046
Triangle	38.547151	-77.318494
Troutdale	36.696013	-81.437545
Troutville	37.416654	-79.878096
Tuckahoe	37.58728	-77.588153
Twin Lakes	38.249804	-78.442772
Tysons	38.921355	-77.227621
Union Hall	37.02209	-79.680782
Union Level	36.707114	-78.231843
Union Mill	38.801332	-77.387142
Unionville	38.25779	-77.977077
University Center	39.062418	-77.445603
University of Virginia	38.034991	-78.520482
Upperville	38.991734	-77.881459
Urbanna	37.639887	-76.575138
Vansant	37.235291	-82.096274
Verona	38.194307	-79.009469
Victoria	36.994444	-78.224298
Vienna	38.898576	-77.258323
Villa Heights	36.702171	-79.894608
Vinton	37.274236	-79.888194
Virgilina	36.545675	-78.775213
Virginia Beach	36.779525	-76.029142
Wachapreague	37.606415	-75.689273
Wakefield	38.824691	-77.242953
Wakefield	36.969126	-76.988096
Warfield	36.895984	-77.818997
Warm Springs	38.045035	-79.778705
Warrenton	38.717817	-77.797316
Warsaw	37.960351	-76.76095
Washington	38.711733	-78.159959
Waterford	39.185174	-77.611896
Wattsville	37.929099	-75.492534
Waverly	37.034024	-77.095596
Waynesboro	38.067157	-78.90142
Weber City	36.623721	-82.563351
Weems	37.654708	-76.454642
West Falls Church	38.865559	-77.187699
Westlake Corner	37.118628	-79.697888
West Point	37.552261	-76.801848
West Springfield	38.775195	-77.224652
Weyers Cave	38.28006	-78.914162
White Stone	37.644737	-76.389965
Whitesville	37.781571	-75.66365
Williamsburg	37.269481	-76.708193
Willis Wharf	37.517888	-75.806853
Winchester	39.173869	-78.176356
Windsor	36.81119	-76.73841
Wintergreen	37.905894	-78.928736
Wise	36.976869	-82.581087
Wolf Trap	38.937348	-77.282859
Woodbridge	38.640556	-77.255093
Woodburn	38.849429	-77.226507
Woodlake	37.42009	-77.677218
Woodlawn	36.738767	-80.809459
Woodlawn	38.732885	-77.11517
Woodstock	38.872115	-78.51713
Wyndham	37.692179	-77.610726
Wytheville	36.953385	-81.088438
Yogaville	37.667856	-78.689286
Yorkshire	38.788994	-77.449867
Yorktown	37.234015	-76.518202
Aberdeen	46.975205	-123.811373
Aberdeen Gardens	47.057318	-123.777916
Acme	48.716429	-122.209962
Addy	48.358908	-117.837187
Ahtanum	46.557197	-120.614047
Airway Heights	47.645943	-117.579197
Albion	46.7916	-117.251227
Alder	46.781985	-122.2612
Alderton	47.176252	-122.222358
Alderwood Manor	47.814603	-122.267255
Alger	48.610264	-122.329285
Algona	47.281987	-122.250467
Allyn	47.386829	-122.839334
Almira	47.710609	-118.93699
Altoona	46.269739	-123.621217
Amanda Park	47.45386	-123.925148
Amboy	45.915888	-122.488854
Ames Lake	47.633966	-121.960584
Anacortes	48.488725	-122.62398
Anatone	46.135417	-117.132454
Anderson Island	47.149874	-122.681692
Arlington	48.170372	-122.144553
Arlington Heights	48.211929	-122.062995
Artondale	47.303553	-122.652488
Ashford	46.754853	-122.015472
Asotin	46.333727	-117.039802
Auburn	47.303773	-122.21
Bainbridge Island	47.642487	-122.507764
Bangor Base	47.722257	-122.714126
Banks Lake South	47.630072	-119.274437
Barberton	45.713634	-122.611443
Baring	47.768598	-121.481977
Barney's Junction	48.620395	-118.128962
Barstow	48.778304	-118.132862
Basin City	46.589039	-119.156647
Battle Ground	45.776832	-122.540972
Bay Center	46.620753	-123.953182
Bay View	48.487	-122.462553
Beacon Hill	46.171191	-122.92069
Beaux Arts Village	47.585343	-122.203646
Belfair	47.446821	-122.852831
Bellevue	47.597837	-122.15648
Bell Hill	48.05495	-123.086977
Bellingham	48.753442	-122.470179
Benton City	46.263709	-119.478982
Bethel	47.4874	-122.617517
Beverly	46.834819	-119.930266
Bickleton	46.005641	-120.30798
Big Lake	48.395839	-122.243228
Bingen	45.713108	-121.471778
Birch Bay	48.923367	-122.745262
Black Diamond	47.314748	-122.017685
Blaine	48.98719	-122.74877
Blyn	48.009477	-122.98016
Bonney Lake	47.199502	-122.163032
Bothell	47.773531	-122.204376
Bothell East	47.806352	-122.184394
Bothell West	47.805597	-122.24011
Boulevard Park	47.513403	-122.314844
Bow	48.561285	-122.407762
Boyds	48.724435	-118.132084
Brady	47.004601	-123.541933
Bremerton	47.539877	-122.717048
Brewster	48.106954	-119.769827
Bridgeport	48.007006	-119.672533
Brier	47.792388	-122.273432
Brinnon	47.668614	-122.9166
Browns Point	47.303796	-122.43672
Brush Prairie	45.725043	-122.548327
Bryant	48.246467	-122.1781
Bryn Mawr-Skyway	47.494983	-122.240594
Buckley	47.162239	-122.020272
Bucoda	46.795255	-122.869815
Buena	46.427687	-120.318245
Bunk Foss	47.961701	-122.094437
Burbank	46.198387	-118.983373
Burien	47.475605	-122.344661
Burley	47.415957	-122.644705
Burlington	48.466355	-122.328882
Camano	48.152467	-122.462132
Camas	45.601809	-122.430381
Canterwood	47.376491	-122.602016
Canyon Creek	48.110002	-121.982476
Carbonado	47.08232	-122.051841
Carlsborg	48.084167	-123.169679
Carnation	47.644188	-121.90067
Carson	45.734805	-121.82621
Cascade Valley	47.141022	-119.328343
Cashmere	47.518054	-120.467036
Castle Rock	46.271858	-122.903925
Cathcart	47.852593	-122.10579
Cathlamet	46.205819	-123.384018
Cavalero	47.974976	-122.077032
Centerville	45.753994	-120.90808
Centralia	46.72205	-122.970947
Central Park	46.971808	-123.702302
Chain Lake	47.902259	-121.98709
Chehalis	46.664176	-122.965425
Chelan	47.844282	-120.013572
Chelan Falls	47.799429	-119.988255
Cheney	47.49113	-117.581546
Cherry Grove	45.802207	-122.576773
Chewelah	48.28264	-117.716945
Chico	47.622554	-122.719306
Chinook	46.27552	-123.942213
Clallam Bay	48.25352	-124.257783
Clarkston	46.415405	-117.050135
Clarkston Heights-Vineland	46.375406	-117.092016
Clayton	48.001222	-117.561155
Clear Lake	46.92844	-122.304963
Clear Lake	48.448301	-122.23949
Clearview	47.829183	-122.145145
Cle Elum	47.194638	-120.952843
Cliffdell	46.922197	-121.043014
Clinton	47.962381	-122.352274
Clover Creek	47.143317	-122.380456
Clyde Hill	47.630354	-122.217983
Cohassett Beach	46.864882	-124.106113
Colfax	46.901602	-117.345271
College Place	46.041577	-118.389407
Colton	46.567467	-117.128445
Colville	48.545448	-117.898479
Conconully	48.558553	-119.752129
Concrete	48.532617	-121.755155
Connell	46.660492	-118.840553
Conway	48.335682	-122.344432
Copalis Beach	47.124571	-124.166453
Cosmopolis	46.954312	-123.772895
Cottage Lake	47.746452	-122.075988
Cougar	46.049292	-122.303364
Coulee City	47.611733	-119.289529
Coulee Dam	47.968511	-118.97628
Country Homes	47.74785	-117.41987
Coupeville	48.218795	-122.679466
Covington	47.364793	-122.104561
Cowiche	46.671898	-120.711936
Crescent Bar	47.216626	-119.996573
Creston	47.759415	-118.519913
Crocker	47.090847	-122.126744
Curlew	48.877715	-118.604516
Curlew Lake	48.732932	-118.668214
Cusick	48.328488	-117.292457
Custer	48.91285	-122.636994
Dallesport	45.631591	-121.168866
Danville	48.993638	-118.506895
Darrington	48.258788	-121.607845
Dash Point	47.312502	-122.413977
Davenport	47.655042	-118.15188
Dayton	46.316788	-117.976762
Deep River	46.353583	-123.70495
Deer Park	47.964205	-117.439788
Deming	48.830359	-122.236134
Desert Aire	46.694214	-119.92905
Des Moines	47.388708	-122.317581
Disautel	48.344519	-119.230075
Dixie	46.140434	-118.151897
Dollars Corner	45.780236	-122.599968
Donald	46.476437	-120.397331
Duluth	45.783819	-122.647039
DuPont	47.107351	-122.647576
Duvall	47.735512	-121.972224
East Cathlamet	46.198327	-123.359984
Eastmont	47.897402	-122.181536
Easton	47.232711	-121.159519
East Port Orchard	47.519333	-122.618315
East Renton Highlands	47.473796	-122.088495
East Wenatchee	47.41745	-120.283798
Eatonville	46.868224	-122.269568
Edgewood	47.232074	-122.285729
Edison	48.567618	-122.434329
Edmonds	47.813604	-122.35333
Elbe	46.765643	-122.196019
Electric City	47.912961	-119.046143
Elk Plain	47.041876	-122.365697
Ellensburg	47.001168	-120.549588
Elma	47.005223	-123.410773
Elmer City	48.001499	-118.953675
Endicott	46.928231	-117.686685
Enetai	47.5859	-122.602519
Entiat	47.67697	-120.222336
Enumclaw	47.202179	-121.988976
Ephrata	47.312275	-119.534343
Erlands Point	47.602376	-122.694181
Eschbach	46.665058	-120.632531
Esperance	47.793236	-122.34909
Everett	47.965413	-122.189895
Everson	48.912517	-122.353718
Fairchild AFB	47.618647	-117.648438
Fairfield	47.384765	-117.174847
Fairwood	47.446754	-122.142916
Fairwood	47.766848	-117.41706
Fall City	47.569379	-121.913697
Farmington	47.088727	-117.046358
Federal Way	47.311596	-122.337757
Felida	45.71431	-122.712657
Ferndale	48.852628	-122.588623
Fern Prairie	45.636996	-122.39627
Fife	47.232293	-122.350611
Fife Heights	47.260654	-122.345972
Finley	46.169398	-119.044664
Fircrest	47.230716	-122.515704
Five Corners	45.689194	-122.570554
Fobes Hill	47.939235	-122.134084
Fords Prairie	46.74909	-123.003739
Forks	47.952801	-124.390294
Fort Lewis	47.095512	-122.567439
Four Lakes	47.562558	-117.579233
Fox Island	47.257686	-122.646552
Frederickson	47.091771	-122.361615
Freeland	48.028208	-122.549937
Friday Harbor	48.533947	-123.018995
Garfield	47.010248	-117.139526
Garrett	46.058991	-118.40048
Geneva	48.745268	-122.402983
George	47.083149	-119.861683
Gig Harbor	47.338378	-122.600753
Glacier	48.892055	-121.932208
Gleed	46.65934	-120.602521
Glenwood	46.022821	-121.292587
Gold Bar	47.856335	-121.692006
Goldendale	45.819145	-120.823366
Gorst	47.524544	-122.70434
Graham	47.034315	-122.276854
Grand Coulee	47.939091	-119.002119
Grand Mound	46.80028	-123.010875
Grandview	46.244335	-119.908998
Granger	46.345295	-120.192673
Granite Falls	48.089605	-121.969206
Grapeview	47.329763	-122.82946
Grayland	46.841645	-124.091234
Grays River	46.367914	-123.581305
Green Bluff	47.818418	-117.274823
Greenwater	47.144224	-121.628469
Hamilton	48.522478	-121.995264
Hansville	47.910095	-122.57106
Harrah	46.406119	-120.540961
Harrington	47.480159	-118.255265
Hartline	47.689449	-119.10813
Hat Island	48.013421	-122.320653
Hatton	46.773528	-118.827688
Hazel Dell	45.681881	-122.652658
Herron Island	47.267476	-122.831951
High Bridge	47.799898	-122.023807
Hobart	47.411787	-122.005262
Hockinson	45.730183	-122.483334
Hogans Corner	47.041496	-124.161687
Home	47.274685	-122.790082
Hoodsport	47.40198	-123.154126
Hoquiam	46.977202	-123.909716
Humptulips	47.233739	-123.980539
Hunts Point	47.642958	-122.229197
Ilwaco	46.312687	-124.026732
Inchelium	48.36374	-118.245596
Index	47.821262	-121.555929
Indianola	47.755273	-122.511484
Ione	48.739814	-117.42203
Issaquah	47.544488	-122.049085
Jamestown	48.122839	-123.091043
Kahlotus	46.643221	-118.556139
Kalama	46.017142	-122.841937
Kapowsin	46.968388	-122.222955
Kayak Point	48.142508	-122.342276
Keller	48.085189	-118.716364
Kelso	46.116751	-122.886466
Kendall	48.915467	-122.132584
Kenmore	47.749858	-122.247244
Kennewick	46.197622	-119.175923
Kent	47.38797	-122.212727
Ketron Island	47.156281	-122.634125
Kettle Falls	48.6056	-118.06214
Key Center	47.3306	-122.754927
Keyport	47.700204	-122.624293
Kingston	47.794382	-122.506217
Kirkland	47.696658	-122.20417
Kitsap Lake	47.590375	-122.708802
Kittitas	46.983702	-120.418906
Klickitat	45.817966	-121.16258
Krupp	47.41052	-118.988702
La Center	45.860494	-122.675727
Lacey	47.043087	-122.798232
La Conner	48.392564	-122.494453
LaCrosse	46.795521	-117.917769
La Grande	46.810734	-122.283253
Lake Bosworth	48.05548	-121.982048
Lake Cassidy	48.066029	-122.082414
Lake Cavanaugh	48.316823	-122.010675
Lake Forest Park	47.758911	-122.291729
Lake Goodwin	48.135355	-122.276171
Lake Holm	47.306388	-122.129911
Lake Ketchum	48.285835	-122.346481
Lakeland North	47.337326	-122.282398
Lakeland South	47.276093	-122.284667
Lake McMurray	48.319344	-122.233323
Lake Marcel-Stillwater	47.695094	-121.915104
Lake Morton-Berrydale	47.332843	-122.103959
Lake Roesiger	47.975501	-121.905068
Lake Shore	45.691132	-122.691183
Lake Stevens	48.003405	-122.096828
Lake Stickney	47.875788	-122.252761
Lake Tapps	47.230707	-122.171247
Lakeview	47.375543	-119.504282
Lakewood	47.164092	-122.528106
Lamont	47.200687	-117.904939
Langley	48.037537	-122.407122
Larch Way	47.8429	-122.252747
Latah	47.282112	-117.155753
Laurier	48.997298	-118.224786
Leavenworth	47.594704	-120.663913
Lebam	46.564091	-123.550888
Lewisville	45.81652	-122.508244
Lexington	46.189403	-122.912611
Liberty Lake	47.668451	-117.104201
Lind	46.97034	-118.616374
Lochsloy	48.05971	-122.041061
Lofall	47.810462	-122.652013
Long Beach	46.361934	-124.057812
Longbranch	47.22356	-122.766883
Longview	46.145707	-122.964299
Longview Heights	46.179841	-122.953633
Loomis	48.823338	-119.639746
Loon Lake	48.070402	-117.625702
Lower Elochoman	46.2185	-123.369811
Lyle	45.69558	-121.280533
Lyman	48.523789	-122.065597
Lynden	48.94992	-122.454803
Lynnwood	47.828979	-122.300672
Mabton	46.211546	-119.993912
McChord AFB	47.132689	-122.491857
McCleary	47.058457	-123.269646
Machias	47.991805	-122.05171
McKenna	46.934723	-122.549865
McMillin	47.12597	-122.235252
Malden	47.22959	-117.473136
Malo	48.799684	-118.611993
Malone	46.984195	-123.296571
Malott	48.291819	-119.695593
Maltby	47.802086	-122.106217
Manchester	47.547094	-122.541167
Mansfield	47.8119	-119.638003
Manson	47.874317	-120.162266
Maple Falls	48.918771	-122.091198
Maple Heights-Lake Desire	47.436892	-122.092968
Maple Valley	47.367147	-122.034815
Maplewood	47.376389	-122.56549
Marblemount	48.541756	-121.439591
Marcus	48.664298	-118.05997
Marietta-Alderwood	48.788096	-122.555162
Marine View	46.963725	-119.350795
Markham	46.914157	-123.987873
Marrowstone	48.031999	-122.684007
Martha Lake	47.844726	-122.233092
Maryhill	45.692755	-120.807159
Marysville	48.080214	-122.154312
Mattawa	46.73641	-119.905305
May Creek	47.85554	-121.674311
Mead	47.779527	-117.349944
Meadowdale	47.860638	-122.323418
Meadow Glade	45.752329	-122.561452
Medical Lake	47.571039	-117.68945
Medina	47.626541	-122.242866
Mercer Island	47.564004	-122.231214
Mesa	46.573488	-119.001318
Metaline	48.852336	-117.38702
Metaline Falls	48.861295	-117.371892
Methow	48.131075	-120.005197
Midland	47.173406	-122.41202
Mill Creek	47.865188	-122.210598
Mill Creek East	47.836054	-122.187681
Millwood	47.685566	-117.280079
Milton	47.251994	-122.317289
Mineral	46.719299	-122.185993
Minnehaha	45.656516	-122.617889
Mirrormont	47.460218	-121.990205
Moclips	47.229431	-124.198456
Monroe	47.859792	-121.984013
Monroe North	47.883047	-121.986909
Montesano	47.014726	-123.585711
Morton	46.557382	-122.281449
Moses Lake	47.12785	-119.276384
Moses Lake North	47.194955	-119.317775
Mossyrock	46.530491	-122.488679
Mountlake Terrace	47.794329	-122.302607
Mount Vernon	48.417071	-122.311832
Mount Vista	45.737288	-122.631565
Moxee	46.563966	-120.396581
Mukilteo	47.913018	-122.302253
Naches	46.725985	-120.691208
Napavine	46.586796	-122.902031
Naselle	46.370501	-123.781565
Navy Yard City	47.552965	-122.662454
Neah Bay	48.360963	-124.611559
Neilton	47.403121	-123.878202
Nespelem	48.166906	-118.972115
Nespelem Community	48.162461	-119.048694
Newcastle	47.531486	-122.165582
Newport	48.178221	-117.054641
Nile	46.834868	-120.943753
Nisqually Indian Community	47.029128	-122.680389
Nooksack	48.928112	-122.317512
Normandy Park	47.432975	-122.344689
North Bend	47.487967	-121.768786
North Bonneville	45.641393	-121.972748
North Fort Lewis	47.1213	-122.594551
North Lynnwood	47.853329	-122.276265
North Omak	48.443955	-119.445839
Northport	48.915792	-117.779696
North Puyallup	47.198898	-122.278444
North Sultan	47.88274	-121.822949
Northwest Stanwood	48.262304	-122.350122
North Yelm	46.966074	-122.613633
Oakesdale	47.13047	-117.24644
Oak Harbor	48.293832	-122.628154
Oakville	46.840116	-123.233507
Ocean City	47.082471	-124.156919
Ocean Park	46.496743	-124.041381
Ocean Shores	46.965362	-124.147207
Ocosta	46.885532	-124.032505
Odessa	47.332599	-118.689445
Okanogan	48.367273	-119.578768
Olympia	47.040604	-122.895
Omak	48.422338	-119.530623
Onalaska	46.578224	-122.711139
Orchards	45.688975	-122.530621
Orient	48.863766	-118.205898
Oroville	48.946951	-119.429969
Orting	47.096936	-122.211687
Oso	48.283764	-121.91624
Othello	46.822102	-119.165807
Otis Orchards-East Farms	47.704932	-117.08515
Outlook	46.331153	-120.092812
Oyehut	47.022589	-124.165177
Pacific	47.261974	-122.252429
Pacific Beach	47.214135	-124.196854
Packwood	46.608524	-121.670252
Palouse	46.910326	-117.075207
Parker	46.502157	-120.466813
Parkland	47.141529	-122.437837
Parkwood	47.525175	-122.604375
Pasco	46.266113	-119.121426
Pataha	46.472674	-117.544255
Pateros	48.053094	-119.900331
Peaceful Valley	48.951001	-122.148325
Pe Ell	46.571314	-123.298311
Picnic Point	47.876457	-122.308295
Pine Grove	48.650161	-118.683784
Point Roberts	48.984669	-123.059496
Pomeroy	46.47376	-117.596541
Port Angeles	48.119236	-123.448013
Port Angeles East	48.109718	-123.367131
Porter	46.948728	-123.280249
Port Gamble Tribal Community	47.846162	-122.557353
Port Hadlock-Irondale	48.032782	-122.791449
Port Ludlow	47.914582	-122.695066
Port Orchard	47.538443	-122.632431
Port Townsend	48.121762	-122.787876
Poulsbo	47.741078	-122.642151
Prairie Heights	47.149653	-122.109161
Prairie Ridge	47.144388	-122.139243
Prescott	46.298834	-118.312553
Prosser	46.209036	-119.767727
Puget Island	46.175652	-123.381854
Pullman	46.733126	-117.168277
Purdy	47.396473	-122.604598
Puyallup	47.179046	-122.291523
Queets	47.526341	-124.344762
Quilcene	47.839248	-122.91226
Qui-nai-elt Village	47.250201	-124.190175
Quincy	47.234905	-119.8525
Raft Island	47.328216	-122.667306
Rainier	46.89167	-122.686536
Ravensdale	47.361865	-121.980407
Raymond	46.683742	-123.739507
Reardan	47.670094	-117.878575
Redmond	47.677924	-122.115336
Renton	47.47919	-122.194613
Republic	48.64882	-118.733024
Richland	46.284086	-119.294046
Ridgefield	45.811605	-122.70546
Ritzville	47.123059	-118.375351
Riverbend	47.464458	-121.751156
Riverpoint	47.479708	-121.712389
River Road	48.067697	-123.127617
Riverside	48.512937	-119.515666
Roche Harbor	48.607398	-123.130616
Rochester	46.820368	-123.064253
Rockford	47.451474	-117.130627
Rock Island	47.373167	-120.142076
Rockport	48.484737	-121.607522
Rocky Point	47.594091	-122.666067
Ronald	47.233754	-121.033478
Roosevelt	45.733056	-120.236579
Rosalia	47.236287	-117.376477
Rosburg	46.308133	-123.643466
Rosedale	47.341315	-122.632544
Roslyn	47.27003	-121.141205
Roy	46.989941	-122.540975
Royal City	46.901898	-119.620741
Ruston	47.297997	-122.511769
Ryderwood	46.374868	-123.044179
St. John	47.091474	-117.588687
Salmon Creek	45.709916	-122.663207
Sammamish	47.594268	-122.038081
Santiago	47.2988	-124.231962
Satsop	47.022858	-123.483009
Schwana	46.822086	-119.923336
Seabeck	47.644263	-122.817973
SeaTac	47.443403	-122.298287
Seattle	47.619335	-122.351538
Sedro-Woolley	48.511356	-122.232137
Sekiu	48.262998	-124.303469
Selah	46.645856	-120.538257
Sequim	48.073688	-123.087809
Shadow Lake	47.406058	-122.079873
Shelton	47.218912	-123.11119
Shoreline	47.756917	-122.345505
Silvana	48.201849	-122.245761
Silverdale	47.667733	-122.681851
Silver Firs	47.863505	-122.149716
Sisco Heights	48.117652	-122.110452
Skamokawa Valley	46.315241	-123.401371
Skokomish	47.328343	-123.1588
Skykomish	47.709852	-121.356448
Snohomish	47.928866	-122.092684
Snoqualmie	47.543245	-121.868645
Snoqualmie Pass	47.401408	-121.410987
Soap Lake	47.391092	-119.484608
South Bend	46.669889	-123.801846
South Cle Elum	47.186205	-120.952549
South Creek	47.000389	-122.391334
South Hill	47.120704	-122.285264
South Prairie	47.135386	-122.096623
South Wenatchee	47.394422	-120.289252
Southworth	47.51378	-122.532242
Spanaway	47.098061	-122.42337
Spangle	47.429894	-117.381224
Spokane	47.666935	-117.433322
Spokane Valley	47.663353	-117.23278
Sprague	47.304889	-117.97129
Springdale	48.057231	-117.746565
Stansberry Lake	47.38291	-122.711992
Stanwood	48.245144	-122.342232
Starbuck	46.521599	-118.128876
Startup	47.874183	-121.754426
Steilacoom	47.169267	-122.592336
Steptoe	47.007401	-117.350209
Stevenson	45.694743	-121.896374
Sudden Valley	48.723084	-122.344096
Sultan	47.871132	-121.804106
Sumas	48.995534	-122.268453
Summit	47.169445	-122.363627
Summit View	47.136325	-122.352022
Summitview	46.598279	-120.6564
Sumner	47.227215	-122.236264
Suncrest	47.828527	-117.602998
Sunday Lake	48.228253	-122.270456
Sunland Estates	47.074097	-120.028303
Sunnyside	46.315712	-120.005762
Sunnyslope	47.504826	-120.353219
Suquamish	47.725917	-122.588347
Swede Heaven	48.280667	-121.709853
Tacoma	47.252199	-122.459832
Taholah	47.325981	-124.272931
Tampico	46.532214	-120.874916
Tanglewilde	47.051342	-122.782217
Tehaleh	47.116149	-122.178885
Tekoa	47.224731	-117.073057
Tenino	46.853817	-122.86045
Terrace Heights	46.600078	-120.436007
Thorp	47.065483	-120.670837
Three Lakes	47.955367	-121.978502
Tieton	46.702603	-120.755784
Tokeland	46.708781	-123.983386
Toledo	46.444721	-122.85223
Tonasket	48.707563	-119.442297
Toppenish	46.380242	-120.312583
Torboy	48.669266	-118.669013
Touchet	46.041103	-118.672394
Town and Country	47.727965	-117.422965
Tracyton	47.609576	-122.653182
Trout Lake	45.997772	-121.528843
Tukwila	47.476289	-122.27574
Tumwater	46.989463	-122.917277
Twin Lakes	48.262169	-118.359053
Twisp	48.361004	-120.117135
Union	47.347507	-123.095079
Union Gap	46.554429	-120.492073
Union Hill-Novelty Hill	47.682284	-122.022686
Uniontown	46.539091	-117.086137
University Place	47.215371	-122.547259
Upper Elochoman	46.240347	-123.324565
Vader	46.404515	-122.956943
Valley	48.172881	-117.724464
Vancouver	45.637156	-122.596567
Vantage	46.945232	-119.99215
Vashon	47.411191	-122.455105
Vaughn	47.357979	-122.78249
Venersborg	45.785974	-122.471557
Verlot	48.101994	-121.759218
Waitsburg	46.269799	-118.150871
Walla Walla	46.067006	-118.337033
Walla Walla East	46.045975	-118.303247
Waller	47.20431	-122.367804
Wallula	46.0847	-118.905593
Wapato	46.443632	-120.421507
Warden	46.967256	-119.052783
Warm Beach	48.165106	-122.347701
Washougal	45.582801	-122.346384
Washtucna	46.75391	-118.310539
Waterville	47.648019	-120.070682
Wauna	47.383066	-122.669385
Waverly	47.338087	-117.231225
Wenatchee	47.435985	-120.329266
West Clarkston-Highland	46.402499	-117.064486
West Pasco	46.254319	-119.182636
Westport	46.891815	-124.119847
West Richland	46.313808	-119.387768
Wheeler	47.134935	-119.175978
Whidbey Island Station	48.349186	-122.653869
White Center	47.50924	-122.348063
White Salmon	45.728394	-121.485388
White Swan	46.376978	-120.738123
Wilbur	47.758132	-118.71194
Wilderness Rim	47.446975	-121.768572
Wilkeson	47.101266	-122.052453
Willapa	46.675447	-123.664752
Wilson Creek	47.423013	-119.117651
Winlock	46.490659	-122.934229
Winthrop	48.471574	-120.179084
Wishram	45.661331	-120.971368
Wollochet	47.282729	-122.577147
Woodinville	47.757695	-122.146791
Woodland	45.918183	-122.753502
Woods Creek	47.877446	-121.902614
Woodway	47.787946	-122.388019
Yacolt	45.865243	-122.40628
Yakima	46.590938	-120.5494
Yarrow Point	47.644576	-122.219994
Yelm	46.942608	-122.643159
Zillah	46.408424	-120.272663
Accoville	37.76473	-81.82695
Addison (Webster Springs)	38.477704	-80.405301
Adrian	38.906881	-80.27292
Albright	39.494735	-79.639805
Alderson	37.729747	-80.641983
Alum Creek	38.289046	-81.83856
Amherstdale	37.782622	-81.827071
Anawalt	37.336456	-81.440596
Anmoore	39.256318	-80.293972
Ansted	38.135444	-81.103542
Apple Grove	38.666585	-82.171736
Arbovale	38.435369	-79.811685
Arthurdale	39.495056	-79.817517
Athens	37.420736	-81.012462
Auburn	39.096151	-80.85624
Aurora	39.325407	-79.554583
Bancroft	38.510654	-81.841443
Barboursville	38.406383	-82.295332
Barrackville	39.501715	-80.169786
Bartley	37.334736	-81.733856
Bartow	38.542163	-79.785783
Bath (Berkeley Springs)	39.624722	-78.227534
Baxter	39.540758	-80.144176
Bayard	39.271062	-79.366175
Beards Fork	38.065037	-81.227681
Beaver	37.732918	-81.157152
Beckley	37.773148	-81.16155
Beech Bottom	40.223251	-80.657935
Belington	39.015076	-79.940856
Belle	38.235388	-81.5367
Belmont	39.378046	-81.263823
Belva	38.233657	-81.187801
Benwood	40.004606	-80.730567
Bergoo	38.482901	-80.297678
Berwind	37.260429	-81.655808
Bethany	40.204846	-80.560862
Bethlehem	40.044377	-80.688097
Beverly	38.844082	-79.871805
Big Chimney	38.415207	-81.531808
Big Creek	38.005365	-82.036073
Big Sandy	37.461102	-81.705939
Birch River	38.495468	-80.752646
Blacksville	39.715642	-80.214711
Blennerhassett	39.256453	-81.630867
Bluefield	37.262822	-81.21134
Bluewell	37.314756	-81.255683
Boaz	39.368841	-81.488366
Bolivar	39.324209	-77.751726
Bolt	37.761566	-81.416376
Boomer	38.148749	-81.27478
Booth	39.597621	-80.019103
Bowden	38.909186	-79.708895
Bradley	37.867888	-81.215582
Bradshaw	37.349449	-81.79733
Bramwell	37.329505	-81.307672
Brandonville	39.667062	-79.627666
Brandywine	38.619385	-79.240624
Brenton	37.601252	-81.636284
Bridgeport	39.303356	-80.242901
Brookhaven	39.606211	-79.88295
Bruceton Mills	39.659396	-79.640606
Bruno	37.690886	-81.878981
Brush Fork	37.277344	-81.239212
Buckhannon	38.992734	-80.228243
Bud	37.524843	-81.380547
Buffalo	38.611799	-81.981558
Burlington	39.337013	-78.922207
Burnsville	38.855517	-80.652732
Cairo	39.207326	-81.153691
Camden-on-Gauley	38.368958	-80.597456
Cameron	39.830273	-80.57009
Capon Bridge	39.301985	-78.432752
Carolina	39.479387	-80.272261
Carpendale	39.627704	-78.789659
Cass	38.39704	-79.919936
Cassville	39.681477	-80.065463
Cedar Grove	38.222389	-81.437944
Century	39.100256	-80.188115
Ceredo	38.3957	-82.548424
Chapmanville	37.970853	-82.020382
Charleston	38.348692	-81.632324
Charles Town	39.26401	-77.881276
Charlton Heights	38.126495	-81.235151
Chattaroy	37.706174	-82.273721
Chauncey	37.763573	-81.979043
Cheat Lake	39.663582	-79.848095
Chelyan	38.195745	-81.492779
Chesapeake	38.222882	-81.536202
Chester	40.612924	-80.56273
Clarksburg	39.270296	-80.361787
Clay	38.461457	-81.08491
Clearview	40.139055	-80.690766
Clendenin	38.484469	-81.351512
Clifton	39.004172	-82.039207
Coal City	37.676589	-81.214118
Coal Fork	38.328068	-81.523516
Colcord	37.945079	-81.437392
Colliers	40.365109	-80.537693
Comfort	38.131694	-81.61018
Corinne	37.568331	-81.363471
Cottageville	38.867442	-81.82575
Covel	37.490744	-81.319712
Cowen	38.410576	-80.553859
Crab Orchard	37.741001	-81.230833
Craigsville	38.322316	-80.646864
Crooked Creek	37.883967	-81.974669
Cross Lanes	38.43558	-81.769876
Crum	37.909462	-82.447023
Crumpler	37.426221	-81.331297
Cucumber	37.278587	-81.624061
Culloden	38.415111	-82.070733
Cunard	37.999473	-81.04024
Dailey	38.796868	-79.896746
Daniels	37.722065	-81.130097
Danville	38.080122	-81.833964
Davis	39.126826	-79.462547
Davy	37.47756	-81.641866
Deep Water	38.120375	-81.253436
Delbarton	37.705232	-82.186127
Despard	39.287364	-80.315842
Dixie	38.250884	-81.194289
Dorothy	37.956357	-81.451144
Dunbar	38.369527	-81.736107
Dupont City	38.266574	-81.568805
Durbin	38.547126	-79.827822
Earling	37.766844	-81.916077
East Bank	38.215322	-81.44414
East Dailey	38.779424	-79.891134
East View	39.269166	-80.305079
Eccles	37.781993	-81.264136
Eleanor	38.536074	-81.924945
Elizabeth	39.062276	-81.397266
Elk Garden	39.386228	-79.155556
Elkins	38.923813	-79.854036
Elkview	38.431986	-81.474232
Ellenboro	39.270009	-81.055655
Enterprise	39.419649	-80.283387
Eskdale	38.092622	-81.448405
Fairlea	37.775162	-80.458661
Fairmont	39.476877	-80.149089
Fairview	39.592703	-80.246765
Falling Spring	37.992429	-80.357044
Falling Waters	39.563771	-77.887544
Falls View	38.130946	-81.25481
Farmington	39.51223	-80.250434
Fayetteville	38.064085	-81.108655
Fenwick	38.229924	-80.581036
Flatwoods	38.716997	-80.652501
Flemington	39.266612	-80.128512
Follansbee	40.337005	-80.597203
Fort Ashby	39.492359	-78.772162
Fort Gay	38.1222	-82.591316
Frank	38.54618	-79.807952
Franklin	38.645266	-79.333342
Friendly	39.513665	-81.061844
Gallipolis Ferry	38.774495	-82.204045
Galloway	39.23387	-80.127724
Garten	38.034804	-81.073257
Gary	37.363212	-81.53571
Gassaway	38.666723	-80.770361
Gatewood	38.004565	-81.064999
Gauley Bridge	38.166763	-81.209625
Ghent	37.618521	-81.106248
Gilbert	37.614936	-81.870443
Gilbert Creek	37.569667	-81.890588
Glasgow	38.212681	-81.419226
Glen Dale	39.94643	-80.755381
Glen Ferris	38.15499	-81.221063
Glen Fork	37.701281	-81.538307
Glen Jean	37.927068	-81.152954
Glenville	38.940159	-80.833331
Glen White	37.729977	-81.279707
Grafton	39.340638	-80.016083
Grantsville	38.92069	-81.093234
Grant Town	39.560818	-80.177899
Granville	39.648779	-79.999178
Great Cacapon	39.614317	-78.285705
Green Bank	38.426716	-79.834413
Green Spring	39.521597	-78.63535
Greenview	37.996042	-81.819418
Greenville	37.721827	-81.873345
Gypsy	39.364809	-80.306982
Hambleton	39.081032	-79.64559
Hamlin	38.27788	-82.102019
Handley	38.191015	-81.374818
Hansford	38.205601	-81.397816
Harman	38.921069	-79.524552
Harpers Ferry	39.325243	-77.741442
Harrisville	39.211887	-81.048493
Hartford City	38.994997	-81.988076
Harts	38.047091	-82.129331
Hedgesville	39.554428	-77.994482
Helen	37.637441	-81.313031
Helvetia	38.705793	-80.199277
Henderson	38.831041	-82.1353
Hendricks	39.076091	-79.629084
Henlawson	37.899691	-81.981116
Hepzibah	39.330855	-80.334028
Hico	38.116627	-81.010746
Hillsboro	38.138381	-80.210696
Hilltop	37.939194	-81.152684
Hinkleville	38.923937	-80.263515
Hinton	37.674595	-80.88113
Holden	37.819366	-82.081222
Hollygrove	38.191105	-81.393745
Hometown	38.528832	-81.855215
Hooverson Heights	40.315355	-80.581185
Hundred	39.683584	-80.45759
Huntersville	38.185963	-80.015188
Huntington	38.410651	-82.434689
Hurricane	38.427474	-82.018082
Huttonsville	38.713804	-79.976621
Iaeger	37.460144	-81.818455
Idamay	39.492501	-80.254748
Institute	38.379465	-81.765631
Inwood	39.353822	-78.055191
Itmann	37.570719	-81.409406
Jacksonburg	39.53587	-80.63866
Jane Lew	39.110783	-80.408009
Jefferson	38.377133	-81.78685
Junior	38.976606	-79.95259
Justice	37.601371	-81.833685
Justice Addition	37.889892	-81.992983
Kanawha	39.204145	-81.457794
Kenova	38.402246	-82.5821
Kermit	37.842461	-82.408643
Keyser	39.439397	-78.982126
Keystone	37.415809	-81.446167
Kimball	37.419971	-81.514949
Kimberly	38.140762	-81.296696
Kincaid	38.041381	-81.276256
Kingwood	39.471953	-79.68225
Kistler	37.764584	-81.851457
Kopperston	37.749562	-81.576507
Lashmeet	37.422771	-81.196733
Lavalette	38.32237	-82.447893
Leon	38.748076	-81.954469
Lesage	38.486675	-82.282256
Lester	37.732043	-81.302734
Lewisburg	37.809397	-80.432601
Littleton	39.704498	-80.515857
Logan	37.851894	-81.98813
Lost Creek	39.1627	-80.348419
Lubeck	39.230239	-81.612388
Lumberport	39.374162	-80.348328
Mabscott	37.76896	-81.213291
MacArthur	37.747885	-81.20249
McConnell	37.828562	-81.963829
McMechen	39.986517	-80.733493
Madison	38.064192	-81.794917
Malden	38.300794	-81.557963
Mallory	37.727581	-81.81829
Man	37.743892	-81.880378
Mannington	39.528695	-80.34049
Marlinton	38.224097	-80.087547
Marmet	38.245726	-81.575407
Martinsburg	39.457769	-77.978212
Mason	39.016476	-82.032975
Masontown	39.551167	-79.800284
Matewan	37.622251	-82.159266
Matheny	37.663535	-81.598569
Matoaka	37.4182	-81.241802
Maybeury	37.366561	-81.357999
Meadow Bridge	37.861627	-80.857064
Middlebourne	39.494888	-80.910576
Middleway	39.303519	-77.980578
Mill Creek	38.731941	-79.972492
Milton	38.438008	-82.145992
Mineralwells	39.181198	-81.513616
Mitchell Heights	37.908697	-81.986598
Monaville	37.814588	-81.989277
Monongah	39.458342	-80.220774
Montcalm	37.352245	-81.249309
Montgomery	38.173414	-81.319698
Montrose	39.067254	-79.814322
Moorefield	39.067419	-78.962411
Morgantown	39.637487	-79.946856
Moundsville	39.922132	-80.742115
Mount Carbon	38.143707	-81.288943
Mount Gay-Shamrock	37.850933	-82.02302
Mount Hope	37.896837	-81.172213
Mullens	37.582507	-81.386178
Neibert	37.783332	-81.930842
Nettie	38.217495	-80.699277
Newark	39.120146	-81.387428
Newburg	39.388852	-79.853601
New Cumberland	40.526958	-80.616868
Newell	40.615887	-80.597794
New Haven	38.988208	-81.967318
New Martinsville	39.645553	-80.86267
New Richmond	37.574389	-81.486389
Nitro	38.411614	-81.807811
Northfork	37.419576	-81.427422
North Hills	39.315121	-81.508831
Norton	38.931595	-79.969108
Nutter Fort	39.260356	-80.326522
Oak Hill	37.971976	-81.157887
Oakvale	37.332144	-80.972913
Oceana	37.693434	-81.629862
Omar	37.757579	-81.997961
Osage	39.65934	-80.00692
Paden City	39.60303	-80.935351
Page	38.052384	-81.273043
Pageton	37.362729	-81.463128
Parcoal	38.460516	-80.373231
Parkersburg	39.261278	-81.54335
Parsons	39.094489	-79.678486
Paw Paw	39.531351	-78.455275
Pax	37.909872	-81.264821
Peach Creek	37.87755	-81.978302
Pea Ridge	38.41891	-82.321114
Pennsboro	39.284101	-80.966088
Pentress	39.711623	-80.170951
Petersburg	38.995684	-79.127692
Peterstown	37.398976	-80.795017
Philippi	39.147291	-80.050381
Pickens	38.655874	-80.216013
Piedmont	39.477811	-79.046543
Pinch	38.406404	-81.4772
Pine Grove	39.56352	-80.684763
Pineville	37.584535	-81.536384
Piney View	37.840851	-81.127683
Pleasant Valley	39.453046	-80.155369
Poca	38.474411	-81.811927
Point Pleasant	38.850227	-82.131978
Powellton	38.094116	-81.322006
Pratt	38.207558	-81.387342
Prichard	38.236833	-82.60387
Prince	37.856018	-81.086217
Princeton	37.368782	-81.096206
Prosperity	37.8382	-81.196801
Pullman	39.188015	-80.948995
Quinwood	38.058489	-80.705935
Rachel	39.518954	-80.298958
Racine	38.13969	-81.653523
Rainelle	37.967962	-80.770816
Raleigh	37.757362	-81.16939
Rand	38.281628	-81.565351
Ranson corporation	39.310061	-77.88305
Ravenswood	38.956291	-81.761981
Raymond City	38.486168	-81.819272
Raysal	37.342191	-81.77267
Reader	39.566975	-80.729538
Red Jacket	37.648768	-82.131575
Reedsville	39.510283	-79.800531
Reedy	38.899692	-81.426347
Reynoldsville	39.291558	-80.441255
Rhodell	37.609517	-81.30505
Richwood	38.222444	-80.537959
Ridgeley	39.641266	-78.772933
Ripley	38.821616	-81.709312
Rivesville	39.532165	-80.120618
Robinette	37.784917	-81.784145
Rock Cave	38.840365	-80.337525
Roderfield	37.450959	-81.700137
Romney	39.344549	-78.755804
Ronceverte	37.751134	-80.469757
Rossmore	37.804558	-81.993016
Rowlesburg	39.34881	-79.676656
Rupert	37.964805	-80.686786
St. Albans	38.377616	-81.819251
St. George	39.166579	-79.696771
St. Marys	39.394428	-81.203673
Salem	39.28494	-80.564476
Salt Rock	38.330057	-82.212744
Sand Fork	38.915481	-80.746467
Sarah Ann	37.708525	-81.988079
Scarbro	37.951078	-81.170611
Shady Spring	37.701617	-81.092014
Shannondale	39.212602	-77.810685
Shenandoah Junction	39.348875	-77.836813
Shepherdstown	39.431905	-77.804651
Shinnston	39.392253	-80.298997
Shrewsbury	38.207534	-81.467357
Sissonville	38.501983	-81.635929
Sistersville	39.55982	-80.998702
Smithers	38.165811	-81.297484
Smithfield	39.494863	-80.559986
Sophia	37.707311	-81.25359
South Charleston	38.340769	-81.710849
Spelter	39.343177	-80.316362
Spencer	38.800044	-81.353401
Sprague	37.793794	-81.182178
Springfield	39.443627	-78.697559
Stanaford	37.812004	-81.14489
Star City	39.659156	-79.986625
Stollings	37.840299	-81.958434
Stonewood	39.250122	-80.305443
Summersville	38.287027	-80.841491
Sutton	38.667772	-80.713461
Switzer	37.78681	-81.984432
Sylvester	38.008031	-81.561676
Teays Valley	38.447336	-81.92442
Terra Alta	39.444278	-79.543641
Thomas	39.14488	-79.495419
Thurmond	37.963308	-81.080877
Tioga	38.422018	-80.654915
Tornado	38.326954	-81.857447
Triadelphia	40.043174	-80.618284
Tunnelton	39.392886	-79.746578
Twilight	37.925321	-81.61456
Union	37.590736	-80.540015
Valley Bend	38.769396	-79.927943
Valley Grove	40.086261	-80.577049
Valley Head	38.547143	-80.031884
Van	37.970223	-81.71774
Verdunville	37.856067	-82.058131
Vienna	39.322849	-81.529805
Vivian	37.417194	-81.492163
Wallace	39.407242	-80.491101
War	37.309985	-81.676251
Wardensville	39.078767	-78.590305
Washington	39.245165	-81.658796
Waverly	39.332733	-81.381288
Wayne	38.229805	-82.441555
Weirton	40.406331	-80.56558
Welch	37.428132	-81.591454
Wellsburg	40.280882	-80.610647
West Dunbar	38.372143	-81.755829
West Hamlin	38.284874	-82.197814
West Liberty	40.164439	-80.597091
West Logan	37.867879	-81.990648
West Milford	39.204444	-80.40338
Weston	39.038762	-80.462208
Westover	39.63377	-79.989963
West Union	39.296785	-80.77602
Wheeling	40.073753	-80.696027
White Hall	39.421753	-80.185711
White Sulphur Springs	37.799327	-80.3009
Whitesville	37.979575	-81.534642
Whitmer	38.814893	-79.545076
Wiley Ford	39.615175	-78.761355
Williamson	37.674102	-82.271077
Williamstown	39.398311	-81.454551
Windsor Heights	40.191326	-80.664736
Winfield	38.526653	-81.885482
Wolf Summit	39.282134	-80.462107
Womelsdorf (Coalton)	38.89802	-79.963734
Worthington	39.457677	-80.26399
Abbotsford	44.943493	-90.317322
Abrams	44.779625	-88.060383
Adams	43.95524	-89.816548
Adell	43.620354	-87.945886
Albany	42.707073	-89.436918
Algoma	44.605677	-87.448008
Allens Grove	42.578287	-88.76679
Allenton	43.421854	-88.344829
Allouez	44.472257	-88.026237
Alma	44.33981	-91.918498
Alma Center	44.437026	-90.912848
Almena	45.414923	-92.03832
Almond	44.261011	-89.408638
Alto	43.667638	-88.792355
Altoona	44.799963	-91.439585
Amberg	45.506075	-87.987589
Amery	45.30459	-92.363356
Amherst	44.448329	-89.281683
Amherst Junction	44.468509	-89.31722
Angelica	44.675029	-88.321566
Aniwa	45.009987	-89.207946
Antigo	45.141269	-89.155225
Appleton	44.278873	-88.388284
Arcadia	44.248573	-91.491567
Arena	43.163628	-89.907397
Argonne	45.658219	-88.877747
Argyle	42.70142	-89.865697
Arkansaw	44.63431	-92.021072
Arkdale	44.026185	-89.88609
Arlington	43.335052	-89.372573
Arpin	44.539381	-90.031512
Ashippun	43.218213	-88.515942
Ashland	46.58176	-90.871898
Ashwaubenon	44.479409	-88.08748
Athens	45.034871	-90.07921
Auburndale	44.626596	-90.014405
Augusta	44.678402	-91.120314
Avoca	43.187676	-90.326345
Babcock	44.304401	-90.107649
Bagley	42.901349	-91.095435
Baileys Harbor	45.067089	-87.135538
Baldwin	44.954448	-92.37152
Balsam Lake	45.462041	-92.447066
Bancroft	44.308554	-89.506181
Bangor	43.893715	-90.993385
Baraboo	43.469408	-89.737289
Barneveld	43.011704	-89.896823
Barron	45.402192	-91.84435
Barronett	45.636229	-91.993745
Batavia	43.592342	-88.048365
Bay City	44.589297	-92.453455
Bayfield	46.816135	-90.824838
Bayfront	46.623539	-90.78962
Bayside	43.182584	-87.901705
Bear Creek	44.531318	-88.727536
Beaver Dam	43.468105	-88.8309
Belgium	43.501807	-87.847551
Bell Center	43.291866	-90.825505
Belleville	42.864018	-89.539616
Bellevue	44.460769	-87.955933
Belmont	42.73767	-90.334326
Beloit	42.523506	-89.01766
Benton	42.570006	-90.38345
Berlin	43.969729	-88.950033
Big Bend	42.883895	-88.203596
Big Falls	44.615607	-89.020239
Big Foot Prairie	42.495538	-88.601691
Birch Hill	46.520821	-90.555457
Birchwood	45.657679	-91.550616
Birnamwood	44.931882	-89.209503
Biron	44.428356	-89.765765
Black Creek	44.474519	-88.450191
Black Earth	43.134619	-89.747354
Black River Falls	44.298452	-90.842787
Blair	44.327131	-91.299402
Blanchardville	42.810443	-89.860576
Bloomer	45.102828	-91.49154
Bloomfield	42.549037	-88.351773
Bloomington	42.893141	-90.926501
Blue Mounds	43.017777	-89.826859
Blue River	43.184416	-90.571829
Bluffview	43.362463	-89.773743
Boaz	43.329925	-90.527653
Bohners Lake	42.622027	-88.28426
Bonduel	44.737994	-88.45135
Boscobel	43.147132	-90.705141
Boulder Junction	46.1148	-89.654438
Bowler	44.862729	-88.981379
Boyceville	45.042815	-92.038473
Boyd	44.953281	-91.039766
Brandon	43.73542	-88.782116
Brice Prairie	43.937526	-91.307364
Briggsville	43.660293	-89.592846
Brillion	44.17351	-88.067823
Bristol	42.532323	-88.009098
Brodhead	42.616836	-89.375604
Brookfield	43.06432	-88.117794
Brooklyn	42.849596	-89.37639
Brothertown	43.974964	-88.317467
Brown Deer	43.174327	-87.974959
Browns Lake	42.689527	-88.237726
Brownsville	43.614608	-88.495215
Browntown	42.578789	-89.789406
Bruce	45.463455	-91.279266
Brule	46.55843	-91.570892
Buffalo City	44.223161	-91.865888
Burlington	42.675249	-88.271871
Burnett	43.506496	-88.708441
Butler	43.108448	-88.072232
Butte des Morts	44.10626	-88.657269
Butternut	46.013304	-90.497426
Cable	46.201093	-91.293667
Cadott	44.949802	-91.15376
Caledonia	42.797411	-87.877405
Cambria	43.541358	-89.111482
Cambridge	43.006555	-89.021412
Cameron	45.403592	-91.73975
Campbellsport	43.597512	-88.280598
Camp Douglas	43.919721	-90.269703
Caroline	44.723175	-88.89857
Cascade	43.661474	-88.008806
Casco	44.555185	-87.620283
Cashton	43.741217	-90.786628
Cassville	42.715172	-90.989137
Cataract	44.086735	-90.838414
Catawba	45.537104	-90.533516
Cazenovia	43.525252	-90.20404
Cecil	44.81137	-88.449276
Cedarburg	43.299923	-87.988438
Cedar Grove	43.568247	-87.822969
Ceex Haci	44.281796	-89.965021
Centuria	45.448691	-92.557894
Chain O' Lakes	44.33203	-89.162767
Chaseburg	43.661131	-91.095895
Chelsea	45.292855	-90.305354
Chenequa	43.123134	-88.381387
Chetek	45.316064	-91.653232
Chief Lake	45.938728	-91.335895
Chili	44.633455	-90.36191
Chilton	44.030188	-88.161667
Chippewa Falls	44.934653	-91.389165
Clam Lake	46.154438	-90.905809
Clarks Mills	44.091142	-87.862627
Clayton	45.327452	-92.164524
Clear Lake	45.24798	-92.267805
Cleveland	43.918064	-87.749809
Clinton	42.557474	-88.868055
Clintonville	44.62212	-88.751714
Clyman	43.311651	-88.72307
Cobb	42.966665	-90.328485
Cochrane	44.227092	-91.841075
Colby	44.911327	-90.315729
Coleman	45.066998	-88.035661
Colfax	44.996966	-91.725513
Collins	44.085671	-87.981124
Coloma	44.038651	-89.531148
Columbus	43.336805	-89.029988
Combined Locks	44.261995	-88.309534
Como	42.613055	-88.486115
Conrath	45.384185	-91.035708
Coon Valley	43.701893	-91.011415
Cornell	45.163817	-91.150436
Cornucopia	46.856681	-91.108144
Cottage Grove	43.092222	-89.205337
Couderay	45.797438	-91.296704
Crandon	45.5678	-88.895537
Crivitz	45.233959	-88.00696
Cross Plains	43.115026	-89.647119
Cuba City	42.603615	-90.431798
Cudahy	42.946711	-87.864016
Cumberland	45.536073	-92.024753
Curtiss	44.952767	-90.439585
Dale	44.27566	-88.673017
Dallas	45.258178	-91.814619
Dalton	43.6564	-89.207633
Danbury	46.009548	-92.376323
Dane	43.2461	-89.499577
Darien	42.600733	-88.712757
Darlington	42.676562	-90.120056
Deerfield	43.049181	-89.076153
Deer Park	45.18854	-92.388687
DeForest	43.227335	-89.345702
Dekorra	43.453876	-89.460309
Delafield	43.067421	-88.388833
Delavan	42.630455	-88.629781
Delavan Lake	42.598884	-88.624497
Dellwood	43.945106	-89.928003
Denmark	44.349336	-87.831198
De Pere	44.43099	-88.079936
De Soto	43.429061	-91.196334
Diamond Bluff	44.648888	-92.618884
Diaperville	46.604782	-90.713502
Dickeyville	42.624653	-90.591336
Dodge	44.134381	-91.549335
Dodgeville	42.966006	-90.129704
Dorchester	45.001426	-90.331157
Dousman	43.009381	-88.47557
Downing	45.04982	-92.124322
Downsville	44.775055	-91.928659
Doylestown	43.428274	-89.146858
Dresser	45.363176	-92.634675
Drummond	46.343697	-91.249894
Dunbar	45.646709	-88.179716
Durand	44.622405	-91.960308
Dyckesville	44.640309	-87.764824
Eagle	42.882243	-88.463377
Eagle Lake	42.695587	-88.128844
Eagle River	45.924695	-89.257779
Eastman	43.165171	-91.032768
Easton	43.836023	-89.799125
East Troy	42.785184	-88.395573
Eau Claire	44.818343	-91.494769
Eden	43.694065	-88.366064
Edgar	44.922851	-89.962611
Edgerton	42.838947	-89.069571
Edmund	42.966221	-90.264438
Egg Harbor	45.051314	-87.304882
Eland	44.866947	-89.208962
Elcho	45.436765	-89.188825
Elderon	44.787402	-89.252117
Eleva	44.576566	-91.470254
Elkhart Lake	43.83143	-88.013801
Elkhorn	42.671601	-88.536256
Elk Mound	44.874421	-91.686238
Ellison Bay	45.255326	-87.072914
Ellsworth	44.736178	-92.480249
Elm Grove	43.04752	-88.087029
Elmwood	44.780073	-92.14897
Elmwood Park	42.691254	-87.822051
Elroy	43.741562	-90.270172
Embarrass	44.670484	-88.703189
Emerald	45.086675	-92.249478
Endeavor	43.714386	-89.469166
Ephraim	45.167749	-87.172619
Ettrick	44.169553	-91.265042
Eureka	44.011625	-88.841388
Evansville	42.778067	-89.29598
Exeland	45.667431	-91.241478
Fairchild	44.605234	-90.956722
Fairwater	43.742542	-88.866939
Fall Creek	44.763962	-91.277797
Fall River	43.385851	-89.045468
Fennimore	42.979388	-90.64917
Fenwood	44.86578	-90.014578
Ferryville	43.353312	-91.095659
Fitchburg	42.985782	-89.425334
Florence	45.92786	-88.235237
Fond du Lac	43.772182	-88.440264
Fontana-on-Geneva Lake	42.545215	-88.56604
Footville	42.671452	-89.20841
Forest Junction	44.214763	-88.149581
Forestville	44.690892	-87.478355
Fort Atkinson	42.923982	-88.845488
Fountain City	44.11876	-91.689804
Fox Crossing	44.223603	-88.479075
Fox Lake	43.561568	-88.914752
Fox Point	43.158126	-87.901392
Francis Creek	44.200532	-87.720911
Franklin	42.883879	-88.011548
Franks Field	46.552163	-90.598917
Frederic	45.652709	-92.462591
Fredonia	43.471703	-87.947135
Fremont	44.259933	-88.870137
French Island	43.858653	-91.260837
Friendship	43.971746	-89.820016
Friesland	43.587632	-89.06555
Fulton	42.805338	-89.125859
Galesville	44.084289	-91.357518
Gays Mills	43.330114	-90.846233
Genoa	43.573338	-91.226053
Genoa City	42.5065	-88.319271
Germantown	43.234527	-88.124999
Gibbsville	43.649117	-87.834943
Gillett	44.88992	-88.306176
Gilman	45.166194	-90.807217
Gilmanton	44.480867	-91.672104
Glenbeulah	43.798394	-88.046792
Glendale	43.126142	-87.927195
Glen Flora	45.496957	-90.893479
Glen Haven	42.83574	-91.060752
Glenwood City	45.052075	-92.165802
Glidden	46.134673	-90.572127
Goodman	45.619363	-88.351413
Gordon	46.240032	-91.799517
Gotham	43.222488	-90.296957
Grafton	43.32067	-87.947627
Grand Marsh	43.885247	-89.707156
Grand View	46.368042	-91.103438
Granton	44.588311	-90.460426
Grantsburg	45.78379	-92.677329
Gratiot	42.579777	-90.023796
Green Bay	44.521542	-87.986568
Greenbush	43.778076	-88.094123
Greendale	42.939993	-88.000857
Greenfield	42.960604	-88.00567
Green Lake	43.842785	-88.95579
Greenleaf	44.316937	-88.097169
Green Valley	44.796922	-88.268174
Greenville	44.284135	-88.547272
Greenwood	44.765376	-90.598951
Gresham	44.84861	-88.786076
Hager City	44.602063	-92.533469
Hales Corners	42.941231	-88.0495
Hammond	44.969023	-92.438072
Hancock	44.133308	-89.520954
Hanover	42.638884	-89.171034
Harrison	44.192246	-88.294059
Harrisville	43.88429	-89.409885
Hartford	43.322467	-88.377737
Hartland	43.102352	-88.335595
Hatfield	44.416937	-90.751111
Hatley	44.886494	-89.337101
Haugen	45.607593	-91.778588
Hawkins	45.511853	-90.717153
Hayward	46.006588	-91.489684
Hazel Green	42.534165	-90.436081
Hebron	42.918787	-88.689478
Helenville	43.016537	-88.699897
Herbster	46.842197	-91.2419
Hewitt	44.642486	-90.104834
Highland	43.047477	-90.380085
Hilbert	44.141492	-88.161084
Hillsboro	43.656497	-90.334389
Hingham	43.654278	-87.910623
Hixton	44.383081	-91.0148
Hobart	44.495441	-88.155601
Holcombe	45.222301	-91.120552
Hollandale	42.874972	-89.9335
Holmen	43.970921	-91.265874
Horicon	43.445001	-88.640328
Hortonville	44.335766	-88.636599
Houlton	45.065942	-92.788487
Howard	44.568621	-88.071724
Howards Grove	43.82974	-87.820326
Hudson	44.963882	-92.730253
Humbird	44.531283	-90.879166
Hurley	46.444285	-90.211266
Hustisford	43.342696	-88.603471
Hustler	43.877286	-90.265801
Independence	44.309824	-91.42071
Ingram	45.505624	-90.813687
Iola	44.509708	-89.117218
Iron Belt	46.403009	-90.319218
Iron Ridge	43.398061	-88.531928
Iron River	46.579326	-91.39985
Ironton	43.544188	-90.145467
Ixonia	43.137193	-88.596316
Jackson	43.319883	-88.164117
Janesville	42.684698	-89.01317
Jefferson	43.003955	-88.808473
Jim Falls	45.047823	-91.271888
Johnson Creek	43.079053	-88.771069
Jolmaville	46.433051	-90.749832
Juda	42.589961	-89.50922
Jump River	45.355532	-90.796445
Junction City	44.594933	-89.769656
Juneau	43.402904	-88.703256
Kaukauna	44.276791	-88.263857
Kekoskee	43.500597	-88.584595
Kellnersville	44.225167	-87.803115
Kendall	43.792669	-90.367649
Kennan	45.530074	-90.586831
Kenosha	42.587526	-87.879996
Keshena	44.866782	-88.585289
Kewaskum	43.517649	-88.230607
Kewaunee	44.463574	-87.521699
Kiel	43.91602	-88.026497
Kieler	42.582306	-90.605183
Kimberly	44.26676	-88.338004
King	44.342086	-89.12485
Kingston	43.693268	-89.131469
Knapp	44.948898	-92.080767
Knowlton	44.718188	-89.680363
Kohler	43.739983	-87.776838
Krakow	44.758507	-88.261086
Kronenwetter	44.819893	-89.588673
Lac du Flambeau	45.962279	-89.896865
Lac La Belle	43.145515	-88.517334
La Crosse	43.824685	-91.224616
Ladysmith	45.460974	-91.097573
La Farge	43.578243	-90.638265
Lake Arrowhead	44.203602	-89.844627
Lake Camelot	44.212774	-89.763025
Lake Delton	43.591986	-89.783139
Lake Geneva	42.583346	-88.428454
Lake Hallie	44.891691	-91.420333
Lake Ivanhoe	42.57924	-88.335973
Lake Koshkonong	42.860502	-88.940129
Lake Lorraine	42.73038	-88.740323
Lake Mills	43.077639	-88.906411
Lake Nebagamon	46.497748	-91.704353
Lake Ripley	43.008632	-88.990254
Lake Sherwood	44.206264	-89.788058
Lake Tomahawk	45.809175	-89.577404
Lake Wazeecha	44.37087	-89.749231
Lake Wisconsin	43.36474	-89.59601
Lake Wissota	44.925954	-91.289635
Lakewood	45.300592	-88.514541
Lancaster	42.847348	-90.706484
Lannon	43.15724	-88.158198
Laona	45.55968	-88.669656
Lauderdale Lakes	42.772349	-88.580552
La Valle	43.582669	-90.130171
Lebanon	43.257449	-88.632197
Legend Lake	44.895116	-88.543082
Lena	44.953037	-88.047325
Leopolis	44.765481	-88.844716
Lewis	45.721887	-92.392215
Lily Lake	42.565703	-88.209981
Lime Ridge	43.467579	-90.157692
Linden	42.918614	-90.274181
Little Chute	44.291128	-88.320399
Little Round Lake	45.969426	-91.368866
Little Sturgeon	44.842029	-87.57449
Livingston	42.900095	-90.43368
Lodi	43.315531	-89.539889
Loganville	43.43702	-90.037365
Lohrville	44.038153	-89.121158
Lomira	43.594248	-88.443216
Lone Rock	43.18567	-90.201286
Long Lake	45.843027	-88.667306
Lowell	43.333564	-88.813704
Loyal	44.736526	-90.495618
Lublin	45.074915	-90.723808
Luck	45.576753	-92.462503
Luxemburg	44.54466	-87.706569
Lyndon Station	43.708788	-89.893654
Lynxville	43.252721	-91.049379
Lyons	42.648231	-88.360114
McFarland	43.019225	-89.28342
Madison	43.087815	-89.429856
Maiden Rock	44.567897	-92.309307
Maine	45.05803	-89.681321
Manawa	44.461517	-88.920464
Manitowoc	44.097981	-87.678945
Maple Bluff	43.117399	-89.37105
Marathon City	44.938991	-89.850095
Marengo	46.421926	-90.808097
Maribel	44.278597	-87.802126
Marinette	45.086794	-87.632443
Marion	44.677313	-88.902362
Markesan	43.710826	-88.991214
Marquette	43.746408	-89.138354
Marshall	43.170486	-89.062647
Marshfield	44.663291	-90.171736
Mason	46.436319	-91.05984
Mattoon	45.004617	-89.041093
Mauston	43.799976	-90.079554
Mayville	43.498154	-88.547639
Mazomanie	43.17245	-89.795308
Medford	45.135634	-90.342467
Mellen	46.323977	-90.660454
Melrose	44.131154	-90.996919
Melvina	43.802449	-90.781459
Menasha	44.212338	-88.427357
Menomonee Falls	43.159411	-88.121548
Menomonie	44.8892	-91.90957
Mequon	43.211357	-88.014237
Mercer	46.161334	-90.041842
Merrill	45.180635	-89.700339
Merrillan	44.450575	-90.834467
Merrimac	43.375581	-89.626862
Merton	43.143682	-88.312344
Middleton	43.106959	-89.50634
Middle Village	44.926491	-88.717814
Milladore	44.605625	-89.855161
Millston	44.189264	-90.645691
Milltown	45.521082	-92.498503
Milton	42.774675	-88.939991
Milwaukee	43.063348	-87.966695
Mindoro	44.020139	-91.101926
Mineral Point	42.863154	-90.181378
Minocqua	45.879211	-89.703617
Minong	46.098978	-91.825949
Mishicot	44.228533	-87.639805
Mission	44.345353	-90.763086
Mole Lake	45.486128	-88.975622
Mondovi	44.570255	-91.666851
Monona	43.053873	-89.333513
Monroe	42.602937	-89.638043
Montello	43.794357	-89.333183
Montfort	42.969867	-90.433251
Monticello	42.744662	-89.590257
Montreal	46.433177	-90.241935
Mosinee	44.79182	-89.684328
Mountain	45.186387	-88.468086
Mount Calvary	43.823838	-88.241105
Mount Hope	42.969635	-90.859559
Mount Horeb	43.006003	-89.731543
Mount Pleasant	42.708832	-87.884894
Mount Sterling	43.31619	-90.929223
Mukwonago	42.852988	-88.320626
Muscoda	43.186419	-90.4319
Muskego	42.871356	-88.13432
Nashotah	43.088811	-88.407958
Navarino	44.610914	-88.493352
Necedah	44.022091	-90.075051
Neenah	44.164925	-88.479628
Neillsville	44.560316	-90.590781
Nekoosa	44.313177	-89.907891
Nelson	44.419593	-91.997308
Nelsonville	44.490214	-89.303542
Neopit	44.984688	-88.814575
Neosho	43.307141	-88.521184
Neshkoro	43.965128	-89.215764
Newald	45.739576	-88.700487
New Auburn	45.198779	-91.566342
New Berlin	42.972	-88.129168
Newburg	43.432257	-88.047925
New Glarus	42.813107	-89.633698
New Holstein	43.949222	-88.094881
New Lisbon	43.875292	-90.162379
New London	44.39591	-88.73861
New Munster	42.575763	-88.231108
New Odanah	46.598621	-90.650817
New Post	45.902783	-91.207142
New Richmond	45.125239	-92.537135
Niagara	45.779259	-88.003197
Nichols	44.567202	-88.467799
North Bay	42.764171	-87.780619
North Fond du Lac	43.811004	-88.48549
North Freedom	43.457966	-89.853833
North Hudson	44.995765	-92.754998
North Lake	43.155297	-88.367406
Northport	44.405015	-88.811252
North Prairie	42.940891	-88.402108
Norwalk	43.834174	-90.626854
Oak Creek	42.878693	-87.898676
Oakdale	43.962167	-90.379118
Oakfield	43.684063	-88.548571
Oconomowoc	43.100435	-88.492688
Oconomowoc Lake	43.103817	-88.449738
Oconto	44.892663	-87.868509
Oconto Falls	44.875324	-88.145489
Odanah	46.594079	-90.677951
Ogdensburg	44.457205	-89.024327
Ogema	45.456606	-90.300279
Okauchee Lake	43.125867	-88.439173
Oliver	46.64577	-92.184673
Omro	44.038973	-88.736994
Onalaska	43.889658	-91.204356
Ontario	43.721919	-90.593219
Oostburg	43.624134	-87.788108
Oregon	42.925209	-89.389108
Orfordville	42.629367	-89.257284
Osceola	45.319283	-92.695892
Oshkosh	44.023168	-88.56226
Osseo	44.579831	-91.213829
Owen	44.94909	-90.561117
Oxford	43.780372	-89.563582
Paac Ciinak	44.857952	-89.155069
Packwaukee	43.765302	-89.45979
Paddock Lake	42.570528	-88.106783
Palmyra	42.881211	-88.598107
Pardeeville	43.537272	-89.302647
Park Falls	45.936339	-90.444272
Park Ridge	44.519992	-89.546272
Patch Grove	42.940288	-90.972343
Pella	44.743504	-88.822441
Pembine	45.636676	-87.991306
Pence	46.410323	-90.2695
Pepin	44.44278	-92.147668
Peshtigo	45.056922	-87.744077
Pewaukee	43.066141	-88.244465
Pewaukee	43.086874	-88.256388
Phillips	45.694035	-90.40142
Pigeon Falls	44.424587	-91.208341
Pine River	44.148598	-89.075882
Pittsville	44.441673	-90.136571
Plain	43.277195	-90.042668
Plainfield	44.217499	-89.496926
Platteville	42.727931	-90.468102
Pleasant Prairie	42.526679	-87.888302
Plover	44.46202	-89.537971
Plum City	44.635583	-92.191705
Plymouth	43.745274	-87.965322
Polonia	44.580548	-89.410626
Poplar	46.581849	-91.782321
Portage	43.548951	-89.465866
Port Edwards	44.343156	-89.854402
Port Washington	43.384921	-87.884134
Port Wing	46.775588	-91.380612
Post Lake	45.430458	-89.090342
Potosi	42.685515	-90.707743
Potter	44.118481	-88.101704
Potter Lake	42.820148	-88.343133
Pound	45.098946	-88.032449
Powers Lake	42.541483	-88.295976
Poynette	43.392165	-89.404787
Poy Sippi	44.136658	-88.998117
Prairie du Chien	43.043341	-91.137332
Prairie du Sac	43.293928	-89.735231
Prairie Farm	45.236352	-91.98003
Prentice	45.541224	-90.292805
Prescott	44.753374	-92.788975
Princeton	43.855852	-89.124859
Pulaski	44.668206	-88.234279
Pulcifer	44.849906	-88.362989
Racine	42.725569	-87.814224
Radisson	45.767476	-91.217417
Randolph	43.539472	-89.002811
Random Lake	43.554748	-87.957765
Raymond	42.799157	-88.010847
Readstown	43.448745	-90.759082
Redgranite	44.053283	-89.115869
Reedsburg	43.535051	-89.995509
Reedsville	44.15253	-87.951806
Reeseville	43.306173	-88.84455
Reserve	45.823074	-91.365221
Rewey	42.841865	-90.396108
Rhinelander	45.636129	-89.425517
Rib Lake	45.319514	-90.20224
Rib Mountain	44.917565	-89.692285
Rice Lake	45.481992	-91.745762
Richfield	43.23939	-88.234017
Richland Center	43.340476	-90.38342
Ridgeland	45.198063	-91.897959
Ridgeway	42.998424	-89.992575
Rio	43.452161	-89.241591
Ripon	43.84356	-88.837936
River Falls	44.860401	-92.625286
River Hills	43.17348	-87.933849
Roberts	44.961869	-92.547663
Rochester	42.732913	-88.250323
Rockdale	42.969984	-89.03055
Rock Falls	44.715651	-91.699258
Rockland	43.907594	-90.916581
Rock Springs	43.478726	-89.926906
Rome	42.985323	-88.649857
Rosendale	43.808905	-88.671236
Rosholt	44.630177	-89.305189
Rothschild	44.873714	-89.61975
Rubicon	43.337226	-88.452554
Rudolph	44.497198	-89.801808
St. Cloud	43.822438	-88.171707
St. Croix Falls	45.41137	-92.624694
St. Francis	42.970968	-87.871702
St. Joseph	43.785465	-91.043627
St. Nazianz	44.007345	-87.924787
St. Peter	43.838283	-88.343335
Salem Lakes	42.536496	-88.133169
Sand Pillow	44.331306	-90.763742
Sandy Hook	42.546614	-90.616775
Sauk City	43.273272	-89.732456
Saukville	43.388946	-87.943896
Saxon	46.494084	-90.409955
Sayner	45.987754	-89.541914
Scandinavia	44.460733	-89.146542
Schofield	44.913348	-89.621478
Seneca	43.265826	-90.956582
Sextonville	43.279474	-90.292373
Seymour	44.819561	-91.436434
Seymour	44.514416	-88.32734
Sharon	42.498713	-88.730451
Shawano	44.777894	-88.586019
Sheboygan	43.738713	-87.731531
Sheboygan Falls	43.729279	-87.826235
Sheldon	45.311904	-90.956665
Shell Lake	45.72637	-91.910025
Sherwood	44.176933	-88.275019
Shiocton	44.445041	-88.57645
Shopiere	42.572183	-88.936206
Shorewood	43.091338	-87.886654
Shorewood Hills	43.07885	-89.446864
Shullsburg	42.573323	-90.234765
Siren	45.777829	-92.383151
Sister Bay	45.187097	-87.129354
Slinger	43.335395	-88.276454
Sobieski	44.722749	-88.065881
Soldiers Grove	43.392305	-90.773432
Solon Springs	46.347825	-91.829388
Somers	42.643242	-87.892166
Somerset	45.125706	-92.672961
South Milwaukee	42.912643	-87.862312
South Wayne	42.567588	-89.876146
Sparta	43.938249	-90.812705
Spencer	44.753615	-90.298465
Spooner	45.825917	-91.886125
Springbrook	45.946907	-91.688996
Springfield	42.640657	-88.413527
Spring Green	43.177577	-90.068837
Spring Valley	44.852311	-92.242932
Stanley	44.959383	-90.943719
Star Prairie	45.197508	-92.532121
Stetsonville	45.077056	-90.314273
Steuben	43.183354	-90.856936
Stevens Point	44.5253	-89.550377
Stockbridge	44.068447	-88.309707
Stockholm	44.490989	-92.272135
Stoddard	43.662514	-91.212852
Stone Lake	45.838934	-91.552094
Stoughton	42.923769	-89.222515
Stratford	44.797614	-90.070576
Strum	44.553205	-91.388642
Sturgeon Bay	44.822676	-87.369806
Sturtevant	42.6989	-87.901553
Suamico	44.626729	-88.033045
Sullivan	43.012343	-88.595331
Summit	43.046188	-88.477445
Summit Lake	45.376968	-89.198971
Sun Prairie	43.182622	-89.237824
Superior	46.692119	-92.080356
Superior	46.648749	-92.108872
Suring	45.000727	-88.369325
Sussex	43.134854	-88.226041
Tainter Lake	44.989094	-91.848207
Taycheedah	43.812533	-88.388613
Taylor	44.321748	-91.120505
Tennyson	42.690615	-90.686704
Theresa	43.516767	-88.453809
Thiensville	43.235436	-87.976832
Thornton	44.798508	-88.691213
Thorp	44.957957	-90.802185
Three Lakes	45.804495	-89.169056
Tichigan	42.808658	-88.215218
Tigerton	44.741631	-89.045934
Tilleda	44.815522	-88.912575
Tomah	43.98801	-90.50138
Tomahawk	45.478961	-89.711773
Tony	45.480315	-90.997158
Townsend	45.324031	-88.590417
Trego	45.905802	-91.83106
Trempealeau	44.002233	-91.428001
Tunnel City	44.004959	-90.567979
Turtle Lake	45.390622	-92.149832
Turtle Lake	42.732285	-88.67754
Tustin	44.169798	-88.896056
Twin Lakes	42.515576	-88.250369
Two Rivers	44.156137	-87.577352
Union Center	43.682589	-90.263336
Union Grove	42.686397	-88.049539
Unity	44.851124	-90.313074
Valders	44.068148	-87.885813
Van Dyne	43.886211	-88.49781
Vernon	42.879031	-88.266618
Verona	42.990061	-89.538868
Vesper	44.480488	-89.967618
Viola	43.508187	-90.674004
Viroqua	43.560474	-90.885985
Wabeno	45.439411	-88.658068
Waldo	43.677038	-87.9479
Wales	43.005837	-88.370357
Walworth	42.530514	-88.593932
Warrens	44.127397	-90.521063
Washburn	46.676651	-90.901287
Waterford	42.764397	-88.21667
Waterloo	43.183528	-88.990044
Watertown	43.189405	-88.72891
Waubeka	43.47021	-87.993466
Waukau	43.984548	-88.772057
Waukesha	43.009084	-88.245062
Waukesha	42.960422	-88.249314
Waumandee	44.302329	-91.705204
Waunakee	43.182861	-89.445293
Waupaca	44.350048	-89.070003
Waupun	43.631547	-88.737534
Wausau	44.961766	-89.646538
Wausaukee	45.378247	-87.954834
Wautoma	44.067377	-89.291119
Wauwatosa	43.063165	-88.035583
Wauzeka	43.085852	-90.898947
Webster	45.87978	-92.36283
West Allis	43.007186	-88.028986
West Baraboo	43.478204	-89.774078
West Bend	43.417492	-88.181685
Westboro	45.360796	-90.293396
Westby	43.652864	-90.858193
Westfield	43.885163	-89.492492
West Milwaukee	43.012437	-87.970984
Weston	44.89122	-89.549651
West Salem	43.898534	-91.087453
Weyauwega	44.323593	-88.933131
Weyerhaeuser	45.425644	-91.41524
Wheeler	45.043822	-91.89933
Whitefish Bay	43.113137	-87.900475
Whitehall	44.360516	-91.337802
White Lake	45.159693	-88.763418
Whitelaw	44.147561	-87.82669
Whitewater	42.837439	-88.734282
Whiting	44.490088	-89.560024
Whittlesey	45.220619	-90.323224
Wild Rose	44.178282	-89.244468
Williams Bay	42.578825	-88.545715
Wilson	44.958611	-92.170494
Wilton	43.813263	-90.52686
Winchester	44.198236	-88.659907
Wind Lake	42.827839	-88.154651
Wind Point	42.780392	-87.771599
Windsor	43.245704	-89.281518
Winneconne	44.111314	-88.711977
Winter	45.822142	-91.013043
Wiota	42.636743	-89.949317
Wisconsin Dells	43.638365	-89.77576
Wisconsin Rapids	44.392923	-89.826749
Withee	44.95082	-90.598831
Wittenberg	44.826885	-89.166606
Wonewoc	43.653477	-90.224242
Woodford	42.647308	-89.857206
Woodman	43.092512	-90.797753
Woodruff	45.894436	-89.691154
Woodville	44.948302	-92.285064
Wrightstown	44.327137	-88.175633
Wyeville	44.027851	-90.386077
Wyocena	43.493239	-89.301835
Yorkville	42.720098	-88.001389
Yuba	43.536455	-90.426772
Zoar	45.005484	-88.874832
Afton	42.72634	-110.932032
Albany	41.186857	-106.12549
Albin	41.416941	-104.101549
Alcova	42.553333	-106.729461
Alpine	43.160393	-111.014752
Alpine Northeast	43.193774	-111.007187
Alpine Northwest	43.183823	-111.035589
Alta	43.773624	-111.031262
Antelope Hills	43.081136	-106.312584
Arapahoe	42.992567	-108.45273
Arlington	41.605258	-106.199739
Arrowhead Springs	41.508174	-109.155085
Arvada	44.662179	-106.141976
Atlantic City	42.501195	-108.732896
Auburn	42.79694	-111.021506
Baggs	41.034658	-107.657281
Bairoil	42.237202	-107.561048
Bar Nunn	42.921992	-106.347429
Basin	44.380564	-108.047094
Bear River	41.385896	-111.027008
Bedford	42.89468	-110.928565
Bessemer Bend	42.756119	-106.517515
Beulah	44.545961	-104.08279
Big Horn	44.679076	-106.997071
Big Piney	42.540168	-110.119343
Bondurant	43.194859	-110.402577
Boulder	42.746142	-109.706729
Boulder Flats	42.915575	-108.799297
Brookhurst	42.860985	-106.228789
Buffalo	44.338545	-106.715344
Burlington	44.447065	-108.432023
Burns	41.190871	-104.359035
Byron	44.796737	-108.508463
Carpenter	41.045607	-104.36437
Carter	41.440444	-110.430327
Casper	42.84212	-106.321282
Casper Mountain	42.741555	-106.308146
Centennial	41.306844	-106.137607
Cheyenne	41.12727	-104.79022
Chugcreek	42.053475	-104.907902
Chugwater	41.755749	-104.822936
Clearmont	44.63985	-106.381297
Clearview Acres	41.584203	-109.280028
Cody	44.521242	-109.057469
Cokeville	42.079308	-110.951869
Cora	42.957661	-109.99159
Cowley	44.883452	-108.469272
Crowheart	43.33978	-109.229756
Daniel	42.865738	-110.076474
Dayton	44.873351	-107.262432
Deaver	44.889024	-108.596018
Diamondville	41.77701	-110.535188
Dixon	41.034896	-107.536144
Douglas	42.754773	-105.397802
Dubois	43.545964	-109.647628
East Thermopolis	43.644094	-108.197883
Eden	42.060165	-109.439152
Edgerton	43.413394	-106.247359
Elk Mountain	41.688298	-106.413501
El Rancho	42.26798	-105.04767
Encampment	41.208758	-106.794819
Esterbrook	42.406113	-105.385914
Ethete	43.00083	-108.723027
Etna	43.033434	-111.012948
Evanston	41.260088	-110.963739
Evansville	42.875985	-106.26775
Fairview	42.687079	-110.986632
Farson	42.154423	-109.424802
Fontenelle	42.003262	-110.062193
Fort Bridger	41.318335	-110.389387
Fort Laramie	42.213071	-104.517389
Fort Washakie	43.006905	-108.920417
Fox Farm-College	41.110562	-104.786988
Fox Park	41.080132	-106.153386
Frannie	44.971029	-108.62054
Freedom	42.985342	-111.029605
Garland	44.77772	-108.654155
Gillette	44.27258	-105.498936
Glendo	42.504863	-105.024987
Glenrock	42.856473	-105.862355
Granger	41.597934	-109.965232
Green River	41.512922	-109.470796
Greybull	44.486533	-108.055744
Grover	42.801989	-110.940544
Guernsey	42.264791	-104.742889
Hanna	41.869797	-106.559644
Hartrandt	42.883584	-106.349223
Hartville	42.327626	-104.7245
Hawk Springs	41.785252	-104.265083
Hillsdale	41.207977	-104.47439
Hill View Heights	43.814571	-104.150664
Hoback	43.307625	-110.744868
Homa Hills	42.99002	-106.384995
Hudson	42.902698	-108.581993
Hulett	44.683044	-104.59806
Huntley	41.931621	-104.144008
Hyattville	44.249778	-107.614964
Jackson	43.471936	-110.775267
James Town	41.563972	-109.536499
Jeffrey City	42.483044	-107.829134
Johnstown	43.113834	-108.689948
Kaycee	43.710039	-106.637276
Kelly	43.621897	-110.632051
Kemmerer	41.778484	-110.552817
Kirby	43.803284	-108.180972
La Barge	42.260779	-110.197203
LaGrange	41.638571	-104.162999
Lakeview North	42.096984	-104.958621
Lance Creek	43.04474	-104.663835
Lander	42.831276	-108.759894
Laramie	41.305955	-105.608637
Lingle	42.138673	-104.346039
Little America	41.549363	-109.884876
Lonetree	41.034403	-110.144045
Lost Springs	42.765165	-104.925492
Lovell	44.835801	-108.391889
Lucerne	43.718022	-108.18471
Lusk	42.761259	-104.458403
Lyman	41.32754	-110.297449
McKinnon	41.031441	-109.9383
Mammoth	44.97321	-110.692943
Manderson	44.269757	-107.964202
Manville	42.779448	-104.617446
Marbleton	42.557414	-110.100459
Meadow Acres	42.859353	-106.094617
Medicine Bow	41.899537	-106.201916
Meeteetse	44.157013	-108.853443
Midwest	43.410768	-106.277289
Mills	42.849882	-106.39083
Moorcroft	44.264483	-104.947564
Moose Wilson Road	43.531488	-110.834831
Mountain View	42.87744	-106.414668
Mountain View	41.272351	-110.334073
Newcastle	43.850271	-104.196487
Nordic	43.079317	-110.991324
North Rock Springs	41.669074	-109.287932
Oakley	41.750972	-110.526057
Opal	41.768055	-110.324078
Orin	42.651705	-105.177769
Osage	43.98482	-104.434645
Osmond	42.677715	-110.94076
Owl Creek	43.781866	-108.56782
Parkman	44.957086	-107.313456
Pavillion	43.244011	-108.689024
Pine Bluffs	41.180212	-104.074782
Pinedale	42.867585	-109.870527
Pine Haven	44.353395	-104.810453
Point of Rocks	41.683121	-108.775444
Powder Horn	44.691195	-106.972716
Powder River	43.052119	-106.990566
Powell	44.761783	-108.757581
Purple Sage	41.551396	-109.320193
Rafter J Ranch	43.430513	-110.791464
Ralston	44.706865	-108.885417
Ranchester	44.9076	-107.167323
Ranchettes	41.218794	-104.77297
Rawlins	41.78513	-107.224653
Red Butte	42.806204	-106.434625
Reliance	41.668198	-109.197696
Riverside	41.215414	-106.781343
Riverton	43.026256	-108.381303
Robertson	41.181571	-110.42739
Rock River	41.731739	-105.975146
Rock Springs	41.594704	-109.220922
Rolling Hills	42.903561	-105.843369
Ryan Park	41.313153	-106.489613
Saratoga	41.452392	-106.81173
Shell	44.534519	-107.784481
Sheridan	44.796219	-106.964166
Shoshoni	43.238066	-108.106792
Sinclair	41.776084	-107.11994
Slater	41.877633	-104.788709
Sleepy Hollow	44.232692	-105.430895
Smoot	42.618389	-110.91549
South Greeley	41.093131	-104.806622
South Park	43.4255	-110.798549
Star Valley Ranch	42.979688	-110.963521
Story	44.573079	-106.914173
Sundance	44.404823	-104.366209
Superior	41.759508	-108.964235
Table Rock	41.621985	-108.404046
Taylor	42.069202	-110.986308
Ten Sleep	44.035013	-107.448279
Teton Village	43.590679	-110.841978
Thayne	42.919679	-110.995529
Thermopolis	43.647615	-108.214538
Torrington	42.06505	-104.173528
Turnerville	42.862419	-110.900728
Upton	44.104017	-104.636538
Urie	41.308856	-110.335196
Van Tassell	42.664277	-104.091328
Veteran	41.962665	-104.38625
Vista West	42.86236	-106.436712
Wamsutter	41.667977	-107.979142
Warren AFB	41.147053	-104.86163
Washam	41.005604	-109.699135
Westview Circle	42.061641	-105.06758
Wheatland	42.051706	-104.959472
Whiting	42.00888	-104.971051
Wilson	43.475235	-110.914544
Woods Landing-Jelm	41.101461	-106.028802
Worland	44.020402	-107.961653
Wright	43.749153	-105.494834
Yoder	41.916978	-104.295389
Y-O Ranch	42.035162	-104.922969
